reference_number,reading_date,vendor,outdoor_temp_c,flow_temp_c,return_temp_c,dhw_actual_c,electrical_energy_kwh,thermal_energy_kwh,compressor_starts,defrost_cycles,error_code_raw,status_raw
 TH-02012,2026-06-01,A,17.2,30.8,23.7,47.6,1.81,6.6,8,0,,OK
 TH-02028,2026-06-01,A,17.2,33.4,28.1,46.5,1.86,6.8,11,0,,OK
 TH-02031,2026-06-01,A,17.2,31.8,26.0,51.9,1.22,4.8,11,0,,OK
 TH-02044,2026-06-01,A,17.2,31.7,24.8,49.7,0.98,3.1,8,0,,OK
 TH-02068,2026-06-01,A,17.2,31.2,24.5,50.3,1.97,7.3,11,0,,OK
 TH-02148,2026-06-01,B,17.2,,,,12857.3,,8,0,3104,2
 TH-02153,2026-06-01,B,17.2,32.8,27.4,,18977.5,,9,0,6021,0
 TH-02158,2026-06-01,B,17.2,,,,7020.8,,7,0,6021,0
 TH-02159,2026-06-01,B,17.2,,,,12025.2,,12,0,6021,0
 TH-02180,2026-06-01,B,17.2,,,,11557.8,,9,0,,0
 TH-02185,2026-06-01,B,17.2,,,,25174.8,,12,0,,0
 TH-02192,2026-06-01,B,17.2,,,,23327.4,,10,0,,0
 TH-02247,2026-06-01,B,17.2,,,,5426.6,,10,0,6021,0
 TH-02271,2026-06-01,B,17.2,,,,4891.8,,11,0,,0
 TH-02285,2026-06-01,B,17.2,,,,12770.0,,2,0,,0
 TH-02303,2026-06-01,C,17.2,,,,1.16,,,0,,warn
 TH-02336,2026-06-01,C,17.2,,,,1.61,,,0,,warn
 TH-02359,2026-06-01,C,17.2,,,,1.68,,,0,,OK
 TH-02366,2026-06-01,C,17.2,,,,1.64,,,0,,OK
 TH-02367,2026-06-01,C,17.2,30.8,,,0.97,,,0,,
 TH-02371,2026-06-01,C,17.2,,,,1.12,,,0,,
 TH-02381,2026-06-01,C,17.2,,,,1.48,,,0,,warn
 TH-02399,2026-06-01,C,17.2,,,,1.09,,,0,,OK
TH-02001,2026-06-01,A,17.2,31.8,24.6,50.1,1.42,5.3,8,0,,ok
TH-02002,2026-06-01,A,17.2,32.5,26.4,49.5,1.45,4.7,13,0,,OK
TH-02004,2026-06-01,A,17.2,31.8,26.2,46.9,2.23,7.1,11,0,,ok
TH-02005,2026-06-01,A,17.2,33.4,28.3,52.8,0.87,3.0,8,0,,ok
TH-02006,2026-06-01,A,17.2,32.2,24.8,50.4,1.24,5.4,10,0,,OK
TH-02007,2026-06-01,A,17.2,32.9,28.0,52.3,0.93,3.7,9,0,,ok
TH-02008,2026-06-01,A,17.2,30.8,25.8,49.8,1.41,5.4,2,0,,ok
TH-02009,2026-06-01,A,17.2,31.1,24.8,47.0,2.1,7.5,10,0,,ok
TH-02011,2026-06-01,A,17.2,32.5,25.6,50.9,1.14,4.8,5,0,,OK
TH-02015,2026-06-01,A,17.2,33.2,26.3,52.6,1.28,4.4,11,0,,OK
TH-02016,2026-06-01,A,17.2,33.0,28.3,50.5,1.53,6.5,9,0,,OK
TH-02019,2026-06-01,A,17.2,-999,27.0,48.4,1.41,4.5,5,0,,OK
TH-02020,2026-06-01,A,17.2,30.6,24.7,48.8,1.56,6.1,6,0,,OK
TH-02021,2026-06-01,A,17.2,31.4,26.7,47.2,0.81,3.0,5,0,,OK
TH-02023,2026-06-01,A,17.2,32.0,26.3,49.3,1.68,7.0,5,0,E-211,warn
TH-02033,2026-06-01,A,17.2,31.4,24.0,47.0,1.62,6.8,9,0,,OK
TH-02035,2026-06-01,A,17.2,31.3,26.5,51.5,1.05,3.9,8,0,,ok
TH-02036,2026-06-01,A,17.2,31.4,24.4,51.7,1.79,5.8,9,0,,OK
TH-02037,2026-06-01,A,17.2,33.4,28.6,46.3,1.8,6.5,8,0,E-317,warn
TH-02038,2026-06-01,A,17.2,31.6,25.0,50.5,1.1,4.0,8,0,,OK
TH-02040,2026-06-01,A,17.2,32.9,25.6,50.7,1.45,6.2,8,0,,OK
TH-02045,2026-06-01,A,17.2,32.5,25.6,53.0,1.36,4.4,4,0,,ok
TH-02046,2026-06-01,A,17.2,-999,23.6,47.2,0.74,3.1,4,0,,ok
TH-02047,2026-06-01,A,17.2,31.1,26.0,48.9,1.46,5.5,12,0,,ok
TH-02048,2026-06-01,A,17.2,30.9,23.5,48.3,1.37,5.3,6,0,,OK
TH-02049,2026-06-01,A,17.2,31.7,25.3,48.7,1.86,6.6,15,0,,ok
TH-02050,2026-06-01,A,17.2,32.8,26.8,46.4,1.38,4.7,12,0,,ok
TH-02051,2026-06-01,A,17.2,30.9,25.2,50.4,1.93,6.1,6,0,,OK
TH-02052,2026-06-01,A,17.2,31.4,25.2,49.6,1.22,5.1,10,0,,OK
TH-02053,2026-06-01,A,17.2,33.4,28.5,51.7,1.21,4.8,8,0,,OK
TH-02054,2026-06-01,A,17.2,33.0,27.2,52.3,1.04,4.2,8,0,,ok
TH-02056,2026-06-01,A,17.2,32.0,24.6,50.7,2.25,7.5,9,0,,OK
TH-02061,2026-06-01,A,17.2,33.0,27.8,47.7,1.56,5.8,12,0,,OK
TH-02062,2026-06-01,A,17.2,30.6,23.8,47.2,1.16,4.6,8,0,,OK
TH-02063,2026-06-01,A,17.2,31.6,26.6,50.4,1.37,5.4,8,0,E-211,OK
TH-02065,2026-06-01,A,17.2,31.9,25.4,50.8,1.61,6.4,9,0,,OK
TH-02071,2026-06-01,A,17.2,32.3,27.3,48.3,1.71,6.4,8,0,,ok
TH-02073,2026-06-01,A,17.2,32.4,25.0,46.0,1.11,4.0,3,0,,ok
TH-02074,2026-06-01,A,17.2,30.7,25.9,51.1,1.26,4.3,7,0,,OK
TH-02075,2026-06-01,A,17.2,32.0,25.7,47.4,1.58,6.3,11,0,,ok
TH-02076,2026-06-01,A,17.2,32.9,28.0,51.8,1.97,6.5,8,0,,OK
TH-02077,2026-06-01,A,17.2,31.6,25.0,46.6,1.86,7.1,8,0,,ok
TH-02080,2026-06-01,A,17.2,30.6,25.4,48.1,1.8,6.0,9,0,,ok
TH-02081,2026-06-01,A,17.2,31.3,26.0,50.0,1.24,4.6,5,0,,ok
TH-02083,2026-06-01,A,17.2,32.9,26.4,52.6,0.82,3.1,9,0,,OK
TH-02085,2026-06-01,A,17.2,32.2,25.1,48.5,1.64,5.4,4,0,,ok
TH-02086,2026-06-01,A,17.2,31.0,23.7,48.1,1.62,6.0,13,0,,OK
TH-02087,2026-06-01,A,17.2,32.9,27.5,46.6,1.62,6.3,7,0,,OK
TH-02090,2026-06-01,A,17.2,31.9,27.2,46.0,1.79,7.0,9,0,,OK
TH-02093,2026-06-01,A,17.2,31.9,26.6,51.2,1.05,3.9,8,0,,ok
TH-02094,2026-06-01,A,17.2,30.5,25.0,47.9,1.63,5.7,11,0,,OK
TH-02095,2026-06-01,A,17.2,31.9,27.4,47.7,1.68,5.4,13,0,,ok
TH-02097,2026-06-01,A,17.2,32.1,27.6,51.0,1.02,4.2,11,0,,OK
TH-02098,2026-06-01,A,17.2,33.2,26.0,47.2,1.44,5.8,15,0,,ok
TH-02100,2026-06-01,A,17.2,31.9,27.4,49.3,1.0,4.1,9,0,,OK
TH-02111,2026-06-01,A,17.2,30.6,25.6,51.1,1.4,4.5,7,0,,OK
TH-02112,2026-06-01,A,17.2,31.2,26.6,52.1,0.93,4.0,12,0,,OK
TH-02113,2026-06-01,A,17.2,33.4,27.6,48.8,1.91,6.5,11,0,,ok
TH-02114,2026-06-01,A,17.2,30.8,26.2,51.2,0.9,3.9,8,0,,ok
TH-02118,2026-06-01,A,17.2,31.8,25.9,50.5,1.0,4.1,9,0,,OK
TH-02121,2026-06-01,A,17.2,33.5,27.8,47.7,0.79,3.2,8,0,,ok
TH-02122,2026-06-01,A,17.2,31.3,26.1,49.4,1.33,4.9,10,0,,OK
TH-02124,2026-06-01,A,17.2,31.1,24.6,51.1,2.11,7.2,17,0,,ok
TH-02125,2026-06-01,A,17.2,31.3,26.6,46.1,1.15,4.7,8,0,,OK
TH-02126,2026-06-01,A,17.2,33.2,28.6,50.7,1.88,6.3,9,0,,OK
TH-02127,2026-06-01,A,17.2,32.0,27.4,48.0,1.3,4.4,11,0,,ok
TH-02129,2026-06-01,A,17.2,32.7,27.7,52.5,1.6,6.1,7,0,,ok
TH-02132,2026-06-01,A,17.2,33.2,27.4,47.1,1.99,6.3,13,0,E-505,warn
TH-02133,2026-06-01,A,17.2,31.6,25.3,48.0,0.96,4.1,5,0,,OK
TH-02134,2026-06-01,A,17.2,30.8,24.7,52.4,0.78,3.4,9,0,,ok
TH-02135,2026-06-01,A,17.2,-999,23.9,47.4,1.95,7.1,11,0,,ok
TH-02136,2026-06-01,A,17.2,31.5,25.9,49.9,0.9,3.2,8,0,,OK
TH-02137,2026-06-01,A,17.2,31.1,25.5,49.7,2.09,6.5,12,0,,OK
TH-02139,2026-06-01,A,17.2,32.8,26.3,47.0,1.34,5.6,9,0,,ok
TH-02140,2026-06-01,A,17.2,31.4,25.0,49.3,1.2,4.3,12,0,,ok
TH-02141,2026-06-01,B,17.2,,,,17118.9,,12,0,6021,0
TH-02143,2026-06-01,B,17.2,,,,17872.9,,8,0,,0
TH-02145,2026-06-01,B,17.2,,,,4765.0,,12,0,6021,0
TH-02146,2026-06-01,B,17.2,30.8,26.1,,24455.5,,12,0,,0
TH-02149,2026-06-01,B,17.2,,,,8027.2,,10,0,,0
TH-02152,2026-06-01,B,17.2,,,,22470.2,,11,0,,0
TH-02155,2026-06-01,B,17.2,31.4,25.4,,4438.4,,11,0,6021,0
TH-02160,2026-06-01,B,17.2,,,,14889.2,,11,0,,0
TH-02161,2026-06-01,B,17.2,,,,8239.4,,5,0,6021,0
TH-02162,2026-06-01,B,17.2,,,,14597.8,,5,0,,0
TH-02165,2026-06-01,B,17.2,,,,15061.1,,9,0,,0
TH-02166,2026-06-01,B,17.2,,,,17489.3,,7,0,,0
TH-02170,2026-06-01,B,17.2,,,,11401.2,,5,0,6021,0
TH-02171,2026-06-01,B,17.2,,,,14022.9,,10,0,,0
TH-02173,2026-06-01,B,17.2,,,,6904.2,,9,0,,0
TH-02175,2026-06-01,B,17.2,,,,12005.6,,12,0,6021,0
TH-02176,2026-06-01,B,17.2,,,,5366.9,,6,0,6021,0
TH-02177,2026-06-01,B,17.2,,,,12897.2,,10,0,,0
TH-02178,2026-06-01,B,17.2,,,,19448.1,,10,0,,0
TH-02181,2026-06-01,B,17.2,,,,18697.2,,5,0,,0
TH-02182,2026-06-01,B,17.2,,,,20903.0,,11,0,,0
TH-02184,2026-06-01,B,17.2,,,,20239.3,,2,0,,0
TH-02187,2026-06-01,B,17.2,,,,13563.2,,8,0,,0
TH-02188,2026-06-01,B,17.2,,,,24434.7,,6,0,6021,0
TH-02189,2026-06-01,B,17.2,,,,19308.7,,7,0,,0
TH-02194,2026-06-01,B,17.2,,,,18961.4,,6,0,,0
TH-02196,2026-06-01,B,17.2,,,,25168.6,,11,0,,0
TH-02202,2026-06-01,B,17.2,33.3,28.3,,13770.0,,6,0,,0
TH-02204,2026-06-01,B,17.2,30.6,25.2,,5129.5,,9,0,6021,0
TH-02213,2026-06-01,B,17.2,,,,9273.3,,8,0,,0
TH-02214,2026-06-01,B,17.2,,,,9077.6,,9,0,,0
TH-02215,2026-06-01,B,17.2,,,,18200.3,,10,0,,0
TH-02216,2026-06-01,B,17.2,,,,17113.6,,8,0,6021,0
TH-02223,2026-06-01,B,17.2,,,,22183.8,,9,0,6021,0
TH-02224,2026-06-01,B,17.2,,,,8706.4,,10,0,6021,0
TH-02226,2026-06-01,B,17.2,,,,9691.5,,5,0,6021,0
TH-02228,2026-06-01,B,17.2,,,,23888.4,,4,0,6021,0
TH-02230,2026-06-01,B,17.2,,,,25572.3,,10,0,6021,0
TH-02231,2026-06-01,B,17.2,,,,7527.4,,7,0,6021,0
TH-02234,2026-06-01,B,17.2,,,,13236.8,,8,0,6021,0
TH-02236,2026-06-01,B,17.2,,,,4185.7,,12,0,,0
TH-02238,2026-06-01,B,17.2,,,,7721.4,,7,0,6021,0
TH-02239,2026-06-01,B,17.2,,,,17157.2,,4,0,6021,0
TH-02240,2026-06-01,B,17.2,,,,7999.0,,10,0,,0
TH-02242,2026-06-01,B,17.2,,,,14289.5,,13,0,,0
TH-02243,2026-06-01,B,17.2,,,,11630.3,,14,0,,0
TH-02244,2026-06-01,B,17.2,,,,16819.3,,3,0,,0
TH-02245,2026-06-01,B,17.2,,,,14875.3,,5,0,,0
TH-02246,2026-06-01,B,17.2,,,,15903.5,,4,0,,0
TH-02248,2026-06-01,B,17.2,,,,23231.4,,14,0,6021,0
TH-02249,2026-06-01,B,17.2,,,,6841.8,,6,0,6021,0
TH-02250,2026-06-01,B,17.2,,,,11131.7,,9,0,,0
TH-02256,2026-06-01,B,17.2,,,,7796.5,,12,0,6021,0
TH-02257,2026-06-01,B,17.2,,,,21225.4,,8,0,,0
TH-02258,2026-06-01,B,17.2,,,,10302.3,,7,0,,0
TH-02259,2026-06-01,B,17.2,,,,12234.1,,4,0,,0
TH-02260,2026-06-01,B,17.2,,,,7281.7,,9,0,6021,0
TH-02262,2026-06-01,B,17.2,,,,9125.9,,10,0,6021,0
TH-02265,2026-06-01,B,17.2,,,,22534.6,,11,0,,0
TH-02266,2026-06-01,B,17.2,,,,16057.3,,8,0,,0
TH-02267,2026-06-01,B,17.2,,,,11485.4,,5,0,6021,0
TH-02268,2026-06-01,B,17.2,,,,23769.9,,9,0,,0
TH-02269,2026-06-01,B,17.2,,,,12344.3,,9,0,,0
TH-02270,2026-06-01,B,17.2,,,,21880.5,,5,0,,0
TH-02272,2026-06-01,B,17.2,,,,24797.1,,8,0,,0
TH-02273,2026-06-01,B,17.2,,,,19753.9,,8,0,,0
TH-02275,2026-06-01,B,17.2,,,,12289.8,,5,0,,0
TH-02277,2026-06-01,B,17.2,,,,17827.7,,9,0,,0
TH-02278,2026-06-01,B,17.2,,,,14767.6,,12,0,6021,0
TH-02279,2026-06-01,B,17.2,,,,21035.7,,12,0,6021,0
TH-02283,2026-06-01,B,17.2,,,,21294.9,,2,0,6021,0
TH-02286,2026-06-01,B,17.2,,,,7518.0,,5,0,6021,0
TH-02287,2026-06-01,B,17.2,,,,17969.8,,11,0,6021,0
TH-02290,2026-06-01,B,17.2,,,,7262.0,,7,0,6021,0
TH-02294,2026-06-01,C,17.2,,,,1.18,,,0,,warn
TH-02296,2026-06-01,C,17.2,,,,1.71,,,0,,OK
TH-02297,2026-06-01,C,17.2,,,,0.96,,,0,,
TH-02298,2026-06-01,C,17.2,,,,1.32,,,0,,OK
TH-02299,2026-06-01,C,17.2,,,,-0.54,,,0,,warn
TH-02300,2026-06-01,C,17.2,,,,2.07,,,0,,OK
TH-02302,2026-06-01,C,17.2,,,,1.25,,,0,,warn
TH-02304,2026-06-01,C,17.2,,,,0.91,,,0,,
TH-02307,2026-06-01,C,17.2,,,,1.8,,,0,,warn
TH-02308,2026-06-01,C,17.2,,,,1.87,,,0,,warn
TH-02311,2026-06-01,C,17.2,,,50.8,1.43,,,0,,warn
TH-02313,2026-06-01,C,17.2,,,,1.49,,,0,,warn
TH-02314,2026-06-01,C,17.2,,,,2.09,,,0,,OK
TH-02316,2026-06-01,C,17.2,,,,1.25,,,0,,OK
TH-02317,2026-06-01,C,17.2,,,,1.25,,,0,,
TH-02322,2026-06-01,C,17.2,,,,1.82,,,0,,
TH-02323,2026-06-01,C,17.2,,,,1.64,,,0,,warn
TH-02324,2026-06-01,C,17.2,,,,2.12,,,0,,OK
TH-02331,2026-06-01,C,17.2,,,,1.47,,,0,,
TH-02334,2026-06-01,C,17.2,,,,1.48,,,0,,warn
TH-02335,2026-06-01,C,17.2,,,,0.92,,,0,,
TH-02337,2026-06-01,C,17.2,,,,1.37,,,0,,warn
TH-02338,2026-06-01,C,17.2,,,,1.5,,,0,ALM_SM_LINK,OK
TH-02339,2026-06-01,C,17.2,,,,1.72,,,0,,
TH-02340,2026-06-01,C,17.2,,,,2.27,,,0,,warn
TH-02341,2026-06-01,C,17.2,,,,1.43,,,0,,
TH-02343,2026-06-01,C,17.2,,,,0.83,,,0,,
TH-02345,2026-06-01,C,17.2,,,,1.52,,,0,,warn
TH-02346,2026-06-01,C,17.2,32.5,,,1.14,,,0,,
TH-02347,2026-06-01,C,17.2,,,,1.46,,,0,,OK
TH-02348,2026-06-01,C,17.2,,,,1.1,,,0,,warn
TH-02351,2026-06-01,C,17.2,,,,1.55,,,0,,warn
TH-02352,2026-06-01,C,17.2,,,,1.88,,,0,,
TH-02354,2026-06-01,C,17.2,31.7,,,1.23,,,0,,warn
TH-02355,2026-06-01,C,17.2,,,,1.41,,,0,,OK
TH-02357,2026-06-01,C,17.2,,,,1.49,,,0,,OK
TH-02358,2026-06-01,C,17.2,,,,1.03,,,0,,
TH-02360,2026-06-01,C,17.2,,,,1.82,,,0,,
TH-02361,2026-06-01,C,17.2,,,,1.42,,,0,,OK
TH-02363,2026-06-01,C,17.2,,,,1.58,,,0,,OK
TH-02365,2026-06-01,C,17.2,,,,1.24,,,0,,OK
TH-02374,2026-06-01,C,17.2,,,,2.12,,,0,,OK
TH-02377,2026-06-01,C,17.2,,,,1.74,,,0,,
TH-02383,2026-06-01,C,17.2,,,,1.59,,,0,,warn
TH-02384,2026-06-01,C,17.2,,,,1.34,,,0,,warn
TH-02385,2026-06-01,C,17.2,,,,2.04,,,0,,warn
TH-02387,2026-06-01,C,17.2,,,,2.25,,,0,,OK
TH-02388,2026-06-01,C,17.2,,,,0.85,,,0,,OK
TH-02389,2026-06-01,C,17.2,33.4,,,1.73,,,0,,OK
TH-02393,2026-06-01,C,17.2,,,,0.86,,,0,,warn
TH-02395,2026-06-01,C,17.2,,,,1.58,,,0,,
TH-02397,2026-06-01,C,17.2,,,,1.58,,,0,,warn
TH-02400,2026-06-01,C,17.2,,,,1.43,,,0,,
TH-90000,2026-06-01,C,17.2,,,,7.16,,,0,,OK
TH-90001,2026-06-01,C,17.2,,,,13.89,,,0,,OK
TH-90002,2026-06-01,C,17.2,,,,9.63,,,0,,OK
TH-90003,2026-06-01,C,17.2,,,,3.69,,,0,,OK
TH-90004,2026-06-01,C,17.2,,,,11.31,,,0,,OK
th-02017,2026-06-01,A,17.2,31.6,25.3,52.0,1.48,6.2,10,0,,OK
th-02025,2026-06-01,A,17.2,33.4,28.6,46.6,1.7,6.1,11,0,,ok
th-02030,2026-06-01,A,17.2,31.5,25.8,49.3,1.96,7.1,13,0,,OK
th-02034,2026-06-01,A,17.2,32.7,26.0,52.0,1.22,4.3,7,0,,OK
th-02055,2026-06-01,A,17.2,31.9,27.0,51.5,1.75,6.3,6,0,,OK
th-02072,2026-06-01,A,17.2,30.7,26.0,52.0,0.8,3.4,3,0,,OK
th-02078,2026-06-01,A,17.2,31.3,26.1,46.7,1.32,4.5,5,0,,ok
th-02084,2026-06-01,A,17.2,33.1,27.0,52.1,1.93,6.8,8,0,,ok
th-02091,2026-06-01,A,17.2,31.6,24.1,46.2,1.54,5.2,8,0,,OK
th-02099,2026-06-01,A,17.2,32.4,26.9,48.2,1.0,3.4,10,0,,ok
th-02101,2026-06-01,A,17.2,33.1,27.9,51.4,1.79,5.9,12,0,,OK
th-02103,2026-06-01,A,17.2,31.1,24.8,50.5,2.09,7.1,10,0,,OK
th-02120,2026-06-01,A,17.2,30.8,25.1,47.1,1.93,7.1,10,0,,ok
th-02130,2026-06-01,A,17.2,33.3,26.5,51.1,1.09,4.4,14,0,,ok
th-02138,2026-06-01,A,17.2,32.7,26.3,48.4,1.27,5.4,9,0,,ok
th-02144,2026-06-01,B,17.2,,,,12892.3,,11,0,6021,0
th-02168,2026-06-01,B,17.2,,,,13597.3,,13,0,,0
th-02169,2026-06-01,B,17.2,,,,18417.1,,11,0,6021,0
th-02190,2026-06-01,B,17.2,,,,24624.8,,13,0,6021,0
th-02195,2026-06-01,B,17.2,,,,14783.4,,5,0,,0
th-02206,2026-06-01,B,17.2,,,,17345.5,,11,0,,0
th-02207,2026-06-01,B,17.2,,,,13626.2,,6,0,,0
th-02221,2026-06-01,B,17.2,,,,16147.0,,7,0,,0
th-02235,2026-06-01,B,17.2,,,,22628.4,,6,0,,0
th-02251,2026-06-01,B,17.2,,,,24400.9,,14,0,,0
th-02255,2026-06-01,B,17.2,,,,12875.6,,2,0,,0
th-02280,2026-06-01,B,17.2,,,,17663.0,,5,0,6021,0
th-02281,2026-06-01,B,17.2,,,,4205.6,,11,0,,0
th-02288,2026-06-01,B,17.2,,,,5382.1,,11,0,,0
th-02292,2026-06-01,C,17.2,,,,2.19,,,0,,OK
th-02309,2026-06-01,C,17.2,,,,1.58,,,0,,OK
th-02312,2026-06-01,C,17.2,,,,1.33,,,0,,OK
th-02319,2026-06-01,C,17.2,,,,1.26,,,0,,OK
th-02333,2026-06-01,C,17.2,,,,1.33,,,0,,
th-02342,2026-06-01,C,17.2,,,,1.4,,,0,,OK
th-02344,2026-06-01,C,17.2,,,,2.05,,,0,,OK
th-02375,2026-06-01,C,17.2,,,,2.29,,,0,,
th-02379,2026-06-01,C,17.2,,,,1.1,,,0,,warn
th-02380,2026-06-01,C,17.2,,,,1.75,,,0,,
th-02396,2026-06-01,C,17.2,,,,1.46,,,0,,
th-02398,2026-06-01,C,17.2,,,,0.99,,,0,,
 TH-02004,2026-06-02,A,20.1,33.0,26.8,52.4,0.87,3.1,10,0,,ok
 TH-02031,2026-06-02,A,20.1,33.4,27.8,52.5,1.78,5.6,12,0,,ok
 TH-02063,2026-06-02,A,20.1,31.3,24.0,47.6,0.98,3.9,9,0,,ok
 TH-02071,2026-06-02,A,20.1,31.0,24.0,53.0,0.96,3.0,6,0,,ok
 TH-02075,2026-06-02,A,20.1,33.0,26.6,50.0,0.9,3.8,4,0,,ok
 TH-02094,2026-06-02,A,20.1,-999,26.1,52.0,1.35,5.4,5,0,,ok
 TH-02103,2026-06-02,A,20.1,31.5,24.6,49.3,0.85,3.6,10,0,,ok
 TH-02112,2026-06-02,A,20.1,31.2,24.5,52.5,1.25,4.1,4,0,,ok
 TH-02121,2026-06-02,A,20.1,33.2,26.6,49.4,1.26,5.5,10,0,,ok
 TH-02129,2026-06-02,A,20.1,31.7,24.9,52.6,1.82,6.9,11,0,,ok
 TH-02194,2026-06-02,B,20.1,,,,18962.8,,10,0,6021,0
 TH-02226,2026-06-02,B,20.1,,,,9692.5,,10,0,,0
 TH-02251,2026-06-02,B,20.1,,,,24402.0,,11,0,,0
 TH-02256,2026-06-02,B,20.1,,,,7798.4,,10,0,6021,0
 TH-02257,2026-06-02,B,20.1,,,,21227.1,,4,0,,0
 TH-02260,2026-06-02,B,20.1,,,,7283.5,,6,0,,0
 TH-02268,2026-06-02,B,20.1,,,,23771.0,,9,0,,0
 TH-02270,2026-06-02,B,20.1,,,,21881.9,,14,0,,0
 TH-02297,2026-06-02,C,20.1,,,,1.28,,,0,,OK
 TH-02299,2026-06-02,C,20.1,,,,1.14,,,0,,warn
 TH-02300,2026-06-02,C,20.1,,,52.3,1.78,,,0,,warn
 TH-02333,2026-06-02,C,20.1,,,,1.53,,,0,,OK
 TH-02352,2026-06-02,C,20.1,,,,1.49,,,0,,warn
 TH-02366,2026-06-02,C,20.1,,,,1.65,,,0,,OK
 TH-02374,2026-06-02,C,20.1,,,,1.0,,,0,,
 TH-02384,2026-06-02,C,20.1,,,,0.75,,,0,,warn
 TH-02400,2026-06-02,C,20.1,,,,1.43,,,0,,
TH-02001,2026-06-02,A,20.1,32.4,26.0,51.9,1.75,6.6,4,0,,OK
TH-02006,2026-06-02,A,20.1,31.4,26.6,52.1,0.94,3.7,6,0,,ok
TH-02011,2026-06-02,A,20.1,31.5,24.7,46.3,1.65,5.5,11,0,,OK
TH-02012,2026-06-02,A,20.1,31.2,24.0,51.6,2.07,6.5,9,0,,ok
TH-02015,2026-06-02,A,20.1,31.7,27.1,47.2,1.72,5.4,8,0,,OK
TH-02016,2026-06-02,A,20.1,31.1,26.6,49.4,1.97,6.3,11,0,,OK
TH-02017,2026-06-02,A,20.1,33.3,27.9,48.2,1.61,6.0,5,0,,OK
TH-02019,2026-06-02,A,20.1,31.2,25.2,47.3,1.18,4.1,7,0,,OK
TH-02020,2026-06-02,A,20.1,32.3,25.0,50.9,1.03,4.3,6,0,,ok
TH-02021,2026-06-02,A,20.1,33.3,27.2,46.4,2.17,7.0,5,0,,OK
TH-02023,2026-06-02,A,20.1,32.1,26.9,49.0,1.69,6.8,11,0,,ok
TH-02025,2026-06-02,A,20.1,32.0,25.1,49.1,1.5,6.0,11,0,,OK
TH-02028,2026-06-02,A,20.1,33.0,25.7,48.9,0.78,3.1,10,0,,OK
TH-02030,2026-06-02,A,20.1,30.9,24.4,50.6,1.39,5.8,8,0,,OK
TH-02032,2026-06-02,A,20.1,31.6,25.0,51.8,1.5,5.1,3,0,E-104,ok
TH-02033,2026-06-02,A,20.1,31.5,25.3,52.1,1.38,5.4,2,0,,OK
TH-02034,2026-06-02,A,20.1,31.8,26.4,51.5,1.29,5.5,15,0,,ok
TH-02036,2026-06-02,A,20.1,31.1,26.4,46.7,-3.55,5.6,8,0,,OK
TH-02037,2026-06-02,A,20.1,32.8,25.4,50.9,1.0,3.5,7,0,,OK
TH-02038,2026-06-02,A,20.1,30.9,24.3,50.0,1.12,3.5,3,0,,OK
TH-02044,2026-06-02,A,20.1,30.6,24.6,47.1,1.42,5.5,7,0,,OK
TH-02045,2026-06-02,A,20.1,31.9,25.5,47.6,1.23,3.9,12,0,,OK
TH-02047,2026-06-02,A,20.1,32.5,27.6,47.8,2.12,6.6,12,0,,OK
TH-02048,2026-06-02,A,20.1,31.7,25.0,46.8,1.61,6.7,7,0,,ok
TH-02049,2026-06-02,A,20.1,33.1,28.0,47.1,2.26,7.4,8,0,,ok
TH-02050,2026-06-02,A,20.1,32.4,27.1,48.4,1.05,4.2,8,0,,ok
TH-02051,2026-06-02,A,20.1,31.1,25.8,47.1,1.67,5.9,3,0,,ok
TH-02053,2026-06-02,A,20.1,32.1,27.4,48.4,1.41,6.1,13,0,,OK
TH-02054,2026-06-02,A,20.1,31.7,25.8,47.6,1.08,4.3,4,0,,OK
TH-02055,2026-06-02,A,20.1,32.1,25.3,47.6,1.1,3.8,4,0,,OK
TH-02056,2026-06-02,A,20.1,31.5,26.0,52.3,1.67,5.4,9,0,,ok
TH-02062,2026-06-02,A,20.1,32.1,25.0,49.2,1.81,5.7,10,0,,OK
TH-02065,2026-06-02,A,20.1,31.0,25.7,49.1,1.08,4.5,11,0,,OK
TH-02068,2026-06-02,A,20.1,33.1,26.7,52.1,1.53,6.0,8,0,,ok
TH-02072,2026-06-02,A,20.1,31.4,24.3,49.9,2.06,6.6,8,0,E-211,OK
TH-02073,2026-06-02,A,20.1,32.1,24.9,51.1,1.04,4.5,4,0,,ok
TH-02074,2026-06-02,A,20.1,33.1,27.3,49.1,1.54,5.1,9,0,,OK
TH-02076,2026-06-02,A,20.1,33.0,25.6,48.7,1.22,5.0,10,0,,OK
TH-02077,2026-06-02,A,20.1,31.1,24.3,51.1,0.83,3.4,12,0,,ok
TH-02078,2026-06-02,A,20.1,31.1,26.5,46.0,0.92,3.0,10,0,,ok
TH-02080,2026-06-02,A,20.1,30.8,23.5,46.4,0.9,3.2,13,0,,ok
TH-02081,2026-06-02,A,20.1,32.1,25.4,49.2,1.55,6.7,11,0,,OK
TH-02083,2026-06-02,A,20.1,33.3,26.9,52.8,1.68,5.8,9,0,,ok
TH-02084,2026-06-02,A,20.1,30.9,25.4,52.1,2.0,7.4,9,0,,OK
TH-02085,2026-06-02,A,20.1,30.5,24.2,50.5,0.81,3.5,6,0,,OK
TH-02086,2026-06-02,A,20.1,33.1,27.7,48.5,1.63,5.7,10,0,,OK
TH-02087,2026-06-02,A,20.1,31.4,24.3,49.4,1.4,5.4,5,0,,ok
TH-02091,2026-06-02,A,20.1,32.5,26.8,49.6,1.25,5.2,8,0,,OK
TH-02093,2026-06-02,A,20.1,32.3,27.0,50.6,1.37,6.0,11,0,,OK
TH-02095,2026-06-02,A,20.1,32.3,25.0,50.6,1.77,6.2,8,0,,OK
TH-02097,2026-06-02,A,20.1,31.1,26.1,48.4,1.27,5.3,15,0,,OK
TH-02098,2026-06-02,A,20.1,32.9,25.7,52.0,0.97,4.1,6,0,,OK
TH-02099,2026-06-02,A,20.1,33.3,27.9,50.1,1.84,6.3,10,0,,OK
TH-02101,2026-06-02,A,20.1,32.4,25.3,48.7,1.9,6.8,8,0,,ok
TH-02109,2026-06-02,A,20.1,32.0,25.2,52.1,1.44,5.6,5,0,,ok
TH-02113,2026-06-02,A,20.1,31.9,24.9,51.7,1.13,4.5,10,0,,ok
TH-02118,2026-06-02,A,20.1,33.2,26.7,52.1,1.06,4.0,11,0,,OK
TH-02122,2026-06-02,A,20.1,32.2,26.6,47.1,1.03,3.3,3,0,,OK
TH-02126,2026-06-02,A,20.1,32.0,24.9,51.2,1.02,3.8,9,0,,OK
TH-02127,2026-06-02,A,20.1,31.4,26.6,51.4,1.04,3.5,10,0,,OK
TH-02130,2026-06-02,A,20.1,31.7,24.5,0,1.3,5.6,11,0,,ok
TH-02132,2026-06-02,A,20.1,33.3,27.9,49.2,0.82,3.6,8,0,,OK
TH-02133,2026-06-02,A,20.1,30.6,25.7,52.6,0.88,3.8,10,0,,OK
TH-02135,2026-06-02,A,20.1,33.0,27.5,46.1,1.16,5.0,5,0,,OK
TH-02136,2026-06-02,A,20.1,33.5,27.3,52.2,1.82,6.8,6,0,,OK
TH-02137,2026-06-02,A,20.1,32.2,25.7,51.5,1.56,5.8,16,0,,ok
TH-02138,2026-06-02,A,20.1,30.9,25.2,50.3,1.54,6.1,10,0,,OK
TH-02139,2026-06-02,A,20.1,33.0,26.3,49.2,0.97,3.4,6,0,,ok
TH-02141,2026-06-02,B,20.1,,,,17120.1,,10,0,,0
TH-02143,2026-06-02,B,20.1,,,,17874.2,,8,0,,0
TH-02145,2026-06-02,B,20.1,,,,4765.9,,6,0,,0
TH-02146,2026-06-02,B,20.1,33.3,28.2,,24457.4,,12,0,6021,0
TH-02149,2026-06-02,B,20.1,,,,8028.7,,4,0,6021,0
TH-02152,2026-06-02,B,20.1,,,,22471.5,,9,0,,0
TH-02153,2026-06-02,B,20.1,,,,18978.4,,12,0,6021,0
TH-02155,2026-06-02,B,20.1,,,,4439.9,,7,0,6021,0
TH-02158,2026-06-02,B,20.1,,,,7021.7,,10,0,,0
TH-02159,2026-06-02,B,20.1,,,,12026.3,,10,0,,0
TH-02161,2026-06-02,B,20.1,,,,8241.5,,7,0,,0
TH-02162,2026-06-02,B,20.1,,,,14599.8,,8,0,6021,0
TH-02165,2026-06-02,B,20.1,,,,15062.5,,10,0,6021,0
TH-02166,2026-06-02,B,20.1,,,,17490.9,,15,0,,0
TH-02170,2026-06-02,B,20.1,,,,11402.2,,11,0,,0
TH-02171,2026-06-02,B,20.1,,,,14023.6,,8,0,6021,0
TH-02173,2026-06-02,B,20.1,,,,6906.0,,6,0,,0
TH-02176,2026-06-02,B,20.1,,,,5368.4,,8,0,6021,0
TH-02177,2026-06-02,B,20.1,,,,12898.8,,8,0,6021,0
TH-02178,2026-06-02,B,20.1,,,,19449.3,,9,0,,0
TH-02180,2026-06-02,B,20.1,,,,11559.6,,6,0,,0
TH-02181,2026-06-02,B,20.1,,,,18699.0,,7,0,6021,0
TH-02182,2026-06-02,B,20.1,,,,20904.3,,9,0,,0
TH-02184,2026-06-02,B,20.1,,,,20240.4,,5,0,6021,0
TH-02185,2026-06-02,B,20.1,,,,25176.3,,12,0,,0
TH-02187,2026-06-02,B,20.1,,,,13565.0,,8,0,6021,0
TH-02188,2026-06-02,B,20.1,,,,24436.5,,7,0,,0
TH-02189,2026-06-02,B,20.1,,,,19310.7,,10,0,6021,0
TH-02192,2026-06-02,B,20.1,,,,23328.4,,9,0,,0
TH-02195,2026-06-02,B,20.1,,,,14784.9,,6,0,,0
TH-02196,2026-06-02,B,20.1,,,,25169.9,,14,0,7702,2
TH-02202,2026-06-02,B,20.1,,,,13771.8,,9,0,,0
TH-02204,2026-06-02,B,20.1,,,,5130.8,,7,0,,0
TH-02206,2026-06-02,B,20.1,,,,17347.2,,5,0,,0
TH-02207,2026-06-02,B,20.1,,,,13628.1,,5,0,,0
TH-02213,2026-06-02,B,20.1,,,,9274.3,,5,0,6021,0
TH-02214,2026-06-02,B,20.1,,,,9078.7,,7,0,6021,0
TH-02215,2026-06-02,B,20.1,,,,18201.9,,8,0,,0
TH-02216,2026-06-02,B,20.1,,,,17114.5,,7,0,1188,2
TH-02223,2026-06-02,B,20.1,,,,22184.8,,13,0,6021,0
TH-02228,2026-06-02,B,20.1,,,,23890.5,,8,0,,0
TH-02230,2026-06-02,B,20.1,,,,25573.6,,11,0,6021,0
TH-02231,2026-06-02,B,20.1,,,,7528.3,,13,0,6021,0
TH-02234,2026-06-02,B,20.1,,,,13238.2,,5,0,6021,0
TH-02236,2026-06-02,B,20.1,,,,4186.6,,6,0,,0
TH-02238,2026-06-02,B,20.1,,,,7723.7,,3,0,,0
TH-02239,2026-06-02,B,20.1,,,,17158.3,,11,0,,0
TH-02240,2026-06-02,B,20.1,,,,8000.6,,7,0,,0
TH-02242,2026-06-02,B,20.1,,,,14291.2,,9,0,,0
TH-02243,2026-06-02,B,20.1,,,,11631.7,,6,0,,0
TH-02245,2026-06-02,B,20.1,,,,14876.7,,5,0,,0
TH-02246,2026-06-02,B,20.1,,,,15904.9,,7,0,,0
TH-02247,2026-06-02,B,20.1,,,,5427.9,,5,0,,0
TH-02248,2026-06-02,B,20.1,,,,23232.8,,6,0,7702,2
TH-02249,2026-06-02,B,20.1,,,,6843.1,,10,0,,0
TH-02250,2026-06-02,B,20.1,,,,11132.7,,17,0,,0
TH-02255,2026-06-02,B,20.1,,,,12877.2,,2,0,,0
TH-02258,2026-06-02,B,20.1,,,,10304.3,,11,0,,0
TH-02259,2026-06-02,B,20.1,,,,12236.2,,5,0,,0
TH-02262,2026-06-02,B,20.1,,,,9127.6,,5,0,6021,0
TH-02265,2026-06-02,B,20.1,,,,22536.2,,6,0,,0
TH-02266,2026-06-02,B,20.1,,,,16059.1,,5,0,,0
TH-02267,2026-06-02,B,20.1,,,,11486.7,,7,0,6021,0
TH-02269,2026-06-02,B,20.1,,,,12345.5,,12,0,,0
TH-02271,2026-06-02,B,20.1,,,,4892.9,,8,0,,0
TH-02272,2026-06-02,B,20.1,,,,24798.6,,7,0,,0
TH-02273,2026-06-02,B,20.1,,,,19755.9,,7,0,,0
TH-02275,2026-06-02,B,20.1,,,,12291.6,,5,0,,0
TH-02277,2026-06-02,B,20.1,,,,17828.5,,11,0,,0
TH-02278,2026-06-02,B,20.1,,,,14769.5,,14,0,,0
TH-02279,2026-06-02,B,20.1,,,,21036.5,,4,0,,0
TH-02280,2026-06-02,B,20.1,,,,17664.8,,11,0,6021,0
TH-02281,2026-06-02,B,20.1,,,,4207.8,,13,0,6021,0
TH-02283,2026-06-02,B,20.1,,,,21296.5,,9,0,,0
TH-02285,2026-06-02,B,20.1,,,,12771.3,,12,0,6021,0
TH-02286,2026-06-02,B,20.1,,,,7519.4,,6,0,6021,0
TH-02287,2026-06-02,B,20.1,32.3,25.3,,17971.7,,9,0,,0
TH-02288,2026-06-02,B,20.1,,,,5383.8,,10,0,1188,2
TH-02290,2026-06-02,B,20.1,,,,7263.2,,9,0,,0
TH-02292,2026-06-02,C,20.1,,,,1.3,,,0,,
TH-02294,2026-06-02,C,20.1,,,,1.19,,,0,,
TH-02296,2026-06-02,C,20.1,,,,0.95,,,0,,warn
TH-02298,2026-06-02,C,20.1,,,,1.95,,,0,,
TH-02302,2026-06-02,C,20.1,,,,1.45,,,0,,
TH-02303,2026-06-02,C,20.1,,,,1.04,,,0,,warn
TH-02304,2026-06-02,C,20.1,,,,1.48,,,0,,
TH-02307,2026-06-02,C,20.1,,,,1.32,,,0,,warn
TH-02308,2026-06-02,C,20.1,,,,2.25,,,0,,warn
TH-02311,2026-06-02,C,20.1,,,,2.04,,,0,,warn
TH-02312,2026-06-02,C,20.1,,,,1.63,,,0,,warn
TH-02313,2026-06-02,C,20.1,,,,1.58,,,0,,warn
TH-02316,2026-06-02,C,20.1,,,,0.79,,,0,,warn
TH-02317,2026-06-02,C,20.1,,,,1.94,,,0,,warn
TH-02319,2026-06-02,C,20.1,,,,1.13,,,0,ALM_SM_LINK,warn
TH-02322,2026-06-02,C,20.1,,,,1.53,,,0,,OK
TH-02323,2026-06-02,C,20.1,,,,1.36,,,0,,
TH-02324,2026-06-02,C,20.1,,,,1.33,,,0,,
TH-02331,2026-06-02,C,20.1,,,,0.86,,,0,,
TH-02334,2026-06-02,C,20.1,,,,1.37,,,0,ALM_HP_HP_SWITCH,OK
TH-02335,2026-06-02,C,20.1,,,,0.82,,,0,,OK
TH-02336,2026-06-02,C,20.1,,,,1.06,,,0,,
TH-02338,2026-06-02,C,20.1,,,,2.04,,,0,,warn
TH-02339,2026-06-02,C,20.1,,,,1.96,,,0,ALM_HP_HP_SWITCH,OK
TH-02340,2026-06-02,C,20.1,,,,1.65,,,0,,warn
TH-02342,2026-06-02,C,20.1,,,,1.68,,,0,,OK
TH-02343,2026-06-02,C,20.1,,,,2.11,,,0,,warn
TH-02344,2026-06-02,C,20.1,,,,1.7,,,0,,warn
TH-02345,2026-06-02,C,20.1,,,,2.16,,,0,,OK
TH-02346,2026-06-02,C,20.1,,,,1.3,,,0,,
TH-02348,2026-06-02,C,20.1,,,,0.84,,,0,,
TH-02351,2026-06-02,C,20.1,,,,1.52,,,0,,OK
TH-02354,2026-06-02,C,20.1,,,,1.2,,,0,,OK
TH-02355,2026-06-02,C,20.1,,,,1.9,,,0,,OK
TH-02357,2026-06-02,C,20.1,,,,1.32,,,0,,OK
TH-02358,2026-06-02,C,20.1,,,,1.01,,,0,,OK
TH-02360,2026-06-02,C,20.1,,,,1.53,,,0,,
TH-02363,2026-06-02,C,20.1,,,,1.61,,,0,,OK
TH-02365,2026-06-02,C,20.1,,,,1.1,,,0,,
TH-02367,2026-06-02,C,20.1,,,,1.55,,,0,ALM_HP_HP_SWITCH,OK
TH-02371,2026-06-02,C,20.1,,,,0.87,,,0,,warn
TH-02375,2026-06-02,C,20.1,,,,1.13,,,0,,OK
TH-02377,2026-06-02,C,20.1,,,,1.91,,,0,,OK
TH-02379,2026-06-02,C,20.1,,,,1.58,,,0,,warn
TH-02383,2026-06-02,C,20.1,,,,1.34,,,0,,OK
TH-02385,2026-06-02,C,20.1,,,,0.82,,,0,,warn
TH-02387,2026-06-02,C,20.1,,,,1.12,,,0,,
TH-02388,2026-06-02,C,20.1,,,,1.1,,,0,ALM_SM_LINK,OK
TH-02389,2026-06-02,C,20.1,,,,1.28,,,0,,
TH-02395,2026-06-02,C,20.1,,,,1.32,,,0,,OK
TH-02396,2026-06-02,C,20.1,,,,2.02,,,0,,warn
TH-02397,2026-06-02,C,20.1,,,,1.32,,,0,,warn
TH-02398,2026-06-02,C,20.1,,,,1.23,,,0,,warn
TH-02399,2026-06-02,C,20.1,,,,1.82,,,0,,warn
th-02002,2026-06-02,A,20.1,32.9,27.3,46.3,0.83,3.3,2,0,,ok
th-02005,2026-06-02,A,20.1,31.1,25.1,51.9,2.32,7.2,6,0,,ok
th-02007,2026-06-02,A,20.1,30.5,23.9,46.4,1.72,6.4,8,0,,OK
th-02009,2026-06-02,A,20.1,32.4,25.3,47.1,1.83,7.1,9,0,,ok
th-02035,2026-06-02,A,20.1,32.7,27.0,48.7,1.15,4.4,14,0,,ok
th-02040,2026-06-02,A,20.1,31.2,25.0,46.2,1.31,4.6,8,0,,ok
th-02046,2026-06-02,A,20.1,33.4,27.7,49.6,1.08,4.5,12,0,,ok
th-02061,2026-06-02,A,20.1,31.9,25.2,52.2,1.01,4.0,13,0,,OK
th-02090,2026-06-02,A,20.1,33.3,28.6,52.2,1.18,4.3,7,0,,ok
th-02111,2026-06-02,A,20.1,33.0,28.0,46.6,1.9,7.2,7,0,,ok
th-02114,2026-06-02,A,20.1,33.4,27.1,52.3,1.48,6.2,10,0,,OK
th-02120,2026-06-02,A,20.1,30.9,26.0,46.2,1.67,6.0,8,0,,OK
th-02124,2026-06-02,A,20.1,32.4,27.9,48.6,1.73,6.2,9,0,,OK
th-02125,2026-06-02,A,20.1,31.4,26.6,48.8,1.23,4.5,9,0,,OK
th-02134,2026-06-02,A,20.1,32.1,25.1,47.7,1.75,6.9,9,0,,OK
th-02140,2026-06-02,A,20.1,32.6,26.5,49.9,0.89,3.2,14,0,,ok
th-02144,2026-06-02,B,20.1,,,,12894.5,,6,0,6021,0
th-02148,2026-06-02,B,20.1,,,,12858.3,,6,0,3104,2
th-02160,2026-06-02,B,20.1,,,,14890.9,,11,0,6021,0
th-02168,2026-06-02,B,20.1,,,,13598.4,,12,0,6021,0
th-02169,2026-06-02,B,20.1,,,,18418.5,,10,0,,0
th-02175,2026-06-02,B,20.1,,,,12006.4,,7,0,6021,0
th-02224,2026-06-02,B,20.1,,,,8707.3,,9,0,,0
th-02235,2026-06-02,B,20.1,,,,22629.7,,2,0,6021,0
th-02244,2026-06-02,B,20.1,31.2,25.5,,16821.1,,6,0,,0
th-02309,2026-06-02,C,20.1,,,46.9,1.67,,,0,,warn
th-02314,2026-06-02,C,20.1,,,,1.41,,,0,,warn
th-02337,2026-06-02,C,20.1,,,,1.58,,,0,,
th-02341,2026-06-02,C,20.1,,,,1.05,,,0,,warn
th-02347,2026-06-02,C,20.1,,,,1.67,,,0,,
th-02359,2026-06-02,C,20.1,,,,1.13,,,0,,OK
th-02361,2026-06-02,C,20.1,,,,0.87,,,0,,OK
th-02381,2026-06-02,C,20.1,,,,2.04,,,0,,OK
th-02393,2026-06-02,C,20.1,,,,1.64,,,0,,OK
 TH-02033,2026-06-03,A,17.6,31.6,24.2,49.8,1.86,6.2,8,0,,OK
 TH-02047,2026-06-03,A,17.6,31.8,26.0,0,1.32,5.6,18,0,,ok
 TH-02048,2026-06-03,A,17.6,31.9,24.7,49.6,1.73,6.9,8,0,,OK
 TH-02072,2026-06-03,A,17.6,32.3,27.1,50.9,1.73,5.6,7,0,,OK
 TH-02081,2026-06-03,A,17.6,33.0,25.9,47.6,0.84,3.4,8,0,,ok
 TH-02103,2026-06-03,A,17.6,32.4,26.9,52.2,1.52,5.4,12,0,,OK
 TH-02139,2026-06-03,A,17.6,33.3,27.3,48.1,1.41,5.5,9,0,,ok
 TH-02149,2026-06-03,B,17.6,,,,8029.9,,4,0,6021,0
 TH-02155,2026-06-03,B,17.6,32.3,26.4,,4441.8,,10,0,,0
 TH-02257,2026-06-03,B,17.6,,,,21229.0,,4,0,6021,0
 TH-02259,2026-06-03,B,17.6,,,,12238.4,,9,0,3104,2
 TH-02262,2026-06-03,B,17.6,,,,9128.8,,6,0,6021,0
 TH-02302,2026-06-03,C,17.6,,,,1.54,,,0,,OK
 TH-02341,2026-06-03,C,17.6,,,,1.45,,,0,,
 TH-02355,2026-06-03,C,17.6,,,,0.83,,,0,,OK
TH-02001,2026-06-03,A,17.6,30.7,24.3,46.4,1.86,7.4,9,0,,OK
TH-02002,2026-06-03,A,17.6,30.6,25.3,47.7,1.54,6.6,4,0,,OK
TH-02004,2026-06-03,A,17.6,31.2,24.1,46.3,1.04,3.3,8,0,,OK
TH-02005,2026-06-03,A,17.6,31.8,25.1,46.2,1.17,4.9,14,0,,ok
TH-02006,2026-06-03,A,17.6,32.5,27.6,46.2,1.36,5.7,2,0,,OK
TH-02007,2026-06-03,A,17.6,31.2,24.2,49.3,1.44,5.1,12,0,,ok
TH-02008,2026-06-03,A,17.6,31.5,26.5,52.1,0.84,3.0,10,0,,OK
TH-02009,2026-06-03,A,17.6,32.0,26.3,51.8,1.07,4.6,7,0,,ok
TH-02012,2026-06-03,A,17.6,30.9,25.9,52.4,1.63,6.0,9,0,,OK
TH-02016,2026-06-03,A,17.6,31.9,26.9,47.5,0.82,3.0,14,0,,OK
TH-02017,2026-06-03,A,17.6,31.3,26.2,51.3,-2.05,7.4,9,0,,ok
TH-02019,2026-06-03,A,17.6,32.5,26.3,49.7,1.89,6.3,6,0,,ok
TH-02020,2026-06-03,A,17.6,30.6,26.1,52.6,1.15,4.0,9,0,,ok
TH-02021,2026-06-03,A,17.6,-999,24.5,47.2,1.48,4.7,11,0,,OK
TH-02023,2026-06-03,A,17.6,-999,25.1,49.5,1.22,5.1,8,0,,ok
TH-02028,2026-06-03,A,17.6,30.9,24.8,48.7,1.29,4.5,8,0,,OK
TH-02030,2026-06-03,A,17.6,31.1,25.9,46.9,1.7,6.6,4,0,,OK
TH-02031,2026-06-03,A,17.6,32.6,26.9,51.4,0.83,3.1,10,0,,ok
TH-02032,2026-06-03,A,17.6,31.3,24.9,49.3,1.35,4.7,8,0,,OK
TH-02034,2026-06-03,A,17.6,31.5,25.3,46.1,0.97,3.5,12,0,,ok
TH-02036,2026-06-03,A,17.6,31.6,25.1,49.0,1.55,5.0,6,0,,ok
TH-02037,2026-06-03,A,17.6,30.9,24.6,52.0,1.93,7.1,8,0,,OK
TH-02038,2026-06-03,A,17.6,32.1,25.2,50.5,1.61,6.3,5,0,,OK
TH-02040,2026-06-03,A,17.6,31.3,24.4,48.2,1.89,6.6,3,0,,OK
TH-02045,2026-06-03,A,17.6,32.9,26.3,50.6,1.81,6.2,8,0,,ok
TH-02046,2026-06-03,A,17.6,32.8,27.9,48.8,0.88,3.1,13,0,,ok
TH-02049,2026-06-03,A,17.6,32.0,27.5,52.7,1.73,6.8,7,0,,ok
TH-02051,2026-06-03,A,17.6,31.7,26.3,47.3,1.68,5.5,8,0,,OK
TH-02053,2026-06-03,A,17.6,32.7,27.7,50.5,1.39,4.6,7,0,,ok
TH-02054,2026-06-03,A,17.6,32.8,27.7,51.1,0.8,3.5,6,0,,OK
TH-02056,2026-06-03,A,17.6,33.4,26.5,47.0,1.33,5.2,11,0,,OK
TH-02061,2026-06-03,A,17.6,32.5,25.3,47.6,1.46,6.4,10,0,,ok
TH-02062,2026-06-03,A,17.6,32.5,25.1,46.6,0.84,3.2,9,0,,ok
TH-02063,2026-06-03,A,17.6,32.8,27.1,50.9,1.03,4.5,14,0,,ok
TH-02065,2026-06-03,A,17.6,31.9,26.7,47.8,0.75,3.3,8,0,,ok
TH-02068,2026-06-03,A,17.6,31.9,26.9,46.3,1.87,6.1,7,0,,OK
TH-02071,2026-06-03,A,17.6,32.4,27.8,50.0,1.85,7.3,13,0,,ok
TH-02073,2026-06-03,A,17.6,31.9,26.8,51.0,1.91,6.5,6,0,,OK
TH-02074,2026-06-03,A,17.6,31.0,25.9,49.9,1.37,5.5,7,0,,ok
TH-02075,2026-06-03,A,17.6,31.5,27.0,51.4,1.09,3.8,9,0,,ok
TH-02076,2026-06-03,A,17.6,31.9,27.3,52.4,0.87,3.2,4,0,,OK
TH-02077,2026-06-03,A,17.6,31.7,25.7,52.5,1.57,6.5,5,0,,ok
TH-02078,2026-06-03,A,17.6,32.6,26.3,46.8,2.05,7.1,3,0,,ok
TH-02080,2026-06-03,A,17.6,32.4,25.9,48.4,0.92,4.0,5,0,,OK
TH-02083,2026-06-03,A,17.6,31.6,26.6,48.5,1.57,6.8,5,0,,OK
TH-02084,2026-06-03,A,17.6,30.6,25.1,51.8,0.89,3.8,7,0,,ok
TH-02086,2026-06-03,A,17.6,33.0,26.8,49.1,1.38,6.0,11,0,,OK
TH-02087,2026-06-03,A,17.6,30.5,24.0,48.2,0.71,3.0,9,0,,ok
TH-02090,2026-06-03,A,17.6,31.4,25.2,51.6,0.8,3.5,5,0,,OK
TH-02091,2026-06-03,A,17.6,31.2,26.6,48.8,0.98,4.2,4,0,,ok
TH-02093,2026-06-03,A,17.6,33.2,26.4,47.8,1.51,5.0,9,0,,OK
TH-02094,2026-06-03,A,17.6,31.2,24.1,48.9,1.57,6.2,11,0,,ok
TH-02095,2026-06-03,A,17.6,30.7,23.2,50.0,2.08,6.5,7,0,,ok
TH-02097,2026-06-03,A,17.6,33.0,27.2,51.7,1.18,5.0,5,0,,OK
TH-02098,2026-06-03,A,17.6,-999,28.4,48.4,1.25,5.4,9,0,,OK
TH-02099,2026-06-03,A,17.6,31.2,24.6,51.1,1.16,5.0,8,0,,ok
TH-02101,2026-06-03,A,17.6,31.8,25.2,50.5,1.61,5.3,3,0,,ok
TH-02109,2026-06-03,A,17.6,31.6,24.3,46.3,1.12,3.6,6,0,,OK
TH-02112,2026-06-03,A,17.6,31.0,24.6,51.1,2.03,7.1,9,0,,OK
TH-02114,2026-06-03,A,17.6,30.9,23.5,52.9,1.4,4.5,8,0,,OK
TH-02118,2026-06-03,A,17.6,33.4,28.6,46.8,1.97,7.3,10,0,,ok
TH-02121,2026-06-03,A,17.6,32.7,26.5,47.1,2.14,7.0,5,0,,ok
TH-02122,2026-06-03,A,17.6,32.6,27.2,49.6,1.7,6.0,5,0,,OK
TH-02124,2026-06-03,A,17.6,30.9,24.1,51.4,0.95,3.8,5,0,,ok
TH-02125,2026-06-03,A,17.6,32.8,26.4,46.4,1.36,4.8,8,0,,OK
TH-02127,2026-06-03,A,17.6,32.7,26.4,47.3,1.48,5.0,7,0,,OK
TH-02129,2026-06-03,A,17.6,32.9,28.0,46.8,0.87,3.7,6,0,,ok
TH-02130,2026-06-03,A,17.6,32.0,25.2,49.1,1.93,6.1,12,0,,ok
TH-02132,2026-06-03,A,17.6,33.0,26.4,46.7,1.7,7.0,13,0,,OK
TH-02133,2026-06-03,A,17.6,32.4,26.0,50.0,0.84,3.0,11,0,,ok
TH-02134,2026-06-03,A,17.6,31.7,25.2,48.1,1.37,5.0,9,0,,OK
TH-02135,2026-06-03,A,17.6,31.9,25.5,52.3,1.29,4.4,12,0,,ok
TH-02137,2026-06-03,A,17.6,31.6,25.1,50.4,0.89,3.6,4,0,,ok
TH-02138,2026-06-03,A,17.6,32.9,27.2,51.6,1.24,5.3,11,0,,OK
TH-02140,2026-06-03,A,17.6,32.1,25.4,47.6,2.21,7.0,7,0,,OK
TH-02141,2026-06-03,B,17.6,,,,17121.7,,8,0,6021,0
TH-02143,2026-06-03,B,17.6,,,,17875.2,,9,0,,0
TH-02146,2026-06-03,B,17.6,,,,24458.9,,7,0,,0
TH-02153,2026-06-03,B,17.6,,,,18979.2,,8,0,7702,2
TH-02158,2026-06-03,B,17.6,,,,7022.5,,9,0,6021,0
TH-02160,2026-06-03,B,17.6,,,,14892.0,,7,0,6021,0
TH-02161,2026-06-03,B,17.6,,,,8242.8,,7,0,6021,0
TH-02162,2026-06-03,B,17.6,,,,14601.7,,10,0,6021,0
TH-02165,2026-06-03,B,17.6,,,,15063.8,,7,0,6021,0
TH-02168,2026-06-03,B,17.6,,,,13599.3,,10,0,6021,0
TH-02169,2026-06-03,B,17.6,,,,18419.3,,10,0,6021,0
TH-02170,2026-06-03,B,17.6,,,,11403.1,,7,0,6021,0
TH-02171,2026-06-03,B,17.6,,,,14024.5,,7,0,3104,2
TH-02173,2026-06-03,B,17.6,,,,6908.0,,11,0,6021,0
TH-02175,2026-06-03,B,17.6,,,,12008.5,,8,0,,0
TH-02176,2026-06-03,B,17.6,,,,5370.5,,3,0,,0
TH-02177,2026-06-03,B,17.6,32.3,27.1,,12900.5,,6,0,,0
TH-02178,2026-06-03,B,17.6,,,,19451.0,,5,0,,0
TH-02180,2026-06-03,B,17.6,,,,11560.3,,9,0,6021,0
TH-02181,2026-06-03,B,17.6,,,,18700.6,,12,0,,0
TH-02184,2026-06-03,B,17.6,31.3,25.1,,20242.0,,9,0,,0
TH-02185,2026-06-03,B,17.6,,,,25177.3,,15,0,6021,0
TH-02187,2026-06-03,B,17.6,,,,13566.4,,10,0,6021,0
TH-02188,2026-06-03,B,17.6,33.5,27.0,,24438.3,,10,0,6021,0
TH-02189,2026-06-03,B,17.6,,,,19312.3,,8,0,6021,0
TH-02190,2026-06-03,B,17.6,,,,24626.6,,8,0,,0
TH-02192,2026-06-03,B,17.6,,,,23330.2,,13,0,,0
TH-02194,2026-06-03,B,17.6,,,,18964.3,,11,0,6021,0
TH-02195,2026-06-03,B,17.6,,,,14785.8,,12,0,,0
TH-02196,2026-06-03,B,17.6,,,,25171.8,,14,0,,0
TH-02202,2026-06-03,B,17.6,,,,13773.2,,5,0,,0
TH-02204,2026-06-03,B,17.6,,,,5132.7,,5,0,,0
TH-02206,2026-06-03,B,17.6,31.1,25.5,,17348.0,,11,0,,0
TH-02213,2026-06-03,B,17.6,,,,9275.5,,13,0,,0
TH-02214,2026-06-03,B,17.6,,,,9079.5,,10,0,6021,0
TH-02215,2026-06-03,B,17.6,,,,18203.1,,9,0,,0
TH-02216,2026-06-03,B,17.6,,,,17115.8,,4,0,6021,0
TH-02221,2026-06-03,B,17.6,,,,16148.7,,8,0,6021,0
TH-02223,2026-06-03,B,17.6,,,,22186.8,,3,0,,0
TH-02224,2026-06-03,B,17.6,,,,8708.8,,12,0,6021,0
TH-02226,2026-06-03,B,17.6,,,,9693.4,,6,0,6021,0
TH-02228,2026-06-03,B,17.6,,,,23892.2,,11,0,,0
TH-02230,2026-06-03,B,17.6,,,,25574.6,,13,0,6021,0
TH-02231,2026-06-03,B,17.6,,,,7530.3,,2,0,,0
TH-02234,2026-06-03,B,17.6,,,,13239.7,,10,0,,0
TH-02235,2026-06-03,B,17.6,,,,22630.6,,10,0,,0
TH-02236,2026-06-03,B,17.6,,,,4188.6,,10,0,,0
TH-02238,2026-06-03,B,17.6,,,,7724.6,,12,0,,0
TH-02239,2026-06-03,B,17.6,,,,17160.0,,10,0,,0
TH-02242,2026-06-03,B,17.6,,,,14292.0,,13,0,,0
TH-02243,2026-06-03,B,17.6,,,,11633.3,,11,0,,0
TH-02244,2026-06-03,B,17.6,30.6,24.0,,16822.8,,9,0,6021,0
TH-02246,2026-06-03,B,17.6,,,,15906.0,,4,0,,0
TH-02247,2026-06-03,B,17.6,,,,5429.3,,4,0,6021,0
TH-02248,2026-06-03,B,17.6,,,,23234.1,,9,0,,0
TH-02251,2026-06-03,B,17.6,,,,24402.7,,15,0,6021,0
TH-02255,2026-06-03,B,17.6,,,,12878.3,,9,0,,0
TH-02256,2026-06-03,B,17.6,,,,7800.6,,8,0,,0
TH-02260,2026-06-03,B,17.6,,,,7284.6,,11,0,6021,0
TH-02265,2026-06-03,B,17.6,,,,22538.0,,10,0,,0
TH-02266,2026-06-03,B,17.6,,,,16060.6,,9,0,,0
TH-02269,2026-06-03,B,17.6,,,,12347.6,,11,0,6021,0
TH-02273,2026-06-03,B,17.6,,,,19757.6,,9,0,6021,0
TH-02275,2026-06-03,B,17.6,,,,12292.5,,9,0,,0
TH-02277,2026-06-03,B,17.6,,,,17830.4,,11,0,,0
TH-02278,2026-06-03,B,17.6,,,,14771.6,,10,0,6021,0
TH-02279,2026-06-03,B,17.6,,,,21037.8,,6,0,6021,0
TH-02280,2026-06-03,B,17.6,,,,17666.1,,12,0,6021,0
TH-02281,2026-06-03,B,17.6,,,,4209.8,,10,0,,0
TH-02283,2026-06-03,B,17.6,,,,21297.9,,10,0,,0
TH-02285,2026-06-03,B,17.6,,,,12772.6,,9,0,,0
TH-02287,2026-06-03,B,17.6,,,,17973.2,,9,0,6021,0
TH-02290,2026-06-03,B,17.6,,,,7265.1,,5,0,6021,0
TH-02292,2026-06-03,C,17.6,,,,1.49,,,0,,
TH-02294,2026-06-03,C,17.6,,,,0.95,,,0,ALM_HP_HP_SWITCH,warn
TH-02296,2026-06-03,C,17.6,,,,2.24,,,0,,warn
TH-02297,2026-06-03,C,17.6,,,,1.8,,,0,,warn
TH-02298,2026-06-03,C,17.6,,,,1.81,,,0,,OK
TH-02299,2026-06-03,C,17.6,,,46.8,0.95,,,0,,
TH-02300,2026-06-03,C,17.6,,,,1.65,,,0,,
TH-02303,2026-06-03,C,17.6,,,,1.65,,,0,,OK
TH-02309,2026-06-03,C,17.6,,,,0.86,,,0,ALM_HP_HP_SWITCH,warn
TH-02311,2026-06-03,C,17.6,,,,2.31,,,0,,
TH-02312,2026-06-03,C,17.6,,,,1.43,,,0,,warn
TH-02314,2026-06-03,C,17.6,,,,1.65,,,0,,OK
TH-02316,2026-06-03,C,17.6,,,,1.8,,,0,,OK
TH-02319,2026-06-03,C,17.6,,,,1.87,,,0,,warn
TH-02322,2026-06-03,C,17.6,,,,1.26,,,0,,warn
TH-02323,2026-06-03,C,17.6,,,,1.43,,,0,,warn
TH-02333,2026-06-03,C,17.6,32.9,,,1.82,,,0,,warn
TH-02334,2026-06-03,C,17.6,,,,2.17,,,0,,OK
TH-02335,2026-06-03,C,17.6,,,,1.57,,,0,,OK
TH-02336,2026-06-03,C,17.6,,,,1.15,,,0,,OK
TH-02337,2026-06-03,C,17.6,,,,1.7,,,0,,
TH-02338,2026-06-03,C,17.6,31.1,,,0.8,,,0,,OK
TH-02339,2026-06-03,C,17.6,,,,0.88,,,0,,OK
TH-02340,2026-06-03,C,17.6,,,,1.4,,,0,,OK
TH-02343,2026-06-03,C,17.6,,,,1.53,,,0,,OK
TH-02344,2026-06-03,C,17.6,,,,1.07,,,0,,
TH-02346,2026-06-03,C,17.6,,,,2.16,,,0,,warn
TH-02347,2026-06-03,C,17.6,,,,1.2,,,0,,OK
TH-02348,2026-06-03,C,17.6,,,,1.68,,,0,,OK
TH-02351,2026-06-03,C,17.6,,,,0.97,,,0,,warn
TH-02352,2026-06-03,C,17.6,,,,1.0,,,0,,warn
TH-02354,2026-06-03,C,17.6,,,,1.43,,,0,,warn
TH-02357,2026-06-03,C,17.6,,,,1.9,,,0,,warn
TH-02359,2026-06-03,C,17.6,,,,1.76,,,0,,warn
TH-02360,2026-06-03,C,17.6,,,,1.33,,,0,,
TH-02361,2026-06-03,C,17.6,,,,1.53,,,0,,warn
TH-02365,2026-06-03,C,17.6,,,,1.57,,,0,,warn
TH-02367,2026-06-03,C,17.6,,,,1.94,,,0,,warn
TH-02371,2026-06-03,C,17.6,,,,1.23,,,0,ALM_SM_LINK,
TH-02374,2026-06-03,C,17.6,,,,1.12,,,0,,OK
TH-02375,2026-06-03,C,17.6,,,,1.2,,,0,,warn
TH-02377,2026-06-03,C,17.6,,,,1.84,,,0,ALM_HP_HP_SWITCH,
TH-02379,2026-06-03,C,17.6,,,,1.24,,,0,,
TH-02380,2026-06-03,C,17.6,,,,1.66,,,0,,
TH-02381,2026-06-03,C,17.6,,,,2.06,,,0,,
TH-02387,2026-06-03,C,17.6,,,,2.07,,,0,,
TH-02388,2026-06-03,C,17.6,,,,1.72,,,0,,
TH-02389,2026-06-03,C,17.6,,,,1.53,,,0,,
TH-02393,2026-06-03,C,17.6,,,,1.39,,,0,,warn
TH-02395,2026-06-03,C,17.6,,,,1.59,,,0,,
TH-02396,2026-06-03,C,17.6,,,,1.95,,,0,,OK
TH-02397,2026-06-03,C,17.6,32.8,,,1.89,,,0,,warn
TH-02398,2026-06-03,C,17.6,,,,1.12,,,0,,warn
TH-02399,2026-06-03,C,17.6,,,,1.96,,,0,,
TH-02400,2026-06-03,C,17.6,,,,1.1,,,0,,warn
TH-90000,2026-06-03,C,17.6,,,,4.88,,,0,,OK
TH-90001,2026-06-03,C,17.6,,,,3.07,,,0,,OK
TH-90002,2026-06-03,C,17.6,,,,13.15,,,0,,OK
TH-90003,2026-06-03,C,17.6,,,,2.4,,,0,,OK
TH-90004,2026-06-03,C,17.6,,,,6.74,,,0,,OK
th-02011,2026-06-03,A,17.6,32.7,27.7,49.0,1.2,4.6,11,0,,OK
th-02015,2026-06-03,A,17.6,33.5,27.1,50.5,2.11,6.7,5,0,,OK
th-02025,2026-06-03,A,17.6,31.3,24.0,50.3,1.9,7.1,7,0,,OK
th-02035,2026-06-03,A,17.6,31.0,26.0,49.2,1.33,5.4,10,0,E-104,ok
th-02044,2026-06-03,A,17.6,32.5,27.2,51.2,2.14,7.0,13,0,,ok
th-02050,2026-06-03,A,17.6,32.9,27.7,48.2,2.26,7.4,8,0,,ok
th-02052,2026-06-03,A,17.6,31.3,24.6,49.0,1.38,5.2,10,0,,OK
th-02055,2026-06-03,A,17.6,33.5,27.3,47.6,1.96,6.9,7,0,,ok
th-02085,2026-06-03,A,17.6,31.3,26.0,49.9,1.08,3.6,9,0,,OK
th-02100,2026-06-03,A,17.6,31.3,26.7,51.0,1.69,5.7,7,0,,ok
th-02111,2026-06-03,A,17.6,32.5,27.3,52.0,0.93,3.5,8,0,,OK
th-02113,2026-06-03,A,17.6,32.9,25.6,48.1,2.09,6.5,11,0,,OK
th-02120,2026-06-03,A,17.6,32.5,25.1,48.9,1.23,5.3,10,0,,OK
th-02126,2026-06-03,A,17.6,33.4,26.8,52.9,1.24,4.1,7,0,,OK
th-02144,2026-06-03,B,17.6,,,,12895.5,,6,0,,0
th-02145,2026-06-03,B,17.6,,,,4767.2,,9,0,6021,0
th-02166,2026-06-03,B,17.6,,,,17492.5,,14,0,6021,0
th-02182,2026-06-03,B,17.6,,,,20905.6,,18,0,,0
th-02207,2026-06-03,B,17.6,,,,13630.1,,7,0,6021,0
th-02240,2026-06-03,B,17.6,32.2,26.5,,8002.2,,13,0,6021,0
th-02245,2026-06-03,B,17.6,,,,14878.1,,9,0,6021,0
th-02249,2026-06-03,B,17.6,,,,6845.1,,11,0,6021,0
th-02250,2026-06-03,B,17.6,,,,11133.5,,12,0,,0
th-02258,2026-06-03,B,17.6,,,,10305.4,,7,0,6021,0
th-02267,2026-06-03,B,17.6,,,,11487.8,,13,0,6021,0
th-02268,2026-06-03,B,17.6,,,,23772.4,,10,0,,0
th-02270,2026-06-03,B,17.6,,,,21883.4,,13,0,6021,0
th-02271,2026-06-03,B,17.6,,,,4894.6,,7,0,,0
th-02272,2026-06-03,B,17.6,,,,24800.2,,13,0,,0
th-02286,2026-06-03,B,17.6,,,,7521.1,,8,0,6021,0
th-02288,2026-06-03,B,17.6,,,,5385.3,,14,0,6021,0
th-02304,2026-06-03,C,17.6,,,,1.56,,,0,,
th-02307,2026-06-03,C,17.6,,,,0.91,,,0,,warn
th-02313,2026-06-03,C,17.6,,,,2.07,,,0,,warn
th-02317,2026-06-03,C,17.6,,,46.9,0.86,,,0,,OK
th-02324,2026-06-03,C,17.6,,,,0.77,,,0,,OK
th-02342,2026-06-03,C,17.6,,,,0.73,,,0,,warn
th-02345,2026-06-03,C,17.6,,,,1.62,,,0,,OK
th-02358,2026-06-03,C,17.6,,,,2.11,,,0,,
th-02363,2026-06-03,C,17.6,,,,1.92,,,0,,OK
th-02366,2026-06-03,C,17.6,,,,1.1,,,0,,
th-02383,2026-06-03,C,17.6,,,,1.05,,,0,,
th-02384,2026-06-03,C,17.6,,,,1.32,,,0,,warn
th-02385,2026-06-03,C,17.6,,,,1.99,,,0,,OK
 TH-02001,2026-06-04,A,19.1,32.6,27.4,50.2,1.57,5.9,6,0,,ok
 TH-02040,2026-06-04,A,19.1,32.9,27.4,48.7,1.29,4.6,7,0,,ok
 TH-02083,2026-06-04,A,19.1,31.3,25.3,52.4,1.53,5.9,11,0,,ok
 TH-02126,2026-06-04,A,19.1,-999,25.0,48.7,0.87,3.1,10,0,E-211,ok
 TH-02133,2026-06-04,A,19.1,33.0,26.1,50.5,1.55,6.7,6,0,,OK
 TH-02149,2026-06-04,B,19.1,,,,8031.9,,14,0,6021,0
 TH-02173,2026-06-04,B,19.1,,,,6910.1,,9,0,,0
 TH-02180,2026-06-04,B,19.1,,,,11561.4,,8,0,,0
 TH-02182,2026-06-04,B,19.1,,,,20906.9,,10,0,6021,0
 TH-02185,2026-06-04,B,19.1,,,,25179.1,,5,0,,0
 TH-02249,2026-06-04,B,19.1,,,,6846.5,,9,0,,0
 TH-02270,2026-06-04,B,19.1,,,,21884.3,,5,0,6021,0
 TH-02271,2026-06-04,B,19.1,,,,4895.6,,9,0,,0
 TH-02304,2026-06-04,C,19.1,,,,1.88,,,0,,OK
 TH-02314,2026-06-04,C,19.1,,,,0.94,,,0,,OK
 TH-02331,2026-06-04,C,19.1,,,,1.49,,,0,,warn
 TH-02365,2026-06-04,C,19.1,,,,1.09,,,0,,warn
TH-02002,2026-06-04,A,19.1,31.3,25.8,52.9,1.24,5.2,10,0,,ok
TH-02004,2026-06-04,A,19.1,33.4,27.7,52.4,2.06,7.2,4,0,,ok
TH-02005,2026-06-04,A,19.1,32.1,25.4,46.6,1.66,6.4,13,0,,ok
TH-02006,2026-06-04,A,19.1,32.1,26.9,48.0,1.27,5.1,9,0,,OK
TH-02007,2026-06-04,A,19.1,32.0,24.6,48.0,1.66,6.3,7,0,,OK
TH-02008,2026-06-04,A,19.1,33.3,28.7,51.4,1.45,5.0,6,0,,ok
TH-02009,2026-06-04,A,19.1,33.0,26.2,52.2,1.42,4.6,7,0,,ok
TH-02011,2026-06-04,A,19.1,31.2,26.1,51.3,1.62,6.0,8,0,,OK
TH-02012,2026-06-04,A,19.1,30.7,25.9,46.8,2.08,6.8,10,0,,OK
TH-02015,2026-06-04,A,19.1,33.4,28.6,50.5,1.15,3.7,5,0,,ok
TH-02016,2026-06-04,A,19.1,31.5,24.4,49.8,1.09,3.5,4,0,,ok
TH-02017,2026-06-04,A,19.1,32.8,26.6,48.3,0.9,3.1,14,0,,OK
TH-02019,2026-06-04,A,19.1,30.7,25.4,51.8,0.85,3.2,9,0,,OK
TH-02021,2026-06-04,A,19.1,32.0,26.3,50.1,0.9,3.8,9,0,,ok
TH-02023,2026-06-04,A,19.1,32.7,26.3,47.0,1.09,4.7,13,0,,ok
TH-02025,2026-06-04,A,19.1,32.2,25.7,49.5,1.46,6.3,9,0,,ok
TH-02028,2026-06-04,A,19.1,30.9,25.3,51.1,1.34,5.5,5,0,,ok
TH-02030,2026-06-04,A,19.1,31.6,25.1,47.6,0.98,4.1,9,0,,OK
TH-02031,2026-06-04,A,19.1,32.1,26.2,51.2,1.38,5.7,9,0,,ok
TH-02032,2026-06-04,A,19.1,30.7,23.2,51.1,0.74,3.1,6,0,,OK
TH-02033,2026-06-04,A,19.1,33.4,26.0,52.8,1.83,7.0,8,0,,ok
TH-02034,2026-06-04,A,19.1,31.4,24.5,48.6,1.12,4.0,7,0,E-317,OK
TH-02035,2026-06-04,A,19.1,31.8,26.7,51.3,1.68,6.0,8,0,,OK
TH-02037,2026-06-04,A,19.1,30.8,25.3,47.9,1.67,7.2,8,0,,ok
TH-02044,2026-06-04,A,19.1,33.1,25.9,49.0,1.21,5.0,9,0,,OK
TH-02045,2026-06-04,A,19.1,33.0,26.9,50.8,1.17,5.1,7,0,,OK
TH-02046,2026-06-04,A,19.1,31.6,27.0,46.8,1.31,5.7,9,0,,OK
TH-02048,2026-06-04,A,19.1,31.6,25.3,51.9,0.8,3.0,8,0,,ok
TH-02049,2026-06-04,A,19.1,33.0,26.1,47.2,1.56,6.2,8,0,,OK
TH-02050,2026-06-04,A,19.1,31.7,26.3,49.3,1.41,4.9,5,0,,OK
TH-02051,2026-06-04,A,19.1,31.4,24.0,52.0,1.47,5.5,10,0,,OK
TH-02052,2026-06-04,A,19.1,32.7,25.6,48.5,1.69,5.4,8,0,,ok
TH-02053,2026-06-04,A,19.1,30.7,24.0,47.0,1.19,4.3,15,0,,OK
TH-02054,2026-06-04,A,19.1,31.2,24.5,50.4,1.78,7.4,5,0,,ok
TH-02055,2026-06-04,A,19.1,32.8,28.2,51.6,2.05,6.4,12,0,,ok
TH-02056,2026-06-04,A,19.1,31.7,25.8,47.3,1.84,6.0,4,0,,OK
TH-02061,2026-06-04,A,19.1,31.0,23.6,46.3,1.49,4.9,7,0,,OK
TH-02063,2026-06-04,A,19.1,31.5,24.0,46.6,1.81,7.2,15,0,,OK
TH-02065,2026-06-04,A,19.1,32.2,25.2,50.0,1.38,5.7,8,0,,ok
TH-02068,2026-06-04,A,19.1,31.6,26.4,47.4,0.82,3.3,7,0,,ok
TH-02071,2026-06-04,A,19.1,30.8,24.7,48.0,1.36,4.8,2,0,,OK
TH-02072,2026-06-04,A,19.1,30.9,26.4,51.4,1.47,6.1,12,0,E-505,OK
TH-02073,2026-06-04,A,19.1,31.1,24.5,50.5,1.27,5.0,8,0,,ok
TH-02074,2026-06-04,A,19.1,32.3,24.9,51.1,2.02,7.1,9,0,,OK
TH-02075,2026-06-04,A,19.1,31.5,24.0,46.7,1.08,4.4,8,0,,OK
TH-02076,2026-06-04,A,19.1,31.1,24.8,51.3,1.38,5.4,13,0,,OK
TH-02077,2026-06-04,A,19.1,32.3,27.0,47.0,1.46,4.7,9,0,,OK
TH-02078,2026-06-04,A,19.1,33.1,28.3,48.2,1.72,6.9,6,0,,OK
TH-02080,2026-06-04,A,19.1,32.4,27.6,50.1,1.62,5.7,2,0,E-317,warn
TH-02081,2026-06-04,A,19.1,32.8,27.9,49.5,0.91,3.9,13,0,,ok
TH-02084,2026-06-04,A,19.1,30.6,23.9,50.0,1.36,5.1,10,0,,OK
TH-02085,2026-06-04,A,19.1,31.7,26.5,51.1,1.88,6.0,8,0,,ok
TH-02086,2026-06-04,A,19.1,33.4,28.9,48.7,1.86,7.3,7,0,,OK
TH-02087,2026-06-04,A,19.1,30.9,24.4,50.5,1.47,5.7,9,0,,ok
TH-02091,2026-06-04,A,19.1,33.4,27.4,47.0,1.14,4.1,7,0,,OK
TH-02093,2026-06-04,A,19.1,31.0,25.9,51.6,2.25,7.4,12,0,,ok
TH-02094,2026-06-04,A,19.1,31.2,25.5,46.1,1.96,7.3,10,0,,OK
TH-02095,2026-06-04,A,19.1,32.9,28.1,48.1,2.19,7.2,11,0,,ok
TH-02097,2026-06-04,A,19.1,32.1,27.2,49.1,1.04,3.9,9,0,,OK
TH-02098,2026-06-04,A,19.1,31.3,26.5,46.6,1.24,4.2,13,0,,OK
TH-02099,2026-06-04,A,19.1,32.3,24.9,48.5,0.88,3.1,6,0,,OK
TH-02100,2026-06-04,A,19.1,31.3,25.7,52.3,1.78,6.1,8,0,,OK
TH-02103,2026-06-04,A,19.1,30.7,26.2,52.2,1.32,4.2,14,0,,ok
TH-02109,2026-06-04,A,19.1,30.9,23.7,49.8,1.25,4.2,10,0,,OK
TH-02111,2026-06-04,A,19.1,32.9,26.1,52.0,1.85,6.5,10,0,,OK
TH-02112,2026-06-04,A,19.1,30.9,25.9,47.6,1.13,3.9,4,0,,OK
TH-02114,2026-06-04,A,19.1,30.7,24.4,0,1.17,4.3,10,0,,OK
TH-02118,2026-06-04,A,19.1,32.1,25.1,49.9,1.08,3.6,7,0,,ok
TH-02121,2026-06-04,A,19.1,33.2,28.2,46.6,1.58,6.0,9,0,,OK
TH-02122,2026-06-04,A,19.1,31.5,26.8,52.2,1.86,7.2,5,0,,ok
TH-02124,2026-06-04,A,19.1,32.4,25.6,51.2,2.06,6.8,6,0,,ok
TH-02125,2026-06-04,A,19.1,31.4,25.8,50.1,1.56,6.0,8,0,,OK
TH-02127,2026-06-04,A,19.1,32.2,27.3,51.9,1.55,5.5,8,0,,OK
TH-02129,2026-06-04,A,19.1,31.7,25.0,46.3,0.82,3.4,10,0,,OK
TH-02132,2026-06-04,A,19.1,33.2,27.4,48.7,1.02,3.7,6,0,,ok
TH-02134,2026-06-04,A,19.1,-999,27.9,48.8,1.2,4.6,5,0,,ok
TH-02135,2026-06-04,A,19.1,33.4,26.1,46.4,1.7,5.5,9,0,,OK
TH-02136,2026-06-04,A,19.1,31.5,24.2,52.3,1.03,4.0,6,0,,OK
TH-02137,2026-06-04,A,19.1,31.3,24.4,52.1,2.1,7.3,9,0,,OK
TH-02138,2026-06-04,A,19.1,31.5,25.5,48.8,1.62,5.8,12,0,,ok
TH-02139,2026-06-04,A,19.1,31.6,24.7,48.5,1.23,5.0,10,0,,ok
TH-02140,2026-06-04,A,19.1,31.8,25.4,50.4,1.57,5.6,7,0,,OK
TH-02141,2026-06-04,B,19.1,,,,17123.0,,8,0,,0
TH-02143,2026-06-04,B,19.1,,,,17877.0,,12,0,6021,0
TH-02145,2026-06-04,B,19.1,,,,4768.6,,7,0,,0
TH-02146,2026-06-04,B,19.1,,,,24459.6,,17,0,,0
TH-02152,2026-06-04,B,19.1,,,,22473.0,,9,0,6021,0
TH-02153,2026-06-04,B,19.1,,,,18980.6,,10,0,,0
TH-02155,2026-06-04,B,19.1,,,,4443.4,,8,0,6021,0
TH-02158,2026-06-04,B,19.1,,,,7023.2,,9,0,3104,2
TH-02159,2026-06-04,B,19.1,,,,12028.5,,9,0,6021,0
TH-02160,2026-06-04,B,19.1,,,,14893.8,,8,0,6021,0
TH-02161,2026-06-04,B,19.1,,,,8243.9,,11,0,,0
TH-02162,2026-06-04,B,19.1,,,,14602.6,,13,0,6021,0
TH-02165,2026-06-04,B,19.1,,,,15065.1,,5,0,,0
TH-02166,2026-06-04,B,19.1,,,,17494.4,,11,0,,0
TH-02168,2026-06-04,B,19.1,,,,13600.5,,9,0,6021,0
TH-02169,2026-06-04,B,19.1,,,,18420.3,,5,0,6021,0
TH-02170,2026-06-04,B,19.1,,,,11404.8,,13,0,,0
TH-02171,2026-06-04,B,19.1,,,,14026.0,,8,0,,0
TH-02175,2026-06-04,B,19.1,,,,12010.0,,9,0,,0
TH-02176,2026-06-04,B,19.1,,,,5371.8,,14,0,,0
TH-02177,2026-06-04,B,19.1,,,,12901.3,,2,0,7702,2
TH-02178,2026-06-04,B,19.1,,,,19452.3,,11,0,6021,0
TH-02181,2026-06-04,B,19.1,,,,18701.6,,7,0,,0
TH-02184,2026-06-04,B,19.1,,,,20242.9,,13,0,6021,0
TH-02187,2026-06-04,B,19.1,,,,13568.2,,9,0,,0
TH-02189,2026-06-04,B,19.1,,,,19313.3,,7,0,,0
TH-02190,2026-06-04,B,19.1,,,,24627.6,,6,0,6021,0
TH-02192,2026-06-04,B,19.1,,,,23331.6,,14,0,,0
TH-02194,2026-06-04,B,19.1,,,,18965.9,,6,0,6021,0
TH-02196,2026-06-04,B,19.1,,,,25173.4,,9,0,,0
TH-02202,2026-06-04,B,19.1,,,,13774.0,,3,0,,0
TH-02204,2026-06-04,B,19.1,,,,5134.6,,9,0,6021,0
TH-02206,2026-06-04,B,19.1,,,,17349.6,,3,0,,0
TH-02207,2026-06-04,B,19.1,,,,13631.8,,9,0,,0
TH-02213,2026-06-04,B,19.1,,,,9276.6,,4,0,,0
TH-02215,2026-06-04,B,19.1,,,,18204.6,,10,0,6021,0
TH-02221,2026-06-04,B,19.1,,,,16150.2,,8,0,,0
TH-02223,2026-06-04,B,19.1,,,,22187.9,,3,0,,0
TH-02224,2026-06-04,B,19.1,,,,8710.1,,8,0,,0
TH-02226,2026-06-04,B,19.1,,,,9695.2,,9,0,6021,0
TH-02228,2026-06-04,B,19.1,,,,23893.5,,16,0,,0
TH-02230,2026-06-04,B,19.1,,,,25576.3,,6,0,,0
TH-02231,2026-06-04,B,19.1,,,,7531.4,,11,0,6021,0
TH-02234,2026-06-04,B,19.1,,,,13241.2,,14,0,,0
TH-02235,2026-06-04,B,19.1,,,,22631.8,,13,0,,0
TH-02236,2026-06-04,B,19.1,,,,4190.2,,11,0,,0
TH-02239,2026-06-04,B,19.1,,,,17161.1,,2,0,,0
TH-02242,2026-06-04,B,19.1,,,,14293.0,,14,0,6021,0
TH-02243,2026-06-04,B,19.1,,,,11635.1,,2,0,6021,0
TH-02244,2026-06-04,B,19.1,,,,16824.2,,5,0,6021,0
TH-02245,2026-06-04,B,19.1,,,,14879.6,,14,0,,0
TH-02247,2026-06-04,B,19.1,,,,5430.0,,10,0,6021,0
TH-02248,2026-06-04,B,19.1,,,,23235.2,,5,0,,0
TH-02250,2026-06-04,B,19.1,,,,11134.5,,8,0,6021,0
TH-02251,2026-06-04,B,19.1,,,,24404.4,,4,0,,0
TH-02255,2026-06-04,B,19.1,31.9,26.7,,12879.8,,10,0,6021,0
TH-02256,2026-06-04,B,19.1,,,,7801.4,,10,0,,0
TH-02257,2026-06-04,B,19.1,,,,21230.4,,10,0,,0
TH-02259,2026-06-04,B,19.1,,,,12239.9,,7,0,6021,0
TH-02260,2026-06-04,B,19.1,,,,7286.1,,15,0,,0
TH-02262,2026-06-04,B,19.1,,,,9130.5,,13,0,6021,0
TH-02265,2026-06-04,B,19.1,,,,22538.9,,10,0,6021,0
TH-02266,2026-06-04,B,19.1,,,,16062.2,,7,0,,0
TH-02268,2026-06-04,B,19.1,,,,23773.8,,6,0,6021,0
TH-02269,2026-06-04,B,19.1,,,,12348.7,,10,0,,0
TH-02273,2026-06-04,B,19.1,31.0,24.4,,19759.2,,9,0,6021,0
TH-02275,2026-06-04,B,19.1,,,,12293.7,,10,0,,0
TH-02277,2026-06-04,B,19.1,,,,17831.5,,5,0,6021,0
TH-02278,2026-06-04,B,19.1,,,,14772.9,,8,0,6021,0
TH-02279,2026-06-04,B,19.1,,,,21039.7,,10,0,6021,0
TH-02280,2026-06-04,B,19.1,,,,17667.5,,9,0,6021,0
TH-02283,2026-06-04,B,19.1,,,,21299.6,,8,0,,0
TH-02287,2026-06-04,B,19.1,,,,17974.5,,8,0,,0
TH-02288,2026-06-04,B,19.1,,,,5386.9,,7,0,,0
TH-02290,2026-06-04,B,19.1,,,,7266.0,,12,0,,0
TH-02292,2026-06-04,C,19.1,,,,1.18,,,0,,OK
TH-02297,2026-06-04,C,19.1,,,,0.97,,,0,,warn
TH-02298,2026-06-04,C,19.1,,,,1.44,,,0,,warn
TH-02299,2026-06-04,C,19.1,,,,1.34,,,0,,warn
TH-02303,2026-06-04,C,19.1,,,,1.26,,,0,,OK
TH-02307,2026-06-04,C,19.1,,,,0.82,,,0,,
TH-02309,2026-06-04,C,19.1,,,,1.81,,,0,,warn
TH-02311,2026-06-04,C,19.1,31.5,,,0.88,,,0,,warn
TH-02312,2026-06-04,C,19.1,,,,1.25,,,0,,
TH-02313,2026-06-04,C,19.1,,,,0.92,,,0,,OK
TH-02316,2026-06-04,C,19.1,,,,1.24,,,0,,
TH-02317,2026-06-04,C,19.1,,,,1.71,,,0,,
TH-02319,2026-06-04,C,19.1,,,,1.93,,,0,,warn
TH-02322,2026-06-04,C,19.1,,,,1.94,,,0,,OK
TH-02323,2026-06-04,C,19.1,,,,1.47,,,0,,warn
TH-02324,2026-06-04,C,19.1,,,,1.58,,,0,,warn
TH-02333,2026-06-04,C,19.1,,,,1.45,,,0,,warn
TH-02335,2026-06-04,C,19.1,,,,1.27,,,0,,warn
TH-02336,2026-06-04,C,19.1,,,,1.48,,,0,,OK
TH-02338,2026-06-04,C,19.1,,,,0.84,,,0,,
TH-02340,2026-06-04,C,19.1,,,,1.02,,,0,,warn
TH-02341,2026-06-04,C,19.1,,,,1.19,,,0,,OK
TH-02342,2026-06-04,C,19.1,,,,1.04,,,0,,OK
TH-02343,2026-06-04,C,19.1,,,,1.73,,,0,,warn
TH-02344,2026-06-04,C,19.1,,,,0.94,,,0,,OK
TH-02345,2026-06-04,C,19.1,,,,1.8,,,0,,
TH-02346,2026-06-04,C,19.1,,,,1.67,,,0,,OK
TH-02347,2026-06-04,C,19.1,,,,0.91,,,0,,warn
TH-02348,2026-06-04,C,19.1,,,,1.3,,,0,,
TH-02351,2026-06-04,C,19.1,,,,1.7,,,0,,
TH-02352,2026-06-04,C,19.1,,,,1.19,,,0,,OK
TH-02354,2026-06-04,C,19.1,,,,1.23,,,0,,OK
TH-02355,2026-06-04,C,19.1,,,,1.64,,,0,,
TH-02357,2026-06-04,C,19.1,,,,1.24,,,0,,warn
TH-02358,2026-06-04,C,19.1,,,,1.4,,,0,,warn
TH-02359,2026-06-04,C,19.1,,,,1.35,,,0,,OK
TH-02360,2026-06-04,C,19.1,31.7,,,1.08,,,0,ALM_SM_LINK,warn
TH-02363,2026-06-04,C,19.1,,,,1.14,,,0,,OK
TH-02366,2026-06-04,C,19.1,,,48.9,1.17,,,0,,OK
TH-02367,2026-06-04,C,19.1,,,,1.27,,,0,,
TH-02371,2026-06-04,C,19.1,,,,0.98,,,0,,warn
TH-02374,2026-06-04,C,19.1,,,,0.88,,,0,,OK
TH-02375,2026-06-04,C,19.1,,,,1.39,,,0,,OK
TH-02377,2026-06-04,C,19.1,,,,1.65,,,0,,
TH-02379,2026-06-04,C,19.1,,,,1.63,,,0,,OK
TH-02380,2026-06-04,C,19.1,,,,1.78,,,0,,OK
TH-02381,2026-06-04,C,19.1,,,,1.54,,,0,,OK
TH-02384,2026-06-04,C,19.1,,,,1.08,,,0,,OK
TH-02385,2026-06-04,C,19.1,,,,1.47,,,0,,warn
TH-02387,2026-06-04,C,19.1,,,47.7,2.11,,,0,,OK
TH-02388,2026-06-04,C,19.1,,,50.2,0.95,,,0,,warn
TH-02389,2026-06-04,C,19.1,,,,1.47,,,0,,
TH-02393,2026-06-04,C,19.1,,,,1.32,,,0,,OK
TH-02395,2026-06-04,C,19.1,,,,1.53,,,0,,warn
TH-02396,2026-06-04,C,19.1,,,,1.14,,,0,,OK
TH-02397,2026-06-04,C,19.1,,,,1.34,,,0,,warn
TH-02398,2026-06-04,C,19.1,,,,1.29,,,0,,
TH-02399,2026-06-04,C,19.1,,,,0.78,,,0,,
TH-02400,2026-06-04,C,19.1,,,,1.18,,,0,,OK
th-02020,2026-06-04,A,19.1,32.4,26.8,50.9,1.58,6.3,6,0,,ok
th-02038,2026-06-04,A,19.1,32.3,27.1,48.8,1.32,4.9,12,0,,OK
th-02047,2026-06-04,A,19.1,32.3,27.1,47.3,1.77,6.7,7,0,,ok
th-02062,2026-06-04,A,19.1,32.9,26.0,47.8,1.72,7.2,8,0,,ok
th-02090,2026-06-04,A,19.1,30.7,25.8,47.3,1.66,5.9,4,0,,ok
th-02113,2026-06-04,A,19.1,31.3,24.7,48.5,1.56,6.6,9,0,,ok
th-02130,2026-06-04,A,19.1,31.4,25.3,49.7,0.78,3.1,10,0,,ok
th-02144,2026-06-04,B,19.1,,,,12896.7,,11,0,6021,0
th-02148,2026-06-04,B,19.1,,,,12859.2,,4,0,6021,0
th-02188,2026-06-04,B,19.1,,,,24440.2,,6,0,6021,0
th-02195,2026-06-04,B,19.1,,,,14786.7,,7,0,6021,0
th-02214,2026-06-04,B,19.1,,,,9080.6,,10,0,6021,0
th-02216,2026-06-04,B,19.1,,,,17117.3,,10,0,,0
th-02238,2026-06-04,B,19.1,,,,7726.3,,6,0,,0
th-02240,2026-06-04,B,19.1,,,,8003.9,,10,0,,0
th-02267,2026-06-04,B,19.1,,,,11488.8,,11,0,,0
th-02272,2026-06-04,B,19.1,,,,24801.9,,10,0,,0
th-02285,2026-06-04,B,19.1,,,,12773.5,,9,0,,0
th-02286,2026-06-04,B,19.1,,,,7522.8,,8,0,,0
th-02294,2026-06-04,C,19.1,,,,1.31,,,0,,
th-02296,2026-06-04,C,19.1,,,,1.34,,,0,,OK
th-02300,2026-06-04,C,19.1,,,,1.3,,,0,,OK
th-02308,2026-06-04,C,19.1,,,,1.5,,,0,,
th-02334,2026-06-04,C,19.1,,,,0.92,,,0,,
th-02337,2026-06-04,C,19.1,,,,0.87,,,0,,warn
th-02339,2026-06-04,C,19.1,,,,1.62,,,0,,
th-02361,2026-06-04,C,19.1,,,,1.32,,,0,,OK
th-02383,2026-06-04,C,19.1,,,,1.57,,,0,,warn
 TH-02016,2026-06-05,A,21.4,31.6,24.9,46.9,2.01,7.1,6,0,,OK
 TH-02065,2026-06-05,A,21.4,33.3,26.5,49.9,2.08,6.7,16,0,,ok
 TH-02085,2026-06-05,A,21.4,32.5,25.2,50.8,0.82,3.4,13,0,,OK
 TH-02091,2026-06-05,A,21.4,33.4,28.6,52.9,1.49,5.6,8,0,,ok
 TH-02101,2026-06-05,A,21.4,31.3,26.5,48.8,1.33,4.2,10,0,,OK
 TH-02118,2026-06-05,A,21.4,31.3,23.9,47.9,1.71,5.6,3,0,,OK
 TH-02132,2026-06-05,A,21.4,30.6,23.6,51.9,1.85,5.8,10,0,,ok
 TH-02169,2026-06-05,B,21.4,,,,18421.6,,9,0,6021,0
 TH-02171,2026-06-05,B,21.4,,,,14027.6,,6,0,6021,0
 TH-02236,2026-06-05,B,21.4,,,,4191.1,,6,0,,0
 TH-02244,2026-06-05,B,21.4,,,,16825.9,,8,0,,0
 TH-02251,2026-06-05,B,21.4,32.1,27.2,,24405.6,,7,0,6021,0
 TH-02292,2026-06-05,C,21.4,,,,0.85,,,0,,warn
 TH-02294,2026-06-05,C,21.4,,,,1.58,,,0,ALM_SM_LINK,
 TH-02296,2026-06-05,C,21.4,,,,1.27,,,0,,OK
 TH-02331,2026-06-05,C,21.4,,,,1.43,,,0,,
 TH-02333,2026-06-05,C,21.4,,,,1.19,,,0,,
 TH-02336,2026-06-05,C,21.4,,,,1.45,,,0,,warn
 TH-02383,2026-06-05,C,21.4,,,,1.01,,,0,,OK
 TH-02384,2026-06-05,C,21.4,,,,1.0,,,0,,warn
 TH-02393,2026-06-05,C,21.4,,,,2.1,,,0,,
TH-02001,2026-06-05,A,21.4,33.4,28.8,46.0,1.12,4.2,6,0,,OK
TH-02002,2026-06-05,A,21.4,31.5,26.1,51.2,1.16,3.9,15,0,,OK
TH-02004,2026-06-05,A,21.4,31.0,25.7,52.3,0.99,3.6,7,0,,OK
TH-02006,2026-06-05,A,21.4,32.4,25.1,51.1,1.42,4.9,11,0,,OK
TH-02008,2026-06-05,A,21.4,31.6,24.2,47.2,1.06,4.2,12,0,,ok
TH-02009,2026-06-05,A,21.4,31.9,26.1,51.4,1.31,5.2,9,0,,OK
TH-02011,2026-06-05,A,21.4,31.4,24.5,47.4,1.13,3.5,12,0,,OK
TH-02012,2026-06-05,A,21.4,33.2,28.1,46.4,1.32,5.1,7,0,,OK
TH-02015,2026-06-05,A,21.4,32.5,26.6,47.4,1.01,3.9,6,0,,ok
TH-02017,2026-06-05,A,21.4,32.0,26.8,48.7,1.62,6.9,9,0,,OK
TH-02019,2026-06-05,A,21.4,30.7,24.8,48.7,0.96,4.0,6,0,,ok
TH-02020,2026-06-05,A,21.4,30.9,26.2,49.3,1.41,5.6,8,0,,OK
TH-02021,2026-06-05,A,21.4,31.4,24.9,47.2,1.02,3.9,4,0,,ok
TH-02023,2026-06-05,A,21.4,33.0,27.8,50.8,1.16,3.6,10,0,,OK
TH-02025,2026-06-05,A,21.4,32.9,27.2,47.8,0.96,3.8,10,0,,ok
TH-02028,2026-06-05,A,21.4,32.6,26.3,51.1,1.19,3.7,3,0,,OK
TH-02030,2026-06-05,A,21.4,31.6,24.9,50.3,0.92,3.8,4,0,,ok
TH-02031,2026-06-05,A,21.4,31.7,26.0,46.7,0.94,4.0,10,0,,OK
TH-02032,2026-06-05,A,21.4,30.9,24.7,50.0,1.84,6.7,2,0,,OK
TH-02033,2026-06-05,A,21.4,32.2,26.6,47.7,1.17,4.0,10,0,,ok
TH-02034,2026-06-05,A,21.4,30.6,24.7,50.3,1.49,6.3,4,0,,OK
TH-02035,2026-06-05,A,21.4,31.5,26.0,52.8,1.81,6.6,12,0,,OK
TH-02036,2026-06-05,A,21.4,30.6,25.0,47.0,2.01,6.6,10,0,,OK
TH-02037,2026-06-05,A,21.4,31.4,26.2,47.6,1.81,6.0,10,0,,OK
TH-02038,2026-06-05,A,21.4,31.7,25.3,50.4,1.55,6.6,9,0,,OK
TH-02040,2026-06-05,A,21.4,30.6,25.1,50.9,1.89,6.1,9,0,,ok
TH-02044,2026-06-05,A,21.4,31.5,26.6,49.4,1.09,3.8,11,0,,ok
TH-02045,2026-06-05,A,21.4,30.7,24.7,51.4,0.96,4.2,8,0,,OK
TH-02046,2026-06-05,A,21.4,32.9,26.7,49.4,1.2,4.4,11,0,,OK
TH-02047,2026-06-05,A,21.4,30.8,23.9,47.7,0.97,3.8,16,0,,OK
TH-02048,2026-06-05,A,21.4,33.4,26.1,51.1,1.89,6.2,5,0,,OK
TH-02049,2026-06-05,A,21.4,30.9,26.0,51.4,1.21,4.6,6,0,,ok
TH-02050,2026-06-05,A,21.4,30.8,25.5,49.6,1.67,6.1,9,0,,ok
TH-02051,2026-06-05,A,21.4,32.0,26.4,47.6,1.17,5.0,6,0,,OK
TH-02052,2026-06-05,A,21.4,32.7,27.9,52.8,2.31,7.3,8,0,,OK
TH-02053,2026-06-05,A,21.4,32.3,27.0,47.7,1.6,6.4,13,0,,ok
TH-02054,2026-06-05,A,21.4,32.8,26.2,47.9,1.27,4.9,7,0,,ok
TH-02055,2026-06-05,A,21.4,33.2,27.6,52.0,1.95,6.6,11,0,,OK
TH-02056,2026-06-05,A,21.4,32.0,25.0,46.4,0.97,3.9,8,0,,OK
TH-02061,2026-06-05,A,21.4,32.3,26.0,47.6,1.2,4.2,12,0,,OK
TH-02062,2026-06-05,A,21.4,33.4,28.2,47.1,2.0,7.2,8,0,,OK
TH-02068,2026-06-05,A,21.4,31.7,24.9,50.1,1.49,6.1,10,0,,OK
TH-02072,2026-06-05,A,21.4,33.0,26.4,48.0,1.0,3.6,7,0,,ok
TH-02073,2026-06-05,A,21.4,30.6,25.3,49.0,1.1,4.4,11,0,,OK
TH-02074,2026-06-05,A,21.4,32.4,26.9,48.5,1.67,6.4,7,0,,ok
TH-02076,2026-06-05,A,21.4,31.7,24.5,52.0,1.84,6.1,7,0,,OK
TH-02077,2026-06-05,A,21.4,32.2,25.9,46.4,1.43,4.6,9,0,,ok
TH-02078,2026-06-05,A,21.4,32.2,27.0,50.9,1.67,6.0,8,0,,OK
TH-02081,2026-06-05,A,21.4,31.5,24.4,51.5,1.43,5.2,11,0,,ok
TH-02084,2026-06-05,A,21.4,31.4,25.9,47.8,1.15,4.0,10,0,,ok
TH-02086,2026-06-05,A,21.4,31.5,26.2,49.8,1.21,4.0,10,0,,ok
TH-02090,2026-06-05,A,21.4,30.7,24.5,47.0,1.74,6.7,10,0,,OK
TH-02095,2026-06-05,A,21.4,31.6,26.8,52.5,0.89,3.3,11,0,,ok
TH-02097,2026-06-05,A,21.4,30.6,23.3,51.6,1.04,3.5,8,0,,ok
TH-02098,2026-06-05,A,21.4,33.3,28.3,52.7,1.83,6.1,9,0,,OK
TH-02099,2026-06-05,A,21.4,31.2,24.1,50.3,1.35,5.2,12,0,,OK
TH-02100,2026-06-05,A,21.4,31.7,24.9,51.5,1.56,6.6,14,0,,ok
TH-02103,2026-06-05,A,21.4,31.1,25.8,51.8,1.59,6.6,9,0,,ok
TH-02109,2026-06-05,A,21.4,31.9,26.7,48.8,1.63,5.2,12,0,,OK
TH-02111,2026-06-05,A,21.4,31.1,24.5,48.0,1.27,4.7,9,0,E-505,ok
TH-02112,2026-06-05,A,21.4,30.6,25.5,47.9,1.35,5.5,10,0,,OK
TH-02114,2026-06-05,A,21.4,32.1,25.7,49.6,1.34,5.6,7,0,,OK
TH-02121,2026-06-05,A,21.4,32.3,25.1,48.0,1.51,5.7,9,0,,ok
TH-02122,2026-06-05,A,21.4,31.9,27.3,52.2,1.79,6.0,10,0,E-104,warn
TH-02124,2026-06-05,A,21.4,-999,25.9,47.0,1.65,6.1,9,0,,ok
TH-02125,2026-06-05,A,21.4,32.4,26.1,50.5,1.46,5.0,7,0,,OK
TH-02126,2026-06-05,A,21.4,32.0,25.3,49.2,1.6,6.3,9,0,,ok
TH-02127,2026-06-05,A,21.4,31.5,24.9,50.6,2.35,7.3,4,0,,ok
TH-02129,2026-06-05,A,21.4,33.1,26.0,48.6,2.11,7.2,15,0,,ok
TH-02130,2026-06-05,A,21.4,31.3,26.7,48.9,1.27,5.2,7,0,,OK
TH-02134,2026-06-05,A,21.4,32.5,25.4,51.4,1.76,7.1,9,0,,ok
TH-02135,2026-06-05,A,21.4,33.0,27.7,48.4,0.95,3.1,6,0,,OK
TH-02136,2026-06-05,A,21.4,32.5,27.6,52.1,0.97,4.0,9,0,,OK
TH-02137,2026-06-05,A,21.4,30.9,24.2,46.9,1.17,4.0,16,0,,OK
TH-02140,2026-06-05,A,21.4,32.6,25.5,52.4,1.77,7.4,10,0,,OK
TH-02143,2026-06-05,B,21.4,,,,17878.4,,8,0,6021,0
TH-02144,2026-06-05,B,21.4,,,,12897.9,,4,0,6021,0
TH-02145,2026-06-05,B,21.4,,,,4770.4,,7,0,,0
TH-02146,2026-06-05,B,21.4,,,,24461.1,,13,0,6021,0
TH-02148,2026-06-05,B,21.4,,,,12860.7,,7,0,,0
TH-02149,2026-06-05,B,21.4,,,,8032.9,,3,0,6021,0
TH-02153,2026-06-05,B,21.4,,,,18982.4,,6,0,,0
TH-02155,2026-06-05,B,21.4,,,,4444.6,,2,0,,0
TH-02158,2026-06-05,B,21.4,,,,7024.1,,6,0,,0
TH-02159,2026-06-05,B,21.4,,,,12030.2,,8,0,6021,0
TH-02160,2026-06-05,B,21.4,,,,14894.5,,9,0,,0
TH-02161,2026-06-05,B,21.4,,,,8245.0,,7,0,6021,0
TH-02162,2026-06-05,B,21.4,,,,14604.5,,8,0,6021,0
TH-02165,2026-06-05,B,21.4,,,,15066.0,,4,0,6021,0
TH-02166,2026-06-05,B,21.4,,,,17495.5,,7,0,,0
TH-02168,2026-06-05,B,21.4,,,,13602.6,,11,0,3104,2
TH-02170,2026-06-05,B,21.4,,,,11405.9,,7,0,6021,0
TH-02173,2026-06-05,B,21.4,,,,6911.6,,13,0,6021,0
TH-02175,2026-06-05,B,21.4,32.2,26.4,,12011.0,,11,0,,0
TH-02176,2026-06-05,B,21.4,,,,5373.6,,9,0,7702,2
TH-02177,2026-06-05,B,21.4,,,,12902.7,,8,0,,0
TH-02178,2026-06-05,B,21.4,,,,19454.0,,7,0,,0
TH-02180,2026-06-05,B,21.4,,,,11563.0,,10,0,,0
TH-02181,2026-06-05,B,21.4,,,,18702.6,,4,0,,0
TH-02182,2026-06-05,B,21.4,,,,20907.8,,2,0,,0
TH-02184,2026-06-05,B,21.4,,,,20244.9,,11,0,6021,0
TH-02185,2026-06-05,B,21.4,,,,25180.9,,12,0,6021,0
TH-02187,2026-06-05,B,21.4,,,,13570.1,,9,0,6021,0
TH-02188,2026-06-05,B,21.4,,,,24442.5,,8,0,6021,0
TH-02189,2026-06-05,B,21.4,,,,19314.3,,4,0,,0
TH-02190,2026-06-05,B,21.4,,,,24628.8,,9,0,6021,0
TH-02192,2026-06-05,B,21.4,,,,23333.2,,11,0,,0
TH-02194,2026-06-05,B,21.4,,,,18967.3,,7,0,,0
TH-02195,2026-06-05,B,21.4,,,,14788.3,,8,0,6021,0
TH-02196,2026-06-05,B,21.4,,,,25174.5,,7,0,6021,0
TH-02202,2026-06-05,B,21.4,,,,13775.7,,7,0,6021,0
TH-02204,2026-06-05,B,21.4,,,,5136.1,,12,0,,0
TH-02206,2026-06-05,B,21.4,,,,17351.2,,17,0,6021,0
TH-02207,2026-06-05,B,21.4,,,,13633.3,,12,0,,0
TH-02213,2026-06-05,B,21.4,,,,9277.9,,7,0,6021,0
TH-02214,2026-06-05,B,21.4,,,,9082.3,,13,0,,0
TH-02215,2026-06-05,B,21.4,,,,18206.6,,11,0,6021,0
TH-02221,2026-06-05,B,21.4,,,,16152.3,,8,0,6021,0
TH-02223,2026-06-05,B,21.4,,,,22189.7,,12,0,,0
TH-02224,2026-06-05,B,21.4,,,,8711.5,,11,0,6021,0
TH-02226,2026-06-05,B,21.4,32.9,28.0,,9697.0,,15,0,,0
TH-02228,2026-06-05,B,21.4,,,,23895.0,,7,0,,0
TH-02230,2026-06-05,B,21.4,,,,25577.9,,10,0,6021,0
TH-02231,2026-06-05,B,21.4,,,,7532.6,,7,0,6021,0
TH-02234,2026-06-05,B,21.4,,,,13243.0,,7,0,,0
TH-02235,2026-06-05,B,21.4,32.3,26.8,,22633.1,,6,0,,0
TH-02238,2026-06-05,B,21.4,,,,7727.2,,9,0,,0
TH-02240,2026-06-05,B,21.4,,,,8005.3,,6,0,1188,2
TH-02242,2026-06-05,B,21.4,,,,14294.8,,8,0,6021,0
TH-02243,2026-06-05,B,21.4,,,,11636.5,,3,0,6021,0
TH-02245,2026-06-05,B,21.4,,,,14880.7,,6,0,6021,0
TH-02247,2026-06-05,B,21.4,,,,5431.7,,10,0,,0
TH-02248,2026-06-05,B,21.4,,,,23237.5,,6,0,6021,0
TH-02250,2026-06-05,B,21.4,31.7,27.1,,11136.5,,10,0,6021,0
TH-02255,2026-06-05,B,21.4,,,,12881.3,,8,0,,0
TH-02256,2026-06-05,B,21.4,,,,7802.7,,7,0,,0
TH-02257,2026-06-05,B,21.4,,,,21232.3,,10,0,,0
TH-02258,2026-06-05,B,21.4,,,,10306.3,,14,0,,0
TH-02259,2026-06-05,B,21.4,,,,12241.1,,5,0,6021,0
TH-02260,2026-06-05,B,21.4,,,,7287.3,,10,0,,0
TH-02262,2026-06-05,B,21.4,,,,9132.0,,8,0,,0
TH-02265,2026-06-05,B,21.4,,,,22540.3,,4,0,7702,2
TH-02267,2026-06-05,B,21.4,,,,11490.7,,7,0,6021,0
TH-02268,2026-06-05,B,21.4,,,,23775.8,,10,0,,0
TH-02269,2026-06-05,B,21.4,,,,12350.5,,5,0,,0
TH-02270,2026-06-05,B,21.4,,,,21885.8,,10,0,,0
TH-02271,2026-06-05,B,21.4,,,,4896.5,,7,0,6021,0
TH-02272,2026-06-05,B,21.4,,,,24802.9,,5,0,6021,0
TH-02273,2026-06-05,B,21.4,,,,19760.8,,13,0,,0
TH-02275,2026-06-05,B,21.4,,,,12295.5,,8,0,,0
TH-02277,2026-06-05,B,21.4,,,,17833.0,,7,0,6021,0
TH-02278,2026-06-05,B,21.4,,,,14774.7,,5,0,6021,0
TH-02279,2026-06-05,B,21.4,,,,21041.8,,10,0,6021,0
TH-02280,2026-06-05,B,21.4,,,,17668.7,,6,0,6021,0
TH-02281,2026-06-05,B,21.4,,,,4211.0,,8,0,,0
TH-02283,2026-06-05,B,21.4,,,,21301.0,,8,0,6021,0
TH-02285,2026-06-05,B,21.4,,,,12774.5,,7,0,,0
TH-02286,2026-06-05,B,21.4,,,,7525.0,,11,0,6021,0
TH-02287,2026-06-05,B,21.4,,,,17976.6,,4,0,,0
TH-02288,2026-06-05,B,21.4,,,,5388.0,,8,0,,0
TH-02290,2026-06-05,B,21.4,,,,7268.1,,14,0,,0
TH-02297,2026-06-05,C,21.4,,,,0.95,,,0,,warn
TH-02298,2026-06-05,C,21.4,,,,1.99,,,0,,OK
TH-02299,2026-06-05,C,21.4,,,,1.24,,,0,,warn
TH-02302,2026-06-05,C,21.4,,,,1.47,,,0,,OK
TH-02303,2026-06-05,C,21.4,,,,2.18,,,0,,
TH-02304,2026-06-05,C,21.4,,,,2.1,,,0,,
TH-02307,2026-06-05,C,21.4,,,,1.34,,,0,,
TH-02308,2026-06-05,C,21.4,,,,1.27,,,0,,warn
TH-02311,2026-06-05,C,21.4,,,,1.28,,,0,,warn
TH-02312,2026-06-05,C,21.4,,,49.8,1.6,,,0,,
TH-02313,2026-06-05,C,21.4,,,,0.99,,,0,,OK
TH-02314,2026-06-05,C,21.4,,,,0.78,,,0,,OK
TH-02316,2026-06-05,C,21.4,,,,1.35,,,0,,OK
TH-02317,2026-06-05,C,21.4,,,,1.67,,,0,,OK
TH-02319,2026-06-05,C,21.4,,,,1.3,,,0,,OK
TH-02322,2026-06-05,C,21.4,,,,1.61,,,0,,
TH-02323,2026-06-05,C,21.4,,,,1.47,,,0,,warn
TH-02324,2026-06-05,C,21.4,,,,0.81,,,0,,
TH-02334,2026-06-05,C,21.4,,,48.2,2.21,,,0,,warn
TH-02338,2026-06-05,C,21.4,,,,1.19,,,0,,
TH-02339,2026-06-05,C,21.4,,,,1.41,,,0,,OK
TH-02340,2026-06-05,C,21.4,,,,1.55,,,0,,
TH-02341,2026-06-05,C,21.4,,,,1.13,,,0,,warn
TH-02342,2026-06-05,C,21.4,,,,0.76,,,0,,
TH-02343,2026-06-05,C,21.4,,,,1.41,,,0,,OK
TH-02344,2026-06-05,C,21.4,,,,1.68,,,0,,warn
TH-02345,2026-06-05,C,21.4,,,,0.85,,,0,,OK
TH-02347,2026-06-05,C,21.4,,,,1.6,,,0,,OK
TH-02348,2026-06-05,C,21.4,,,,1.61,,,0,,
TH-02351,2026-06-05,C,21.4,,,,1.67,,,0,,
TH-02352,2026-06-05,C,21.4,,,,1.2,,,0,,OK
TH-02354,2026-06-05,C,21.4,,,,1.38,,,0,,warn
TH-02355,2026-06-05,C,21.4,,,,1.42,,,0,,warn
TH-02357,2026-06-05,C,21.4,30.7,,,1.87,,,0,,warn
TH-02358,2026-06-05,C,21.4,32.2,,,1.31,,,0,,OK
TH-02360,2026-06-05,C,21.4,,,,1.04,,,0,,warn
TH-02361,2026-06-05,C,21.4,,,,1.43,,,0,,OK
TH-02363,2026-06-05,C,21.4,,,,2.3,,,0,,OK
TH-02365,2026-06-05,C,21.4,,,,1.65,,,0,,
TH-02366,2026-06-05,C,21.4,,,,1.78,,,0,,warn
TH-02367,2026-06-05,C,21.4,,,,1.88,,,0,,
TH-02371,2026-06-05,C,21.4,,,,1.62,,,0,,OK
TH-02375,2026-06-05,C,21.4,,,,0.9,,,0,,
TH-02377,2026-06-05,C,21.4,,,49.0,1.66,,,0,,warn
TH-02379,2026-06-05,C,21.4,,,,1.75,,,0,,warn
TH-02381,2026-06-05,C,21.4,,,,1.72,,,0,,
TH-02385,2026-06-05,C,21.4,,,49.6,1.98,,,0,,warn
TH-02387,2026-06-05,C,21.4,,,,1.6,,,0,,
TH-02388,2026-06-05,C,21.4,,,0,1.76,,,0,,warn
TH-02389,2026-06-05,C,21.4,,,,1.7,,,0,,warn
TH-02395,2026-06-05,C,21.4,,,,1.66,,,0,,warn
TH-02396,2026-06-05,C,21.4,,,,2.21,,,0,,
TH-02397,2026-06-05,C,21.4,,,,1.16,,,0,,warn
TH-02398,2026-06-05,C,21.4,,,,1.95,,,0,,OK
TH-02399,2026-06-05,C,21.4,,,,2.04,,,0,,
TH-02400,2026-06-05,C,21.4,,,,1.49,,,0,,
TH-90000,2026-06-05,C,21.4,,,,7.46,,,0,,OK
TH-90001,2026-06-05,C,21.4,,,,9.51,,,0,,OK
TH-90002,2026-06-05,C,21.4,,,,8.11,,,0,,OK
TH-90003,2026-06-05,C,21.4,,,,11.4,,,0,,OK
TH-90004,2026-06-05,C,21.4,,,,2.92,,,0,,OK
th-02005,2026-06-05,A,21.4,33.0,27.3,47.1,0.91,3.4,8,0,,OK
th-02007,2026-06-05,A,21.4,31.4,26.1,51.0,1.25,5.3,8,0,,OK
th-02063,2026-06-05,A,21.4,31.2,25.3,48.1,1.35,5.0,9,0,,OK
th-02071,2026-06-05,A,21.4,31.5,25.1,51.9,1.01,3.4,9,0,,OK
th-02075,2026-06-05,A,21.4,33.1,25.8,46.9,1.75,6.6,3,0,,OK
th-02080,2026-06-05,A,21.4,30.8,25.3,50.5,1.12,3.5,3,0,,OK
th-02083,2026-06-05,A,21.4,32.0,27.2,47.9,0.85,3.6,8,0,,ok
th-02087,2026-06-05,A,21.4,33.4,28.3,53.0,1.04,4.5,9,0,,ok
th-02093,2026-06-05,A,21.4,32.4,26.2,52.0,1.09,4.3,7,0,,ok
th-02094,2026-06-05,A,21.4,32.6,25.9,46.4,1.21,4.9,5,0,,ok
th-02113,2026-06-05,A,21.4,33.2,25.9,52.5,1.61,5.9,10,0,,OK
th-02120,2026-06-05,A,21.4,32.3,26.3,47.8,1.65,5.6,10,0,,ok
th-02133,2026-06-05,A,21.4,32.8,28.3,46.0,1.24,4.4,10,0,,ok
th-02138,2026-06-05,A,21.4,33.2,27.6,47.1,1.04,3.5,8,0,,OK
th-02139,2026-06-05,A,21.4,32.5,26.8,50.5,1.51,4.9,7,0,,ok
th-02141,2026-06-05,B,21.4,,,,17124.6,,7,0,,0
th-02152,2026-06-05,B,21.4,,,,22474.6,,8,0,6021,0
th-02216,2026-06-05,B,21.4,,,,17118.6,,6,0,,0
th-02239,2026-06-05,B,21.4,,,,17162.2,,5,0,6021,0
th-02249,2026-06-05,B,21.4,,,,6848.3,,9,0,6021,0
th-02266,2026-06-05,B,21.4,,,,16063.3,,10,0,,0
th-02300,2026-06-05,C,21.4,,,,1.26,,,0,,
th-02309,2026-06-05,C,21.4,,,,0.69,,,0,,warn
th-02335,2026-06-05,C,21.4,33.2,,,1.41,,,0,,warn
th-02346,2026-06-05,C,21.4,,,,0.95,,,0,,warn
th-02359,2026-06-05,C,21.4,,,,1.05,,,0,,OK
th-02374,2026-06-05,C,21.4,,,,1.25,,,0,,
th-02380,2026-06-05,C,21.4,,,,1.2,,,0,,warn
 TH-02006,2026-06-06,A,17.2,31.6,27.1,53.0,1.7,7.0,8,0,,OK
 TH-02015,2026-06-06,A,17.2,31.0,26.1,49.6,1.95,7.3,5,0,,ok
 TH-02072,2026-06-06,A,17.2,31.2,25.7,48.2,1.11,4.2,8,0,,OK
 TH-02129,2026-06-06,A,17.2,33.3,26.9,47.6,1.32,4.2,9,0,,ok
 TH-02134,2026-06-06,A,17.2,32.7,26.7,47.7,1.21,4.5,16,0,,OK
 TH-02160,2026-06-06,B,17.2,,,,14895.7,,10,0,6021,0
 TH-02235,2026-06-06,B,17.2,,,,22634.3,,8,0,6021,0
 TH-02247,2026-06-06,B,17.2,,,,5433.6,,9,0,6021,0
 TH-02266,2026-06-06,B,17.2,,,,16065.0,,11,0,,0
 TH-02286,2026-06-06,B,17.2,,,,7526.4,,9,0,,0
 TH-02299,2026-06-06,C,17.2,,,,1.55,,,0,,warn
 TH-02302,2026-06-06,C,17.2,,,,1.48,,,0,,
 TH-02314,2026-06-06,C,17.2,,,,1.63,,,0,,
TH-02001,2026-06-06,A,17.2,32.0,25.0,51.3,1.01,4.2,12,0,,OK
TH-02002,2026-06-06,A,17.2,32.4,25.9,48.6,1.58,5.4,12,0,,OK
TH-02004,2026-06-06,A,17.2,31.1,24.1,46.7,1.68,6.9,13,0,E-104,warn
TH-02005,2026-06-06,A,17.2,32.0,27.1,46.0,1.65,6.5,4,0,,OK
TH-02007,2026-06-06,A,17.2,33.0,25.7,48.8,0.94,4.1,5,0,,ok
TH-02008,2026-06-06,A,17.2,31.1,24.8,49.5,1.37,6.0,7,0,,ok
TH-02009,2026-06-06,A,17.2,32.0,26.9,46.6,1.34,4.9,9,0,,ok
TH-02011,2026-06-06,A,17.2,30.8,25.3,48.7,1.95,7.0,2,0,,OK
TH-02012,2026-06-06,A,17.2,30.6,25.1,51.4,1.08,3.5,4,0,,OK
TH-02017,2026-06-06,A,17.2,33.1,27.7,52.5,1.51,4.9,9,0,,OK
TH-02019,2026-06-06,A,17.2,31.7,25.6,46.6,1.44,5.5,10,0,,OK
TH-02020,2026-06-06,A,17.2,32.6,26.2,52.5,-3.7,3.7,4,0,,ok
TH-02021,2026-06-06,A,17.2,33.1,27.1,50.4,1.81,6.6,8,0,,OK
TH-02023,2026-06-06,A,17.2,33.3,26.7,50.1,1.9,6.7,7,0,,OK
TH-02030,2026-06-06,A,17.2,32.7,26.1,46.2,1.27,5.1,6,0,,ok
TH-02032,2026-06-06,A,17.2,32.2,26.6,48.9,1.1,4.8,10,0,,ok
TH-02033,2026-06-06,A,17.2,31.7,25.3,49.3,1.38,5.5,8,0,,OK
TH-02034,2026-06-06,A,17.2,32.9,26.4,50.8,0.8,3.3,8,0,,ok
TH-02035,2026-06-06,A,17.2,30.8,25.6,51.5,0.69,3.0,12,0,,OK
TH-02036,2026-06-06,A,17.2,32.0,26.4,48.8,0.94,3.7,8,0,,OK
TH-02037,2026-06-06,A,17.2,31.5,25.7,46.3,1.53,6.4,5,0,,OK
TH-02038,2026-06-06,A,17.2,32.0,25.6,52.4,1.0,4.2,9,0,,ok
TH-02040,2026-06-06,A,17.2,33.2,25.9,51.1,0.89,3.0,12,0,,OK
TH-02044,2026-06-06,A,17.2,33.1,27.8,46.1,1.31,4.4,9,0,,ok
TH-02045,2026-06-06,A,17.2,33.4,26.7,48.6,0.93,3.8,12,0,,OK
TH-02047,2026-06-06,A,17.2,-999,27.6,47.2,1.28,5.1,6,0,,OK
TH-02048,2026-06-06,A,17.2,33.1,25.6,47.0,1.42,4.7,11,0,,OK
TH-02049,2026-06-06,A,17.2,32.2,24.8,48.1,1.1,3.7,9,0,,OK
TH-02050,2026-06-06,A,17.2,32.9,26.8,47.6,1.22,5.3,8,0,,ok
TH-02052,2026-06-06,A,17.2,32.4,25.6,51.5,1.18,4.6,4,0,,OK
TH-02053,2026-06-06,A,17.2,31.7,25.4,48.2,0.98,3.1,10,0,,ok
TH-02054,2026-06-06,A,17.2,30.5,24.3,49.2,1.4,5.1,10,0,,OK
TH-02055,2026-06-06,A,17.2,33.1,27.0,48.0,1.54,6.4,5,0,,OK
TH-02062,2026-06-06,A,17.2,32.9,28.0,50.1,1.66,5.2,11,0,,ok
TH-02063,2026-06-06,A,17.2,30.6,26.0,46.5,1.32,4.6,8,0,,ok
TH-02065,2026-06-06,A,17.2,32.0,25.1,52.5,1.39,4.9,11,0,,ok
TH-02068,2026-06-06,A,17.2,31.0,23.6,52.7,1.89,7.3,10,0,,ok
TH-02071,2026-06-06,A,17.2,32.2,26.1,47.8,1.27,4.2,18,0,,ok
TH-02073,2026-06-06,A,17.2,31.3,24.7,52.8,1.18,4.2,2,0,,ok
TH-02074,2026-06-06,A,17.2,31.2,24.5,47.8,1.07,4.2,12,0,,ok
TH-02075,2026-06-06,A,17.2,32.8,27.3,47.3,0.76,3.2,8,0,,ok
TH-02076,2026-06-06,A,17.2,32.4,27.4,47.2,1.99,6.6,11,0,,OK
TH-02077,2026-06-06,A,17.2,31.4,24.3,48.0,0.8,3.2,8,0,,ok
TH-02078,2026-06-06,A,17.2,30.7,25.3,46.2,1.34,4.8,7,0,,OK
TH-02080,2026-06-06,A,17.2,32.6,27.2,47.8,1.61,5.7,7,0,,OK
TH-02081,2026-06-06,A,17.2,32.7,27.9,50.4,0.99,3.8,6,0,,OK
TH-02085,2026-06-06,A,17.2,33.3,26.1,47.0,1.27,5.4,11,0,,ok
TH-02086,2026-06-06,A,17.2,32.2,26.4,48.2,1.86,5.9,10,0,,ok
TH-02090,2026-06-06,A,17.2,33.1,26.8,48.1,1.77,5.9,9,0,,OK
TH-02091,2026-06-06,A,17.2,31.7,24.8,51.4,1.38,4.5,11,0,,OK
TH-02093,2026-06-06,A,17.2,32.2,25.4,53.0,1.96,7.0,8,0,,ok
TH-02094,2026-06-06,A,17.2,32.3,24.9,47.4,0.82,3.5,8,0,,ok
TH-02097,2026-06-06,A,17.2,31.8,26.2,47.0,1.56,5.0,4,0,,OK
TH-02099,2026-06-06,A,17.2,30.5,24.6,52.4,1.25,5.2,9,0,,OK
TH-02100,2026-06-06,A,17.2,30.9,26.4,48.9,1.02,4.1,8,0,,ok
TH-02101,2026-06-06,A,17.2,33.1,27.5,46.3,1.83,6.0,3,0,,ok
TH-02103,2026-06-06,A,17.2,30.8,23.5,51.9,1.08,4.6,7,0,,ok
TH-02109,2026-06-06,A,17.2,33.3,26.2,50.2,1.53,6.6,10,0,,OK
TH-02114,2026-06-06,A,17.2,32.8,27.1,53.0,1.48,5.7,12,0,,ok
TH-02118,2026-06-06,A,17.2,32.0,25.3,49.6,1.06,3.3,4,0,,OK
TH-02121,2026-06-06,A,17.2,31.6,25.9,47.4,1.28,4.6,10,0,,OK
TH-02124,2026-06-06,A,17.2,31.1,25.6,52.1,0.94,3.6,18,0,,ok
TH-02125,2026-06-06,A,17.2,32.0,26.2,46.1,1.58,6.6,11,0,,ok
TH-02126,2026-06-06,A,17.2,30.7,25.9,46.8,0.81,3.5,6,0,,ok
TH-02132,2026-06-06,A,17.2,32.8,26.6,48.1,1.26,5.2,13,0,,ok
TH-02133,2026-06-06,A,17.2,33.0,27.1,49.0,1.06,3.7,7,0,,ok
TH-02135,2026-06-06,A,17.2,32.3,27.2,47.8,1.19,4.2,15,0,,ok
TH-02136,2026-06-06,A,17.2,31.2,26.6,49.5,1.37,5.6,11,0,,ok
TH-02137,2026-06-06,A,17.2,32.3,26.1,46.1,1.36,5.3,4,0,,ok
TH-02138,2026-06-06,A,17.2,32.1,27.1,47.9,1.62,5.6,12,0,,ok
TH-02139,2026-06-06,A,17.2,33.2,27.2,51.2,0.82,3.6,10,0,,OK
TH-02140,2026-06-06,A,17.2,31.5,24.1,46.6,1.47,5.0,8,0,,ok
TH-02143,2026-06-06,B,17.2,,,,17879.8,,12,0,,0
TH-02145,2026-06-06,B,17.2,,,,4772.1,,2,0,6021,0
TH-02146,2026-06-06,B,17.2,,,,24462.8,,6,0,,0
TH-02148,2026-06-06,B,17.2,31.3,25.9,,12862.3,,11,0,,0
TH-02149,2026-06-06,B,17.2,,,,8034.4,,10,0,,0
TH-02152,2026-06-06,B,17.2,,,,22476.4,,7,0,,0
TH-02153,2026-06-06,B,17.2,,,,18983.9,,6,0,,0
TH-02155,2026-06-06,B,17.2,,,,4445.7,,13,0,6021,0
TH-02158,2026-06-06,B,17.2,,,,7025.7,,12,0,6021,0
TH-02159,2026-06-06,B,17.2,,,,12031.5,,7,0,6021,0
TH-02161,2026-06-06,B,17.2,,,,8246.1,,10,0,,0
TH-02162,2026-06-06,B,17.2,,,,14606.8,,7,0,6021,0
TH-02165,2026-06-06,B,17.2,32.3,27.1,,15067.0,,13,0,,0
TH-02168,2026-06-06,B,17.2,,,,13603.7,,10,0,6021,0
TH-02169,2026-06-06,B,17.2,,,,18423.1,,8,0,,0
TH-02170,2026-06-06,B,17.2,,,,11407.4,,14,0,,0
TH-02171,2026-06-06,B,17.2,,,,14028.6,,11,0,,0
TH-02173,2026-06-06,B,17.2,,,,6913.2,,6,0,,0
TH-02176,2026-06-06,B,17.2,,,,5374.5,,9,0,,0
TH-02177,2026-06-06,B,17.2,,,,12904.1,,10,0,6021,0
TH-02178,2026-06-06,B,17.2,,,,19456.4,,9,0,6021,0
TH-02180,2026-06-06,B,17.2,,,,11564.4,,10,0,,0
TH-02181,2026-06-06,B,17.2,,,,18703.6,,3,0,6021,0
TH-02182,2026-06-06,B,17.2,,,,20909.2,,3,0,,0
TH-02185,2026-06-06,B,17.2,,,,25181.9,,9,0,6021,0
TH-02187,2026-06-06,B,17.2,,,,13572.2,,12,0,,0
TH-02190,2026-06-06,B,17.2,,,,24630.1,,14,0,,0
TH-02192,2026-06-06,B,17.2,,,,23334.3,,7,0,6021,0
TH-02194,2026-06-06,B,17.2,,,,18969.2,,6,0,6021,0
TH-02195,2026-06-06,B,17.2,,,,14789.6,,9,0,,0
TH-02196,2026-06-06,B,17.2,,,,25175.9,,8,0,,0
TH-02202,2026-06-06,B,17.2,,,,13777.5,,4,0,,0
TH-02204,2026-06-06,B,17.2,,,,5137.1,,9,0,,0
TH-02206,2026-06-06,B,17.2,,,,17352.2,,8,0,,0
TH-02207,2026-06-06,B,17.2,,,,13634.4,,5,0,6021,0
TH-02213,2026-06-06,B,17.2,,,,9279.3,,9,0,6021,0
TH-02214,2026-06-06,B,17.2,,,,9084.0,,6,0,,0
TH-02215,2026-06-06,B,17.2,,,,18207.5,,9,0,,0
TH-02216,2026-06-06,B,17.2,,,,17120.0,,7,0,,0
TH-02221,2026-06-06,B,17.2,,,,16154.1,,6,0,,0
TH-02223,2026-06-06,B,17.2,32.5,27.2,,22191.0,,8,0,,0
TH-02224,2026-06-06,B,17.2,,,,8713.4,,5,0,,0
TH-02228,2026-06-06,B,17.2,,,,23897.0,,8,0,,0
TH-02230,2026-06-06,B,17.2,32.2,26.8,,25579.2,,11,0,6021,0
TH-02231,2026-06-06,B,17.2,,,,7533.7,,14,0,,0
TH-02234,2026-06-06,B,17.2,,,,13245.1,,10,0,,0
TH-02239,2026-06-06,B,17.2,,,,17163.3,,8,0,,0
TH-02240,2026-06-06,B,17.2,,,,8006.8,,6,0,6021,0
TH-02242,2026-06-06,B,17.2,,,,14296.1,,5,0,6021,0
TH-02245,2026-06-06,B,17.2,,,,14882.1,,5,0,,0
TH-02246,2026-06-06,B,17.2,33.1,26.4,,15907.9,,5,0,,0
TH-02248,2026-06-06,B,17.2,,,,23238.7,,9,0,6021,0
TH-02249,2026-06-06,B,17.2,,,,6849.9,,10,0,6021,0
TH-02250,2026-06-06,B,17.2,,,,11137.5,,9,0,6021,0
TH-02251,2026-06-06,B,17.2,,,,24406.7,,11,0,6021,0
TH-02255,2026-06-06,B,17.2,,,,12882.9,,9,0,,0
TH-02256,2026-06-06,B,17.2,,,,7803.7,,13,0,6021,0
TH-02257,2026-06-06,B,17.2,,,,21233.6,,11,0,,0
TH-02259,2026-06-06,B,17.2,,,,12241.9,,11,0,,0
TH-02260,2026-06-06,B,17.2,,,,7288.5,,8,0,,0
TH-02262,2026-06-06,B,17.2,,,,9133.3,,11,0,,0
TH-02265,2026-06-06,B,17.2,,,,22542.4,,8,0,6021,0
TH-02267,2026-06-06,B,17.2,,,,11491.5,,7,0,,0
TH-02268,2026-06-06,B,17.2,,,,23776.8,,6,0,,0
TH-02269,2026-06-06,B,17.2,,,,12352.0,,2,0,6021,0
TH-02270,2026-06-06,B,17.2,,,,21887.5,,12,0,,0
TH-02271,2026-06-06,B,17.2,,,,4897.4,,6,0,,0
TH-02272,2026-06-06,B,17.2,,,,24804.6,,13,0,6021,0
TH-02273,2026-06-06,B,17.2,,,,19762.1,,14,0,,0
TH-02275,2026-06-06,B,17.2,,,,12297.1,,9,0,6021,0
TH-02277,2026-06-06,B,17.2,32.8,27.1,,17834.1,,3,0,6021,0
TH-02278,2026-06-06,B,17.2,,,,14775.6,,10,0,6021,0
TH-02279,2026-06-06,B,17.2,,,,21044.0,,9,0,6021,0
TH-02280,2026-06-06,B,17.2,,,,17669.9,,6,0,,0
TH-02281,2026-06-06,B,17.2,,,,4211.9,,8,0,,0
TH-02285,2026-06-06,B,17.2,,,,12776.5,,5,0,6021,0
TH-02287,2026-06-06,B,17.2,,,,17978.1,,5,0,,0
TH-02288,2026-06-06,B,17.2,,,,5389.5,,7,0,6021,0
TH-02290,2026-06-06,B,17.2,,,,7269.1,,10,0,,0
TH-02296,2026-06-06,C,17.2,33.5,,,1.3,,,0,,OK
TH-02297,2026-06-06,C,17.2,,,,1.22,,,0,,
TH-02298,2026-06-06,C,17.2,,,,1.45,,,0,,warn
TH-02300,2026-06-06,C,17.2,,,,0.74,,,0,,warn
TH-02303,2026-06-06,C,17.2,,,,2.27,,,0,,
TH-02308,2026-06-06,C,17.2,,,,1.04,,,0,,
TH-02309,2026-06-06,C,17.2,,,,1.82,,,0,,warn
TH-02311,2026-06-06,C,17.2,,,48.2,1.61,,,0,,OK
TH-02312,2026-06-06,C,17.2,,,,1.54,,,0,,OK
TH-02313,2026-06-06,C,17.2,,,,1.1,,,0,,
TH-02316,2026-06-06,C,17.2,,,,1.0,,,0,,
TH-02317,2026-06-06,C,17.2,,,,1.44,,,0,ALM_SM_LINK,warn
TH-02319,2026-06-06,C,17.2,,,,1.96,,,0,,warn
TH-02322,2026-06-06,C,17.2,,,,0.88,,,0,,OK
TH-02324,2026-06-06,C,17.2,,,50.1,1.21,,,0,,
TH-02331,2026-06-06,C,17.2,,,,1.22,,,0,,OK
TH-02333,2026-06-06,C,17.2,,,,0.98,,,0,,
TH-02334,2026-06-06,C,17.2,,,,1.51,,,0,,OK
TH-02337,2026-06-06,C,17.2,,,,2.27,,,0,,
TH-02339,2026-06-06,C,17.2,,,,1.87,,,0,,OK
TH-02340,2026-06-06,C,17.2,,,,0.85,,,0,,warn
TH-02343,2026-06-06,C,17.2,,,,1.62,,,0,,
TH-02346,2026-06-06,C,17.2,,,,1.67,,,0,,warn
TH-02347,2026-06-06,C,17.2,,,,1.56,,,0,,OK
TH-02348,2026-06-06,C,17.2,,,,0.8,,,0,,warn
TH-02352,2026-06-06,C,17.2,,,51.5,1.37,,,0,,
TH-02354,2026-06-06,C,17.2,,,,0.9,,,0,,OK
TH-02355,2026-06-06,C,17.2,,,51.6,1.17,,,0,,warn
TH-02357,2026-06-06,C,17.2,,,,1.04,,,0,,
TH-02358,2026-06-06,C,17.2,,,,1.84,,,0,,
TH-02359,2026-06-06,C,17.2,,,,1.54,,,0,,warn
TH-02360,2026-06-06,C,17.2,,,,1.51,,,0,,
TH-02361,2026-06-06,C,17.2,,,,1.58,,,0,,
TH-02363,2026-06-06,C,17.2,30.9,,,1.66,,,0,,OK
TH-02365,2026-06-06,C,17.2,,,,1.99,,,0,,OK
TH-02367,2026-06-06,C,17.2,,,,1.23,,,0,,OK
TH-02371,2026-06-06,C,17.2,,,,1.17,,,0,,
TH-02375,2026-06-06,C,17.2,,,,1.73,,,0,,warn
TH-02377,2026-06-06,C,17.2,,,,2.27,,,0,,
TH-02379,2026-06-06,C,17.2,,,,1.88,,,0,,warn
TH-02380,2026-06-06,C,17.2,,,,2.04,,,0,,
TH-02381,2026-06-06,C,17.2,,,,1.78,,,0,,
TH-02383,2026-06-06,C,17.2,,,,1.89,,,0,,
TH-02384,2026-06-06,C,17.2,,,,1.55,,,0,,
TH-02385,2026-06-06,C,17.2,,,,1.72,,,0,,OK
TH-02387,2026-06-06,C,17.2,,,,1.67,,,0,,warn
TH-02388,2026-06-06,C,17.2,,,,1.75,,,0,,
TH-02389,2026-06-06,C,17.2,,,,1.66,,,0,,
TH-02393,2026-06-06,C,17.2,,,,1.33,,,0,,
TH-02395,2026-06-06,C,17.2,32.9,,,0.87,,,0,,warn
TH-02396,2026-06-06,C,17.2,,,,0.78,,,0,,OK
TH-02397,2026-06-06,C,17.2,,,,1.78,,,0,,OK
TH-02398,2026-06-06,C,17.2,,,,1.46,,,0,,warn
TH-02399,2026-06-06,C,17.2,,,,0.99,,,0,,warn
TH-02400,2026-06-06,C,17.2,,,,0.87,,,0,,OK
th-02016,2026-06-06,A,17.2,31.9,26.6,48.4,1.55,5.0,4,0,,OK
th-02025,2026-06-06,A,17.2,33.1,27.6,52.2,0.81,3.0,12,0,,ok
th-02028,2026-06-06,A,17.2,30.7,24.1,48.5,2.04,6.8,11,0,,OK
th-02031,2026-06-06,A,17.2,32.1,25.9,48.1,1.3,4.1,14,0,,ok
th-02056,2026-06-06,A,17.2,33.2,26.2,50.5,1.37,4.6,8,0,E-104,ok
th-02061,2026-06-06,A,17.2,33.4,27.2,46.5,1.69,7.4,7,0,,OK
th-02083,2026-06-06,A,17.2,32.6,25.7,48.1,1.27,5.1,8,0,,ok
th-02084,2026-06-06,A,17.2,30.6,23.8,50.9,0.99,4.1,10,0,,OK
th-02087,2026-06-06,A,17.2,33.3,26.2,48.0,1.72,5.9,6,0,E-505,OK
th-02095,2026-06-06,A,17.2,33.2,28.3,49.6,1.54,5.4,9,0,,OK
th-02098,2026-06-06,A,17.2,31.5,25.9,51.3,1.72,7.0,8,0,,OK
th-02111,2026-06-06,A,17.2,31.8,25.1,51.5,1.92,6.5,11,0,,ok
th-02113,2026-06-06,A,17.2,31.7,25.3,51.1,1.44,4.9,10,0,,OK
th-02120,2026-06-06,A,17.2,31.5,24.5,47.3,1.05,3.5,11,0,,OK
th-02127,2026-06-06,A,17.2,31.7,25.7,51.9,1.44,5.4,11,0,,ok
th-02130,2026-06-06,A,17.2,32.6,27.6,46.9,1.28,5.6,9,0,,ok
th-02141,2026-06-06,B,17.2,,,,17126.2,,9,0,,0
th-02144,2026-06-06,B,17.2,,,,12899.8,,4,0,,0
th-02166,2026-06-06,B,17.2,,,,17496.8,,11,0,6021,0
th-02175,2026-06-06,B,17.2,,,,12012.7,,9,0,6021,0
th-02188,2026-06-06,B,17.2,,,,24443.2,,8,0,,0
th-02189,2026-06-06,B,17.2,32.0,25.8,,19316.2,,6,0,,0
th-02226,2026-06-06,B,17.2,,,,9697.9,,11,0,,0
th-02244,2026-06-06,B,17.2,,,,16828.0,,14,0,,0
th-02258,2026-06-06,B,17.2,,,,10308.0,,4,0,6021,0
th-02283,2026-06-06,B,17.2,,,,21302.3,,7,0,6021,0
th-02292,2026-06-06,C,17.2,,,,1.65,,,0,,warn
th-02294,2026-06-06,C,17.2,,,,0.98,,,0,,
th-02304,2026-06-06,C,17.2,,,,1.06,,,0,,
th-02307,2026-06-06,C,17.2,,,,1.02,,,0,,OK
th-02323,2026-06-06,C,17.2,,,,0.82,,,0,,
th-02335,2026-06-06,C,17.2,,,,0.9,,,0,,warn
th-02336,2026-06-06,C,17.2,,,,1.3,,,0,,warn
th-02338,2026-06-06,C,17.2,,,,1.02,,,0,,warn
th-02341,2026-06-06,C,17.2,,,,1.74,,,0,,
th-02344,2026-06-06,C,17.2,,,,0.98,,,0,,
th-02345,2026-06-06,C,17.2,,,,1.46,,,0,,
th-02351,2026-06-06,C,17.2,,,,1.05,,,0,,OK
th-02366,2026-06-06,C,17.2,,,,1.7,,,0,,
th-02374,2026-06-06,C,17.2,,,,1.12,,,0,,
 TH-02004,2026-06-07,A,19.1,33.0,26.7,46.1,1.5,5.3,7,0,,OK
 TH-02031,2026-06-07,A,19.1,31.8,24.5,48.8,1.94,7.4,4,0,,OK
 TH-02038,2026-06-07,A,19.1,32.8,25.5,48.4,1.01,4.2,7,0,,ok
 TH-02051,2026-06-07,A,19.1,30.9,25.1,47.5,1.04,3.7,4,0,,ok
 TH-02054,2026-06-07,A,19.1,31.9,25.5,50.4,2.07,7.2,5,0,,OK
 TH-02071,2026-06-07,A,19.1,32.2,24.9,46.4,0.99,3.1,2,0,,OK
 TH-02074,2026-06-07,A,19.1,32.5,27.9,50.2,1.76,7.4,6,0,,ok
 TH-02122,2026-06-07,A,19.1,32.1,25.9,49.7,1.13,4.7,10,0,,ok
 TH-02177,2026-06-07,B,19.1,,,,12906.1,,7,0,,0
 TH-02213,2026-06-07,B,19.1,,,,9281.0,,7,0,6021,0
 TH-02214,2026-06-07,B,19.1,,,,9085.8,,12,0,6021,0
 TH-02234,2026-06-07,B,19.1,,,,13246.0,,11,0,,0
 TH-02297,2026-06-07,C,19.1,,,,1.66,,,0,,warn
 TH-02343,2026-06-07,C,19.1,,,,1.21,,,0,,warn
 TH-02346,2026-06-07,C,19.1,,,,1.99,,,0,,warn
 TH-02355,2026-06-07,C,19.1,,,,0.8,,,0,,OK
 TH-02374,2026-06-07,C,19.1,,,,0.9,,,0,,
 TH-02387,2026-06-07,C,19.1,,,,1.21,,,0,,warn
 TH-02397,2026-06-07,C,19.1,,,,1.33,,,0,,warn
 TH-02399,2026-06-07,C,19.1,,,,1.15,,,0,,OK
TH-02001,2026-06-07,A,19.1,31.4,24.7,46.8,1.14,4.0,8,0,,OK
TH-02002,2026-06-07,A,19.1,32.0,26.1,50.9,1.19,3.9,8,0,,ok
TH-02005,2026-06-07,A,19.1,32.0,25.9,48.5,1.03,4.3,7,0,,ok
TH-02006,2026-06-07,A,19.1,31.4,25.1,49.3,1.09,3.6,6,0,,ok
TH-02007,2026-06-07,A,19.1,32.1,25.6,50.0,1.2,4.9,9,0,,OK
TH-02008,2026-06-07,A,19.1,31.7,26.3,46.1,1.4,5.1,7,0,,OK
TH-02009,2026-06-07,A,19.1,32.6,27.8,51.7,1.29,4.6,9,0,E-505,ok
TH-02011,2026-06-07,A,19.1,31.3,26.7,47.5,1.34,5.7,13,0,,OK
TH-02012,2026-06-07,A,19.1,32.7,28.1,49.6,0.97,3.6,8,0,,OK
TH-02016,2026-06-07,A,19.1,31.4,25.8,50.0,1.05,3.9,8,0,,ok
TH-02017,2026-06-07,A,19.1,30.8,24.6,48.7,1.7,6.2,13,0,,OK
TH-02019,2026-06-07,A,19.1,31.8,26.4,46.1,1.07,4.5,9,0,,OK
TH-02020,2026-06-07,A,19.1,31.4,26.2,47.1,1.01,3.2,10,0,,OK
TH-02021,2026-06-07,A,19.1,31.7,27.1,46.8,1.52,6.2,7,0,,ok
TH-02023,2026-06-07,A,19.1,31.1,25.8,52.2,2.02,7.3,8,0,,ok
TH-02028,2026-06-07,A,19.1,32.6,27.8,51.4,2.14,7.4,9,0,,ok
TH-02030,2026-06-07,A,19.1,32.5,25.4,47.0,1.49,5.1,11,0,,OK
TH-02032,2026-06-07,A,19.1,32.8,26.4,46.1,1.71,6.8,11,0,,OK
TH-02033,2026-06-07,A,19.1,32.1,26.8,50.5,1.8,6.3,7,0,,OK
TH-02035,2026-06-07,A,19.1,32.7,25.2,49.2,2.28,7.3,8,0,,OK
TH-02036,2026-06-07,A,19.1,33.2,26.5,49.0,1.25,4.3,7,0,,OK
TH-02037,2026-06-07,A,19.1,33.2,27.5,52.6,1.66,5.4,3,0,,OK
TH-02040,2026-06-07,A,19.1,32.0,25.1,50.3,1.76,7.4,5,0,,OK
TH-02044,2026-06-07,A,19.1,31.3,24.5,48.7,1.33,5.7,8,0,,ok
TH-02045,2026-06-07,A,19.1,33.0,25.6,52.1,1.66,6.4,12,0,,OK
TH-02046,2026-06-07,A,19.1,30.9,25.0,46.8,1.18,3.7,3,0,E-505,OK
TH-02047,2026-06-07,A,19.1,32.0,26.8,52.9,0.94,4.1,12,0,,OK
TH-02048,2026-06-07,A,19.1,32.1,27.2,50.4,1.46,5.8,12,0,,ok
TH-02049,2026-06-07,A,19.1,31.3,24.6,50.9,1.09,3.6,9,0,,OK
TH-02050,2026-06-07,A,19.1,32.4,26.3,49.2,1.54,4.8,9,0,,OK
TH-02052,2026-06-07,A,19.1,30.6,25.8,50.5,1.2,4.4,8,0,,OK
TH-02053,2026-06-07,A,19.1,31.2,26.4,46.6,1.9,7.5,14,0,,OK
TH-02055,2026-06-07,A,19.1,30.8,24.9,52.3,1.07,4.6,6,0,,OK
TH-02056,2026-06-07,A,19.1,32.0,27.1,49.4,1.95,6.3,5,0,,ok
TH-02061,2026-06-07,A,19.1,31.5,26.5,46.9,1.14,4.6,10,0,,OK
TH-02063,2026-06-07,A,19.1,32.2,25.2,52.9,1.06,4.0,7,0,,ok
TH-02065,2026-06-07,A,19.1,32.0,27.4,49.0,1.06,3.6,9,0,,OK
TH-02068,2026-06-07,A,19.1,32.5,26.7,47.2,1.51,6.6,10,0,,OK
TH-02072,2026-06-07,A,19.1,32.6,27.1,51.8,1.61,5.6,12,0,,OK
TH-02073,2026-06-07,A,19.1,32.8,28.2,48.8,1.24,4.8,10,0,,ok
TH-02075,2026-06-07,A,19.1,31.0,24.4,46.9,1.63,6.0,6,0,,ok
TH-02078,2026-06-07,A,19.1,32.1,27.4,51.8,1.45,6.3,11,0,,OK
TH-02083,2026-06-07,A,19.1,31.7,25.8,50.1,1.41,5.9,8,0,,ok
TH-02084,2026-06-07,A,19.1,33.1,28.3,51.3,0.97,3.5,8,0,,OK
TH-02085,2026-06-07,A,19.1,30.6,24.9,48.9,1.4,5.8,11,0,,ok
TH-02086,2026-06-07,A,19.1,32.8,26.5,49.6,2.03,6.3,6,0,,ok
TH-02087,2026-06-07,A,19.1,33.1,26.4,49.9,1.73,5.7,9,0,,OK
TH-02091,2026-06-07,A,19.1,33.0,27.1,52.1,0.98,3.4,12,0,,ok
TH-02093,2026-06-07,A,19.1,32.4,27.2,49.4,1.96,6.1,11,0,,ok
TH-02094,2026-06-07,A,19.1,33.4,27.2,51.2,1.72,5.5,5,0,,ok
TH-02095,2026-06-07,A,19.1,31.7,25.4,50.1,0.96,3.3,10,0,,ok
TH-02098,2026-06-07,A,19.1,31.5,25.4,47.6,1.17,5.0,6,0,,OK
TH-02099,2026-06-07,A,19.1,32.6,26.2,46.5,1.04,4.5,11,0,,ok
TH-02100,2026-06-07,A,19.1,31.3,26.5,49.7,1.13,4.2,7,0,,ok
TH-02103,2026-06-07,A,19.1,32.5,26.4,47.6,1.3,5.6,7,0,,ok
TH-02109,2026-06-07,A,19.1,33.4,26.2,50.6,1.6,6.4,9,0,,ok
TH-02112,2026-06-07,A,19.1,33.2,26.7,49.4,1.22,3.8,10,0,,ok
TH-02113,2026-06-07,A,19.1,31.7,26.2,50.7,-1.08,6.3,10,0,,OK
TH-02114,2026-06-07,A,19.1,31.3,23.8,46.6,1.77,7.0,9,0,,ok
TH-02120,2026-06-07,A,19.1,32.6,26.3,49.3,1.83,6.1,6,0,,ok
TH-02124,2026-06-07,A,19.1,32.8,27.7,49.8,1.38,5.6,8,0,,ok
TH-02125,2026-06-07,A,19.1,-999,25.4,49.4,1.82,7.3,8,0,,ok
TH-02126,2026-06-07,A,19.1,33.1,27.9,50.4,1.1,4.6,5,0,,OK
TH-02127,2026-06-07,A,19.1,30.9,23.9,51.4,1.55,6.5,5,0,,ok
TH-02130,2026-06-07,A,19.1,32.1,26.3,52.7,1.98,7.0,6,0,,ok
TH-02132,2026-06-07,A,19.1,33.5,26.6,48.9,1.96,6.9,7,0,,OK
TH-02133,2026-06-07,A,19.1,33.2,27.1,48.3,2.09,7.2,8,0,,ok
TH-02134,2026-06-07,A,19.1,32.3,26.1,50.9,1.07,3.9,10,0,,ok
TH-02135,2026-06-07,A,19.1,32.4,25.6,52.0,1.03,4.5,4,0,,ok
TH-02137,2026-06-07,A,19.1,33.1,28.2,50.8,2.05,6.8,9,0,,ok
TH-02138,2026-06-07,A,19.1,32.0,26.9,49.9,1.0,3.8,8,0,,OK
TH-02139,2026-06-07,A,19.1,31.1,24.9,51.4,1.71,5.6,9,0,,ok
TH-02140,2026-06-07,A,19.1,31.5,24.6,50.1,1.08,3.6,6,0,,ok
TH-02143,2026-06-07,B,19.1,,,,17881.1,,10,0,,0
TH-02144,2026-06-07,B,19.1,,,,12901.2,,13,0,,0
TH-02145,2026-06-07,B,19.1,,,,4773.8,,4,0,6021,0
TH-02146,2026-06-07,B,19.1,,,,24464.0,,7,0,,0
TH-02148,2026-06-07,B,19.1,,,,12863.9,,2,0,,0
TH-02149,2026-06-07,B,19.1,,,,8036.6,,7,0,6021,0
TH-02153,2026-06-07,B,19.1,,,,18984.9,,11,0,,0
TH-02158,2026-06-07,B,19.1,,,,7027.0,,11,0,,0
TH-02159,2026-06-07,B,19.1,,,,12033.7,,7,0,6021,0
TH-02160,2026-06-07,B,19.1,,,,14897.4,,7,0,,0
TH-02161,2026-06-07,B,19.1,,,,8247.8,,12,0,,0
TH-02162,2026-06-07,B,19.1,,,,14608.9,,11,0,6021,0
TH-02165,2026-06-07,B,19.1,,,,15067.9,,8,0,,0
TH-02166,2026-06-07,B,19.1,,,,17497.7,,12,0,,0
TH-02168,2026-06-07,B,19.1,,,,13604.7,,4,0,,0
TH-02169,2026-06-07,B,19.1,,,,18424.5,,13,0,6021,0
TH-02170,2026-06-07,B,19.1,,,,11408.9,,6,0,,0
TH-02173,2026-06-07,B,19.1,,,,6914.1,,10,0,,0
TH-02175,2026-06-07,B,19.1,,,,12013.9,,6,0,6021,0
TH-02176,2026-06-07,B,19.1,,,,5375.8,,8,0,6021,0
TH-02178,2026-06-07,B,19.1,,,,19458.2,,7,0,,0
TH-02181,2026-06-07,B,19.1,32.1,26.8,,18704.5,,11,0,,0
TH-02182,2026-06-07,B,19.1,,,,20910.9,,12,0,,0
TH-02184,2026-06-07,B,19.1,,,,20246.2,,10,0,6021,0
TH-02187,2026-06-07,B,19.1,,,,13573.2,,9,0,,0
TH-02188,2026-06-07,B,19.1,,,,24444.9,,10,0,,0
TH-02189,2026-06-07,B,19.1,,,,19317.8,,10,0,,0
TH-02190,2026-06-07,B,19.1,,,,24631.6,,5,0,,0
TH-02192,2026-06-07,B,19.1,,,,23335.3,,11,0,,0
TH-02194,2026-06-07,B,19.1,,,,18971.3,,4,0,6021,0
TH-02196,2026-06-07,B,19.1,,,,25176.6,,17,0,6021,0
TH-02202,2026-06-07,B,19.1,,,,13778.9,,8,0,,0
TH-02204,2026-06-07,B,19.1,,,,5138.4,,5,0,6021,0
TH-02206,2026-06-07,B,19.1,,,,17353.1,,10,0,6021,0
TH-02207,2026-06-07,B,19.1,,,,13635.2,,8,0,3104,2
TH-02215,2026-06-07,B,19.1,,,,18209.5,,7,0,,0
TH-02216,2026-06-07,B,19.1,,,,17121.0,,11,0,6021,0
TH-02221,2026-06-07,B,19.1,,,,16155.1,,11,0,,0
TH-02223,2026-06-07,B,19.1,,,,22192.5,,10,0,,0
TH-02224,2026-06-07,B,19.1,,,,8715.0,,8,0,6021,0
TH-02228,2026-06-07,B,19.1,,,,23897.8,,4,0,,0
TH-02230,2026-06-07,B,19.1,,,,25580.7,,7,0,,0
TH-02231,2026-06-07,B,19.1,,,,7535.3,,10,0,6021,0
TH-02235,2026-06-07,B,19.1,,,,22635.2,,8,0,,0
TH-02236,2026-06-07,B,19.1,,,,4192.0,,11,0,,0
TH-02238,2026-06-07,B,19.1,,,,7728.4,,6,0,,0
TH-02239,2026-06-07,B,19.1,,,,17164.1,,4,0,,0
TH-02240,2026-06-07,B,19.1,,,,8008.4,,5,0,6021,0
TH-02242,2026-06-07,B,19.1,,,,14297.8,,5,0,6021,0
TH-02243,2026-06-07,B,19.1,,,,11637.4,,5,0,,0
TH-02244,2026-06-07,B,19.1,,,,16829.7,,5,0,,0
TH-02245,2026-06-07,B,19.1,,,,14884.1,,8,0,,0
TH-02246,2026-06-07,B,19.1,,,,15908.8,,2,0,,0
TH-02247,2026-06-07,B,19.1,,,,5435.5,,12,0,6021,0
TH-02248,2026-06-07,B,19.1,,,,23239.9,,9,0,6021,0
TH-02249,2026-06-07,B,19.1,,,,6851.8,,8,0,,0
TH-02250,2026-06-07,B,19.1,,,,11139.5,,9,0,,0
TH-02255,2026-06-07,B,19.1,,,,12885.0,,9,0,6021,0
TH-02256,2026-06-07,B,19.1,,,,7805.2,,6,0,,0
TH-02257,2026-06-07,B,19.1,,,,21235.2,,10,0,7702,2
TH-02258,2026-06-07,B,19.1,,,,10309.9,,11,0,,0
TH-02259,2026-06-07,B,19.1,,,,12242.8,,13,0,6021,0
TH-02260,2026-06-07,B,19.1,,,,7290.7,,9,0,6021,0
TH-02265,2026-06-07,B,19.1,,,,22543.6,,2,0,6021,0
TH-02266,2026-06-07,B,19.1,,,,16066.8,,6,0,,0
TH-02267,2026-06-07,B,19.1,,,,11493.0,,11,0,,0
TH-02268,2026-06-07,B,19.1,,,,23777.7,,9,0,,0
TH-02270,2026-06-07,B,19.1,,,,21888.5,,3,0,,0
TH-02272,2026-06-07,B,19.1,,,,24805.9,,5,0,6021,0
TH-02273,2026-06-07,B,19.1,,,,19763.7,,8,0,,0
TH-02277,2026-06-07,B,19.1,,,,17835.6,,7,0,,0
TH-02278,2026-06-07,B,19.1,,,,14776.7,,11,0,,0
TH-02279,2026-06-07,B,19.1,,,,21045.3,,16,0,6021,0
TH-02281,2026-06-07,B,19.1,,,,4213.4,,9,0,6021,0
TH-02283,2026-06-07,B,19.1,,,,21303.9,,7,0,,0
TH-02285,2026-06-07,B,19.1,,,,12777.7,,6,0,6021,0
TH-02287,2026-06-07,B,19.1,,,,17980.3,,8,0,,0
TH-02288,2026-06-07,B,19.1,,,,5390.4,,13,0,,0
TH-02290,2026-06-07,B,19.1,,,,7270.3,,10,0,,0
TH-02292,2026-06-07,C,19.1,,,,1.29,,,0,,
TH-02294,2026-06-07,C,19.1,,,,0.92,,,0,,OK
TH-02296,2026-06-07,C,19.1,,,,1.24,,,0,,
TH-02298,2026-06-07,C,19.1,,,,1.46,,,0,,OK
TH-02300,2026-06-07,C,19.1,,,,1.28,,,0,ALM_HP_HP_SWITCH,
TH-02303,2026-06-07,C,19.1,,,,1.65,,,0,,OK
TH-02307,2026-06-07,C,19.1,,,,1.32,,,0,,warn
TH-02308,2026-06-07,C,19.1,,,,2.14,,,0,,
TH-02309,2026-06-07,C,19.1,,,,1.46,,,0,ALM_SM_LINK,warn
TH-02311,2026-06-07,C,19.1,,,,1.75,,,0,,OK
TH-02312,2026-06-07,C,19.1,,,49.4,2.08,,,0,,OK
TH-02313,2026-06-07,C,19.1,,,,1.23,,,0,,warn
TH-02314,2026-06-07,C,19.1,,,,1.12,,,0,,OK
TH-02316,2026-06-07,C,19.1,,,,1.18,,,0,,
TH-02317,2026-06-07,C,19.1,,,,1.25,,,0,,OK
TH-02319,2026-06-07,C,19.1,,,,1.63,,,0,,warn
TH-02322,2026-06-07,C,19.1,,,,1.69,,,0,,OK
TH-02323,2026-06-07,C,19.1,,,,0.93,,,0,,warn
TH-02324,2026-06-07,C,19.1,,,,2.14,,,0,,OK
TH-02333,2026-06-07,C,19.1,,,,1.69,,,0,,
TH-02334,2026-06-07,C,19.1,,,,1.73,,,0,,warn
TH-02335,2026-06-07,C,19.1,,,,1.1,,,0,,warn
TH-02336,2026-06-07,C,19.1,,,,1.24,,,0,,OK
TH-02337,2026-06-07,C,19.1,,,,1.99,,,0,,
TH-02338,2026-06-07,C,19.1,,,,1.16,,,0,,warn
TH-02339,2026-06-07,C,19.1,,,,1.78,,,0,,
TH-02340,2026-06-07,C,19.1,,,,1.01,,,0,,warn
TH-02341,2026-06-07,C,19.1,,,,1.42,,,0,,
TH-02342,2026-06-07,C,19.1,,,,1.11,,,0,,OK
TH-02344,2026-06-07,C,19.1,,,,1.16,,,0,,OK
TH-02345,2026-06-07,C,19.1,,,,1.23,,,0,,warn
TH-02347,2026-06-07,C,19.1,,,,1.38,,,0,,OK
TH-02351,2026-06-07,C,19.1,,,,1.29,,,0,,OK
TH-02352,2026-06-07,C,19.1,,,,0.79,,,0,,
TH-02354,2026-06-07,C,19.1,,,,1.6,,,0,,OK
TH-02357,2026-06-07,C,19.1,,,,1.19,,,0,,OK
TH-02358,2026-06-07,C,19.1,,,,1.79,,,0,,OK
TH-02360,2026-06-07,C,19.1,,,,1.77,,,0,,
TH-02361,2026-06-07,C,19.1,,,,1.03,,,0,,warn
TH-02363,2026-06-07,C,19.1,,,,1.23,,,0,,warn
TH-02365,2026-06-07,C,19.1,,,,2.13,,,0,,
TH-02366,2026-06-07,C,19.1,,,,2.02,,,0,,warn
TH-02367,2026-06-07,C,19.1,,,,2.28,,,0,,OK
TH-02371,2026-06-07,C,19.1,,,,1.35,,,0,,warn
TH-02375,2026-06-07,C,19.1,,,,1.21,,,0,,
TH-02379,2026-06-07,C,19.1,,,,2.12,,,0,,OK
TH-02383,2026-06-07,C,19.1,,,,1.02,,,0,,
TH-02384,2026-06-07,C,19.1,,,,1.29,,,0,,warn
TH-02385,2026-06-07,C,19.1,,,,1.88,,,0,,
TH-02393,2026-06-07,C,19.1,,,,1.4,,,0,,
TH-02395,2026-06-07,C,19.1,,,,1.81,,,0,,warn
TH-02396,2026-06-07,C,19.1,,,46.3,0.95,,,0,,
TH-02398,2026-06-07,C,19.1,,,,1.09,,,0,,
TH-02400,2026-06-07,C,19.1,,,,1.32,,,0,,warn
TH-90000,2026-06-07,C,19.1,,,,13.38,,,0,,OK
TH-90001,2026-06-07,C,19.1,,,,8.88,,,0,,OK
TH-90002,2026-06-07,C,19.1,,,,12.5,,,0,,OK
TH-90003,2026-06-07,C,19.1,,,,5.55,,,0,,OK
TH-90004,2026-06-07,C,19.1,,,,10.01,,,0,,OK
th-02015,2026-06-07,A,19.1,30.8,23.9,50.8,1.42,4.7,7,0,,OK
th-02034,2026-06-07,A,19.1,31.0,25.8,52.2,0.86,3.4,6,0,,ok
th-02062,2026-06-07,A,19.1,32.9,27.4,51.2,1.19,4.1,12,0,,ok
th-02076,2026-06-07,A,19.1,32.5,27.9,51.9,1.41,6.1,9,0,,OK
th-02077,2026-06-07,A,19.1,30.5,24.8,50.0,1.56,5.7,7,0,,OK
th-02080,2026-06-07,A,19.1,33.1,28.6,48.5,1.72,6.1,9,0,E-104,OK
th-02081,2026-06-07,A,19.1,31.7,24.7,52.0,1.82,6.1,10,0,E-505,ok
th-02097,2026-06-07,A,19.1,33.2,26.0,46.7,2.15,7.1,15,0,,OK
th-02111,2026-06-07,A,19.1,30.8,25.3,46.4,0.68,3.0,7,0,,ok
th-02118,2026-06-07,A,19.1,31.8,24.5,51.2,1.56,6.5,5,0,,ok
th-02121,2026-06-07,A,19.1,31.4,25.8,52.7,1.24,5.3,6,0,,OK
th-02129,2026-06-07,A,19.1,32.6,25.8,52.8,1.31,5.3,10,0,,OK
th-02136,2026-06-07,A,19.1,33.1,26.5,47.4,1.99,6.3,11,0,,OK
th-02141,2026-06-07,B,19.1,,,,17127.8,,6,0,6021,0
th-02152,2026-06-07,B,19.1,,,,22477.8,,10,0,,0
th-02155,2026-06-07,B,19.1,,,,4446.8,,6,0,,0
th-02171,2026-06-07,B,19.1,,,,14030.6,,13,0,,0
th-02185,2026-06-07,B,19.1,,,,25183.0,,7,0,,0
th-02195,2026-06-07,B,19.1,,,,14791.4,,5,0,,0
th-02226,2026-06-07,B,19.1,,,,9699.1,,11,0,6021,0
th-02251,2026-06-07,B,19.1,,,,24408.4,,8,0,,0
th-02262,2026-06-07,B,19.1,,,,9134.1,,12,0,,0
th-02269,2026-06-07,B,19.1,,,,12353.7,,10,0,6021,0
th-02271,2026-06-07,B,19.1,,,,4898.5,,12,0,,0
th-02280,2026-06-07,B,19.1,,,,17671.6,,5,0,,0
th-02286,2026-06-07,B,19.1,,,,7528.6,,12,0,6021,0
th-02299,2026-06-07,C,19.1,,,,1.8,,,0,,warn
th-02302,2026-06-07,C,19.1,,,,1.89,,,0,,
th-02304,2026-06-07,C,19.1,,,,0.82,,,0,,warn
th-02331,2026-06-07,C,19.1,,,,1.07,,,0,,
th-02348,2026-06-07,C,19.1,,,,1.25,,,0,,warn
th-02359,2026-06-07,C,19.1,,,,0.79,,,0,,warn
th-02377,2026-06-07,C,19.1,,,,1.41,,,0,,
th-02380,2026-06-07,C,19.1,,,,0.82,,,0,,warn
th-02381,2026-06-07,C,19.1,,,,2.0,,,0,,
th-02388,2026-06-07,C,19.1,,,,1.44,,,0,,
th-02389,2026-06-07,C,19.1,,,,1.21,,,0,,OK
 TH-02008,2026-06-08,A,15.1,31.5,24.3,51.1,1.83,7.4,8,0,,ok
 TH-02025,2026-06-08,A,15.1,33.5,28.4,48.1,2.53,10.2,15,0,E-317,OK
 TH-02028,2026-06-08,A,15.1,34.3,27.3,52.1,2.14,8.7,9,0,,OK
 TH-02078,2026-06-08,A,15.1,33.1,26.2,48.4,1.63,6.9,15,0,,ok
 TH-02099,2026-06-08,A,15.1,34.2,28.6,48.6,2.96,10.6,5,0,,ok
 TH-02124,2026-06-08,A,15.1,32.2,26.1,47.7,2.59,9.8,8,0,,OK
 TH-02126,2026-06-08,A,15.1,32.5,26.4,49.2,2.32,7.5,10,0,,OK
 TH-02127,2026-06-08,A,15.1,32.1,26.8,46.0,2.4,10.0,11,0,,ok
 TH-02143,2026-06-08,B,15.1,,,,17883.3,,2,0,,0
 TH-02155,2026-06-08,B,15.1,,,,4449.6,,10,0,6021,0
 TH-02158,2026-06-08,B,15.1,,,,7029.6,,8,0,,0
 TH-02231,2026-06-08,B,15.1,,,,7537.4,,10,0,6021,0
 TH-02239,2026-06-08,B,15.1,,,,17167.5,,4,0,6021,0
 TH-02272,2026-06-08,B,15.1,,,,24809.0,,12,0,,0
 TH-02279,2026-06-08,B,15.1,,,,21047.5,,9,0,,0
 TH-02281,2026-06-08,B,15.1,,,,4216.0,,9,0,6021,0
 TH-02311,2026-06-08,C,15.1,,,,2.92,,,0,,
 TH-02317,2026-06-08,C,15.1,,,,2.4,,,0,,warn
 TH-02335,2026-06-08,C,15.1,,,,2.45,,,0,,OK
 TH-02361,2026-06-08,C,15.1,,,,2.76,,,0,,
 TH-02397,2026-06-08,C,15.1,,,52.1,2.17,,,0,,
TH-02001,2026-06-08,A,15.1,34.6,28.0,49.4,2.87,10.5,5,0,,ok
TH-02002,2026-06-08,A,15.1,32.8,26.6,48.3,2.77,10.7,8,0,,ok
TH-02004,2026-06-08,A,15.1,32.3,27.6,48.2,1.74,7.6,12,0,,ok
TH-02005,2026-06-08,A,15.1,34.5,28.8,49.1,2.21,8.5,8,0,,OK
TH-02006,2026-06-08,A,15.1,31.7,26.5,49.2,2.48,8.8,9,0,,OK
TH-02007,2026-06-08,A,15.1,33.8,28.2,52.1,3.23,10.3,7,0,,ok
TH-02009,2026-06-08,A,15.1,33.7,27.5,51.4,2.45,8.7,11,0,,OK
TH-02011,2026-06-08,A,15.1,32.4,27.4,47.6,2.83,9.9,11,0,,ok
TH-02012,2026-06-08,A,15.1,33.7,29.1,46.2,2.76,9.5,4,0,,ok
TH-02015,2026-06-08,A,15.1,32.0,27.0,52.3,2.42,9.6,12,0,,OK
TH-02016,2026-06-08,A,15.1,32.5,27.5,50.2,2.5,10.0,7,0,E-211,OK
TH-02019,2026-06-08,A,15.1,34.1,28.3,52.9,2.0,6.9,10,0,,ok
TH-02030,2026-06-08,A,15.1,33.5,26.8,52.9,2.0,6.4,11,0,,ok
TH-02031,2026-06-08,A,15.1,33.4,28.2,48.5,2.91,9.5,7,0,,OK
TH-02032,2026-06-08,A,15.1,34.4,27.7,47.1,2.35,8.6,9,0,,ok
TH-02033,2026-06-08,A,15.1,31.7,24.5,46.1,3.09,9.8,6,0,,ok
TH-02034,2026-06-08,A,15.1,32.1,25.2,51.0,2.02,8.8,11,0,,OK
TH-02035,2026-06-08,A,15.1,33.6,27.0,52.5,2.65,9.1,14,0,,OK
TH-02036,2026-06-08,A,15.1,34.6,27.5,50.6,2.32,9.9,8,0,,ok
TH-02038,2026-06-08,A,15.1,32.4,25.0,47.4,1.76,7.7,4,0,,ok
TH-02040,2026-06-08,A,15.1,34.1,27.8,50.5,1.79,7.5,6,0,,OK
TH-02044,2026-06-08,A,15.1,32.9,27.8,51.1,3.51,11.3,10,0,,OK
TH-02045,2026-06-08,A,15.1,32.2,25.0,52.9,1.93,7.6,11,0,,OK
TH-02046,2026-06-08,A,15.1,34.4,28.0,46.7,2.14,8.8,9,0,,ok
TH-02047,2026-06-08,A,15.1,33.0,25.5,47.0,2.65,9.0,14,0,,OK
TH-02048,2026-06-08,A,15.1,34.6,29.9,50.3,2.17,9.5,7,0,,ok
TH-02049,2026-06-08,A,15.1,34.2,28.4,51.7,2.31,7.2,4,0,,ok
TH-02050,2026-06-08,A,15.1,32.7,26.2,47.9,2.67,9.6,9,0,,OK
TH-02051,2026-06-08,A,15.1,32.9,28.1,51.8,2.79,11.0,9,0,,OK
TH-02052,2026-06-08,A,15.1,32.4,25.0,49.6,2.19,8.2,9,0,,OK
TH-02053,2026-06-08,A,15.1,34.2,27.1,47.6,2.43,9.0,6,0,,OK
TH-02054,2026-06-08,A,15.1,31.9,27.4,48.9,2.47,9.6,5,0,,ok
TH-02055,2026-06-08,A,15.1,32.9,28.4,48.5,2.25,9.7,7,0,,ok
TH-02056,2026-06-08,A,15.1,33.3,26.7,52.5,2.3,9.0,6,0,,ok
TH-02061,2026-06-08,A,15.1,33.9,28.4,51.9,3.07,10.0,7,0,,OK
TH-02062,2026-06-08,A,15.1,32.2,27.2,49.8,1.66,7.3,2,0,,OK
TH-02063,2026-06-08,A,15.1,31.7,24.6,51.9,2.5,10.5,5,0,,ok
TH-02065,2026-06-08,A,15.1,33.9,27.7,47.6,1.91,7.7,10,0,,ok
TH-02068,2026-06-08,A,15.1,33.6,26.3,47.3,2.99,9.8,10,0,,ok
TH-02071,2026-06-08,A,15.1,31.8,26.1,0,2.47,10.4,9,0,,OK
TH-02072,2026-06-08,A,15.1,34.5,27.5,46.8,2.61,10.0,11,0,,OK
TH-02073,2026-06-08,A,15.1,32.4,26.2,52.1,3.11,10.1,4,0,,ok
TH-02074,2026-06-08,A,15.1,-999,26.1,50.5,3.06,11.1,6,0,,ok
TH-02075,2026-06-08,A,15.1,33.9,28.2,49.4,3.09,11.1,10,0,,OK
TH-02076,2026-06-08,A,15.1,33.1,26.2,47.2,2.78,10.8,12,0,E-104,ok
TH-02077,2026-06-08,A,15.1,34.0,26.9,48.1,1.83,7.6,16,0,,ok
TH-02081,2026-06-08,A,15.1,34.0,26.6,47.7,1.85,7.0,6,0,,ok
TH-02083,2026-06-08,A,15.1,33.2,26.7,51.0,2.31,9.7,8,0,,ok
TH-02084,2026-06-08,A,15.1,31.6,26.6,48.5,2.13,7.8,6,0,,OK
TH-02085,2026-06-08,A,15.1,33.9,27.8,46.2,2.3,9.9,6,0,,OK
TH-02090,2026-06-08,A,15.1,32.1,24.8,49.5,3.04,9.8,3,0,,ok
TH-02093,2026-06-08,A,15.1,34.0,27.0,50.2,1.77,7.1,16,0,,ok
TH-02094,2026-06-08,A,15.1,33.1,27.9,46.3,2.19,8.3,8,0,,OK
TH-02095,2026-06-08,A,15.1,33.4,27.3,46.7,2.06,7.5,8,0,,OK
TH-02097,2026-06-08,A,15.1,31.8,26.1,48.9,2.59,10.2,7,0,,OK
TH-02098,2026-06-08,A,15.1,32.1,27.1,50.3,2.76,10.3,6,0,,OK
TH-02100,2026-06-08,A,15.1,34.0,28.3,0,2.13,8.9,10,0,,ok
TH-02101,2026-06-08,A,15.1,34.4,29.7,46.3,2.67,9.4,7,0,,ok
TH-02109,2026-06-08,A,15.1,32.8,26.3,50.8,2.28,9.2,8,0,,OK
TH-02111,2026-06-08,A,15.1,31.9,24.9,51.6,2.48,10.9,14,0,,ok
TH-02112,2026-06-08,A,15.1,32.0,25.5,50.9,2.23,9.1,11,0,,ok
TH-02113,2026-06-08,A,15.1,31.8,24.9,51.1,3.44,11.7,10,0,,ok
TH-02114,2026-06-08,A,15.1,32.9,28.1,47.2,3.38,11.0,7,0,,ok
TH-02120,2026-06-08,A,15.1,32.8,28.0,47.8,2.44,8.9,10,0,E-505,warn
TH-02122,2026-06-08,A,15.1,32.8,26.1,47.0,-2.93,9.0,12,0,,OK
TH-02125,2026-06-08,A,15.1,34.4,27.7,48.7,2.94,9.7,6,0,,ok
TH-02129,2026-06-08,A,15.1,33.8,28.2,52.6,2.14,7.6,5,0,,OK
TH-02130,2026-06-08,A,15.1,33.3,26.3,52.4,2.36,9.9,9,0,,OK
TH-02132,2026-06-08,A,15.1,34.5,28.0,52.4,2.25,8.2,7,0,,OK
TH-02133,2026-06-08,A,15.1,31.6,25.7,47.0,1.78,7.7,5,0,,OK
TH-02135,2026-06-08,A,15.1,32.6,25.9,50.8,2.07,8.6,7,0,,OK
TH-02136,2026-06-08,A,15.1,32.4,27.2,46.1,2.12,9.0,8,0,,ok
TH-02137,2026-06-08,A,15.1,34.1,28.2,46.7,2.56,8.3,9,0,,ok
TH-02138,2026-06-08,A,15.1,-999,25.9,48.1,3.15,11.7,9,0,,OK
TH-02139,2026-06-08,A,15.1,33.0,27.7,50.4,2.74,9.6,6,0,,ok
TH-02141,2026-06-08,B,15.1,,,,17129.7,,7,0,,0
TH-02144,2026-06-08,B,15.1,,,,12903.7,,5,0,6021,0
TH-02145,2026-06-08,B,15.1,,,,4776.7,,2,0,1188,2
TH-02146,2026-06-08,B,15.1,,,,24466.3,,14,0,,0
TH-02148,2026-06-08,B,15.1,,,,12867.6,,8,0,,0
TH-02152,2026-06-08,B,15.1,,,,22480.4,,7,0,7702,2
TH-02153,2026-06-08,B,15.1,,,,18986.6,,7,0,6021,0
TH-02160,2026-06-08,B,15.1,,,,14899.0,,8,0,6021,0
TH-02161,2026-06-08,B,15.1,,,,8250.3,,10,0,,0
TH-02162,2026-06-08,B,15.1,,,,14610.6,,14,0,,0
TH-02165,2026-06-08,B,15.1,,,,15070.9,,11,0,,0
TH-02166,2026-06-08,B,15.1,,,,17500.7,,12,0,7702,2
TH-02168,2026-06-08,B,15.1,,,,13606.7,,11,0,6021,0
TH-02169,2026-06-08,B,15.1,,,,18426.9,,4,0,1188,2
TH-02170,2026-06-08,B,15.1,,,,11411.4,,10,0,,0
TH-02173,2026-06-08,B,15.1,,,,6917.2,,9,0,6021,0
TH-02175,2026-06-08,B,15.1,,,,12016.3,,10,0,,0
TH-02176,2026-06-08,B,15.1,33.5,27.5,,5377.7,,7,0,6021,0
TH-02177,2026-06-08,B,15.1,33.3,25.9,,12909.0,,9,0,,0
TH-02178,2026-06-08,B,15.1,,,,19460.9,,13,0,6021,0
TH-02180,2026-06-08,B,15.1,,,,11566.6,,8,0,,0
TH-02181,2026-06-08,B,15.1,,,,18706.4,,10,0,6021,0
TH-02182,2026-06-08,B,15.1,,,,20913.9,,7,0,,0
TH-02184,2026-06-08,B,15.1,,,,20248.7,,9,0,,0
TH-02185,2026-06-08,B,15.1,,,,25185.8,,8,0,6021,0
TH-02187,2026-06-08,B,15.1,,,,13576.6,,11,0,,0
TH-02188,2026-06-08,B,15.1,,,,24447.2,,12,0,,0
TH-02189,2026-06-08,B,15.1,,,,19319.8,,5,0,6021,0
TH-02192,2026-06-08,B,15.1,,,,23337.5,,2,0,,0
TH-02194,2026-06-08,B,15.1,,,,18973.7,,10,0,6021,0
TH-02195,2026-06-08,B,15.1,,,,14794.8,,7,0,6021,0
TH-02196,2026-06-08,B,15.1,,,,25179.5,,13,0,,0
TH-02202,2026-06-08,B,15.1,,,,13781.5,,11,0,6021,0
TH-02204,2026-06-08,B,15.1,,,,5141.1,,7,0,7702,2
TH-02206,2026-06-08,B,15.1,,,,17355.6,,10,0,,0
TH-02207,2026-06-08,B,15.1,,,,13637.4,,9,0,6021,0
TH-02213,2026-06-08,B,15.1,,,,9282.9,,17,0,6021,0
TH-02214,2026-06-08,B,15.1,,,,9089.1,,8,0,,0
TH-02215,2026-06-08,B,15.1,,,,18212.1,,8,0,,0
TH-02221,2026-06-08,B,15.1,,,,16157.0,,8,0,,0
TH-02223,2026-06-08,B,15.1,,,,22194.3,,8,0,6021,0
TH-02224,2026-06-08,B,15.1,,,,8717.5,,17,0,,0
TH-02226,2026-06-08,B,15.1,,,,9701.1,,9,0,,0
TH-02228,2026-06-08,B,15.1,,,,23900.2,,7,0,,0
TH-02230,2026-06-08,B,15.1,,,,25583.3,,10,0,,0
TH-02235,2026-06-08,B,15.1,,,,22638.5,,9,0,,0
TH-02238,2026-06-08,B,15.1,,,,7731.3,,9,0,6021,0
TH-02240,2026-06-08,B,15.1,,,,8010.0,,7,0,,0
TH-02243,2026-06-08,B,15.1,,,,11639.4,,9,0,,0
TH-02245,2026-06-08,B,15.1,,,,14886.8,,8,0,,0
TH-02246,2026-06-08,B,15.1,,,,15910.8,,11,0,6021,0
TH-02248,2026-06-08,B,15.1,,,,23242.6,,9,0,6021,0
TH-02250,2026-06-08,B,15.1,,,,11141.3,,8,0,,0
TH-02251,2026-06-08,B,15.1,,,,24410.5,,11,0,,0
TH-02255,2026-06-08,B,15.1,,,,12886.7,,6,0,6021,0
TH-02256,2026-06-08,B,15.1,,,,7807.4,,5,0,,0
TH-02257,2026-06-08,B,15.1,,,,21237.0,,7,0,6021,0
TH-02258,2026-06-08,B,15.1,,,,10312.5,,7,0,,0
TH-02259,2026-06-08,B,15.1,,,,12246.3,,14,0,,0
TH-02260,2026-06-08,B,15.1,,,,7292.9,,4,0,6021,0
TH-02262,2026-06-08,B,15.1,,,,9137.5,,13,0,,0
TH-02265,2026-06-08,B,15.1,,,,22546.0,,9,0,,0
TH-02266,2026-06-08,B,15.1,,,,16068.7,,12,0,,0
TH-02267,2026-06-08,B,15.1,,,,11495.3,,5,0,,0
TH-02268,2026-06-08,B,15.1,,,,23780.3,,16,0,6021,0
TH-02269,2026-06-08,B,15.1,,,,12355.6,,11,0,6021,0
TH-02270,2026-06-08,B,15.1,,,,21890.9,,10,0,6021,0
TH-02271,2026-06-08,B,15.1,,,,4901.0,,8,0,,0
TH-02273,2026-06-08,B,15.1,,,,19766.1,,11,0,,0
TH-02275,2026-06-08,B,15.1,,,,12299.4,,12,0,,0
TH-02277,2026-06-08,B,15.1,,,,17838.9,,11,0,6021,0
TH-02278,2026-06-08,B,15.1,,,,14778.6,,7,0,,0
TH-02283,2026-06-08,B,15.1,,,,21306.3,,8,0,6021,0
TH-02285,2026-06-08,B,15.1,,,,12779.9,,2,0,,0
TH-02286,2026-06-08,B,15.1,,,,7531.7,,7,0,6021,0
TH-02287,2026-06-08,B,15.1,,,,17982.6,,10,0,,0
TH-02288,2026-06-08,B,15.1,,,,5393.6,,12,0,6021,0
TH-02290,2026-06-08,B,15.1,,,,7272.3,,7,0,6021,0
TH-02292,2026-06-08,C,15.1,,,,2.09,,,0,,warn
TH-02294,2026-06-08,C,15.1,,,52.0,2.01,,,0,,OK
TH-02296,2026-06-08,C,15.1,,,,2.38,,,0,,OK
TH-02297,2026-06-08,C,15.1,,,,3.12,,,0,,OK
TH-02298,2026-06-08,C,15.1,,,,2.92,,,0,,warn
TH-02299,2026-06-08,C,15.1,,,,2.41,,,0,,
TH-02300,2026-06-08,C,15.1,,,,2.63,,,0,,OK
TH-02302,2026-06-08,C,15.1,,,,1.68,,,0,,warn
TH-02303,2026-06-08,C,15.1,,,51.9,1.86,,,0,,OK
TH-02304,2026-06-08,C,15.1,,,,2.86,,,0,,
TH-02307,2026-06-08,C,15.1,,,,3.17,,,0,,OK
TH-02309,2026-06-08,C,15.1,,,,2.73,,,0,,
TH-02312,2026-06-08,C,15.1,,,,2.62,,,0,,warn
TH-02313,2026-06-08,C,15.1,,,,1.8,,,0,,warn
TH-02314,2026-06-08,C,15.1,,,,2.49,,,0,,
TH-02316,2026-06-08,C,15.1,34.0,,,2.45,,,0,,OK
TH-02319,2026-06-08,C,15.1,,,,2.85,,,0,,
TH-02322,2026-06-08,C,15.1,,,,2.44,,,0,,warn
TH-02323,2026-06-08,C,15.1,,,,2.44,,,0,,OK
TH-02324,2026-06-08,C,15.1,,,,1.97,,,0,,OK
TH-02331,2026-06-08,C,15.1,,,,2.66,,,0,,warn
TH-02333,2026-06-08,C,15.1,,,,3.15,,,0,,OK
TH-02334,2026-06-08,C,15.1,,,,2.38,,,0,,
TH-02336,2026-06-08,C,15.1,34.1,,,2.62,,,0,,
TH-02337,2026-06-08,C,15.1,,,48.6,2.08,,,0,,warn
TH-02338,2026-06-08,C,15.1,,,,2.35,,,0,,warn
TH-02339,2026-06-08,C,15.1,,,,2.66,,,0,,warn
TH-02340,2026-06-08,C,15.1,,,52.7,2.19,,,0,,
TH-02341,2026-06-08,C,15.1,,,,3.17,,,0,,OK
TH-02342,2026-06-08,C,15.1,,,,2.22,,,0,,OK
TH-02343,2026-06-08,C,15.1,,,,2.82,,,0,,OK
TH-02344,2026-06-08,C,15.1,,,,2.06,,,0,,warn
TH-02345,2026-06-08,C,15.1,,,,1.64,,,0,ALM_SM_LINK,
TH-02346,2026-06-08,C,15.1,,,53.0,2.7,,,0,,OK
TH-02347,2026-06-08,C,15.1,,,,3.41,,,0,,OK
TH-02348,2026-06-08,C,15.1,,,,2.53,,,0,,OK
TH-02351,2026-06-08,C,15.1,34.0,,49.3,2.49,,,0,,
TH-02352,2026-06-08,C,15.1,,,,2.81,,,0,,warn
TH-02354,2026-06-08,C,15.1,32.5,,,2.79,,,0,,warn
TH-02355,2026-06-08,C,15.1,,,,2.41,,,0,,
TH-02357,2026-06-08,C,15.1,33.6,,,2.76,,,0,,warn
TH-02358,2026-06-08,C,15.1,,,,2.4,,,0,,
TH-02359,2026-06-08,C,15.1,,,,2.31,,,0,,warn
TH-02360,2026-06-08,C,15.1,,,,2.83,,,0,,warn
TH-02363,2026-06-08,C,15.1,,,,2.77,,,0,,warn
TH-02366,2026-06-08,C,15.1,,,,2.98,,,0,,OK
TH-02367,2026-06-08,C,15.1,,,,2.35,,,0,,
TH-02371,2026-06-08,C,15.1,,,,1.84,,,0,,
TH-02375,2026-06-08,C,15.1,,,,2.93,,,0,,
TH-02377,2026-06-08,C,15.1,,,,2.91,,,0,,warn
TH-02379,2026-06-08,C,15.1,,,,1.83,,,0,,
TH-02380,2026-06-08,C,15.1,,,,2.32,,,0,,
TH-02381,2026-06-08,C,15.1,,,,2.31,,,0,,
TH-02383,2026-06-08,C,15.1,33.9,,,3.0,,,0,,
TH-02384,2026-06-08,C,15.1,,,,3.21,,,0,,OK
TH-02385,2026-06-08,C,15.1,,,,2.99,,,0,,warn
TH-02387,2026-06-08,C,15.1,,,,3.05,,,0,,OK
TH-02388,2026-06-08,C,15.1,,,,2.02,,,0,,warn
TH-02389,2026-06-08,C,15.1,,,,2.36,,,0,,
TH-02393,2026-06-08,C,15.1,,,,3.39,,,0,,OK
TH-02398,2026-06-08,C,15.1,31.6,,,3.07,,,0,,OK
TH-02399,2026-06-08,C,15.1,,,,2.08,,,0,,
TH-02400,2026-06-08,C,15.1,,,,1.66,,,0,,warn
th-02017,2026-06-08,A,15.1,33.7,26.4,49.7,2.19,9.6,14,0,,OK
th-02020,2026-06-08,A,15.1,32.6,28.1,46.3,1.99,8.6,6,0,,ok
th-02021,2026-06-08,A,15.1,32.8,27.2,51.3,2.75,9.8,6,0,,ok
th-02023,2026-06-08,A,15.1,32.6,27.6,49.3,2.67,10.3,9,0,,OK
th-02037,2026-06-08,A,15.1,32.4,26.0,48.4,2.38,10.0,10,0,,OK
th-02080,2026-06-08,A,15.1,32.1,26.2,47.0,2.02,8.3,8,0,,ok
th-02086,2026-06-08,A,15.1,34.2,27.9,51.1,2.55,9.2,6,0,,OK
th-02087,2026-06-08,A,15.1,34.4,29.8,48.6,1.61,6.8,13,0,,OK
th-02091,2026-06-08,A,15.1,32.8,25.8,51.5,1.48,6.4,11,0,,ok
th-02103,2026-06-08,A,15.1,32.7,26.9,48.2,3.15,10.4,9,0,,ok
th-02118,2026-06-08,A,15.1,32.2,26.1,49.4,1.82,7.9,10,0,,OK
th-02121,2026-06-08,A,15.1,33.1,28.5,50.2,2.24,8.4,4,0,,ok
th-02134,2026-06-08,A,15.1,32.6,27.5,50.4,2.31,7.3,9,0,,ok
th-02140,2026-06-08,A,15.1,31.9,24.9,52.3,1.51,6.5,5,0,,OK
th-02149,2026-06-08,B,15.1,,,,8039.4,,10,0,,0
th-02171,2026-06-08,B,15.1,,,,14033.1,,11,0,6021,0
th-02190,2026-06-08,B,15.1,,,,24634.2,,12,0,6021,0
th-02216,2026-06-08,B,15.1,,,,17124.4,,5,0,,0
th-02234,2026-06-08,B,15.1,,,,13247.7,,11,0,,0
th-02236,2026-06-08,B,15.1,,,,4194.5,,8,0,6021,0
th-02242,2026-06-08,B,15.1,,,,14300.0,,8,0,,0
th-02244,2026-06-08,B,15.1,,,,16832.2,,11,0,,0
th-02247,2026-06-08,B,15.1,,,,5437.9,,12,0,3104,2
th-02249,2026-06-08,B,15.1,,,,6853.9,,13,0,,0
th-02280,2026-06-08,B,15.1,,,,17673.6,,11,0,6021,0
th-02308,2026-06-08,C,15.1,,,,2.93,,,0,,OK
th-02365,2026-06-08,C,15.1,,,,3.12,,,0,,OK
th-02374,2026-06-08,C,15.1,,,,2.62,,,0,,OK
th-02395,2026-06-08,C,15.1,,,,2.42,,,0,,OK
th-02396,2026-06-08,C,15.1,,,,1.96,,,0,,
 TH-02012,2026-06-09,A,21.1,33.4,28.0,0,1.87,6.9,7,0,E-505,OK
 TH-02015,2026-06-09,A,21.1,33.4,26.8,47.5,1.18,3.9,2,0,,OK
 TH-02017,2026-06-09,A,21.1,33.5,26.7,46.2,1.68,6.9,5,0,,OK
 TH-02046,2026-06-09,A,21.1,31.2,25.9,49.2,1.59,6.0,12,0,,ok
 TH-02052,2026-06-09,A,21.1,31.8,26.4,46.0,1.56,5.9,12,0,,ok
 TH-02080,2026-06-09,A,21.1,33.0,26.0,48.4,1.23,4.4,10,0,,OK
 TH-02098,2026-06-09,A,21.1,32.2,26.8,46.2,0.75,3.1,7,0,,ok
 TH-02099,2026-06-09,A,21.1,30.7,23.5,48.2,0.78,3.2,8,0,,ok
 TH-02100,2026-06-09,A,21.1,32.8,26.1,47.3,2.0,7.2,8,0,,ok
 TH-02109,2026-06-09,A,21.1,32.4,25.7,51.3,1.27,4.5,7,0,,OK
 TH-02125,2026-06-09,A,21.1,32.2,27.3,50.8,1.05,3.3,9,0,,ok
 TH-02130,2026-06-09,A,21.1,30.7,25.8,48.1,1.85,7.3,9,0,,ok
 TH-02139,2026-06-09,A,21.1,31.2,24.0,50.1,0.78,3.4,8,0,,ok
 TH-02213,2026-06-09,B,21.1,,,,9284.5,,9,0,6021,0
 TH-02234,2026-06-09,B,21.1,,,,13249.5,,15,0,,0
 TH-02269,2026-06-09,B,21.1,,,,12356.6,,11,0,,0
 TH-02272,2026-06-09,B,21.1,,,,24809.7,,9,0,6021,0
 TH-02379,2026-06-09,C,21.1,,,,0.83,,,0,,
TH-02001,2026-06-09,A,21.1,31.7,26.8,47.7,1.19,4.7,11,0,,ok
TH-02004,2026-06-09,A,21.1,32.9,28.0,46.7,1.3,5.1,9,0,,ok
TH-02006,2026-06-09,A,21.1,32.9,28.1,48.6,1.62,5.8,9,0,,ok
TH-02007,2026-06-09,A,21.1,31.5,25.4,0,2.19,7.1,7,0,,ok
TH-02009,2026-06-09,A,21.1,31.0,25.9,51.3,0.95,4.0,3,0,,ok
TH-02011,2026-06-09,A,21.1,31.5,24.5,50.3,2.0,6.7,8,0,,ok
TH-02016,2026-06-09,A,21.1,31.7,24.6,51.0,1.28,4.3,9,0,,ok
TH-02020,2026-06-09,A,21.1,31.3,25.8,49.7,1.83,7.2,8,0,,OK
TH-02021,2026-06-09,A,21.1,32.9,26.0,50.1,2.09,6.5,8,0,E-104,warn
TH-02023,2026-06-09,A,21.1,33.0,26.5,47.7,1.88,6.9,6,0,,OK
TH-02025,2026-06-09,A,21.1,30.5,25.2,50.1,-1.4,5.0,13,0,,OK
TH-02028,2026-06-09,A,21.1,31.1,25.7,48.9,1.08,3.6,2,0,,ok
TH-02031,2026-06-09,A,21.1,31.3,26.3,49.1,0.75,3.0,7,0,E-317,OK
TH-02032,2026-06-09,A,21.1,32.3,27.6,48.6,1.75,6.3,10,0,,OK
TH-02033,2026-06-09,A,21.1,33.0,27.8,50.2,1.3,4.5,11,0,,ok
TH-02034,2026-06-09,A,21.1,33.0,27.3,46.5,2.13,6.7,7,0,,ok
TH-02035,2026-06-09,A,21.1,32.6,27.3,48.5,0.86,3.0,7,0,,ok
TH-02036,2026-06-09,A,21.1,31.7,26.9,49.0,1.58,5.1,5,0,,ok
TH-02037,2026-06-09,A,21.1,30.8,25.4,52.0,1.1,4.6,5,0,,OK
TH-02040,2026-06-09,A,21.1,33.1,26.0,52.5,0.88,3.7,9,0,,ok
TH-02044,2026-06-09,A,21.1,32.2,24.8,49.5,1.4,5.6,9,0,,OK
TH-02045,2026-06-09,A,21.1,30.6,24.9,49.9,0.89,3.5,15,0,,ok
TH-02047,2026-06-09,A,21.1,31.4,26.3,51.1,1.68,5.5,7,0,,OK
TH-02048,2026-06-09,A,21.1,32.5,26.1,49.5,1.69,7.2,10,0,,ok
TH-02049,2026-06-09,A,21.1,31.7,24.5,0,0.98,4.0,6,0,,ok
TH-02051,2026-06-09,A,21.1,-999,28.2,49.1,1.66,6.4,9,0,,ok
TH-02053,2026-06-09,A,21.1,32.8,25.3,46.8,2.28,7.1,10,0,,OK
TH-02054,2026-06-09,A,21.1,33.5,28.8,52.3,1.52,6.4,6,0,,OK
TH-02055,2026-06-09,A,21.1,30.8,25.6,48.4,1.83,6.0,14,0,,OK
TH-02056,2026-06-09,A,21.1,30.6,24.9,50.0,1.06,4.4,7,0,,OK
TH-02061,2026-06-09,A,21.1,32.9,28.4,51.4,1.49,6.2,14,0,,OK
TH-02062,2026-06-09,A,21.1,31.4,24.1,48.3,1.98,6.5,9,0,,OK
TH-02063,2026-06-09,A,21.1,30.7,24.2,48.5,1.71,7.1,13,0,,ok
TH-02065,2026-06-09,A,21.1,31.7,25.7,52.7,1.35,5.6,11,0,,OK
TH-02068,2026-06-09,A,21.1,-999,24.9,50.2,1.67,6.0,4,0,,ok
TH-02071,2026-06-09,A,21.1,32.3,27.3,47.6,0.83,3.2,2,0,,ok
TH-02072,2026-06-09,A,21.1,32.3,25.2,48.7,0.83,3.6,3,0,E-317,ok
TH-02073,2026-06-09,A,21.1,31.9,25.5,48.7,1.23,5.3,15,0,E-505,OK
TH-02074,2026-06-09,A,21.1,30.9,24.6,49.9,1.69,7.3,13,0,,OK
TH-02075,2026-06-09,A,21.1,31.8,26.3,46.8,1.97,7.5,3,0,E-104,warn
TH-02077,2026-06-09,A,21.1,32.0,24.7,49.0,1.68,6.1,11,0,,OK
TH-02078,2026-06-09,A,21.1,32.4,26.8,47.9,1.56,6.2,6,0,,OK
TH-02081,2026-06-09,A,21.1,31.3,24.2,50.3,1.38,5.6,3,0,,OK
TH-02083,2026-06-09,A,21.1,32.6,27.8,46.4,1.37,5.1,11,0,,ok
TH-02085,2026-06-09,A,21.1,31.6,25.9,46.1,1.7,5.9,10,0,,ok
TH-02086,2026-06-09,A,21.1,32.2,27.7,47.6,1.44,6.1,7,0,,ok
TH-02087,2026-06-09,A,21.1,31.0,24.0,51.6,0.86,3.6,5,0,,OK
TH-02091,2026-06-09,A,21.1,31.3,25.7,50.8,1.1,4.0,11,0,,OK
TH-02093,2026-06-09,A,21.1,32.4,25.1,51.8,1.15,3.9,5,0,,OK
TH-02094,2026-06-09,A,21.1,31.3,26.8,47.1,0.91,3.5,9,0,,OK
TH-02095,2026-06-09,A,21.1,30.7,23.3,52.9,1.54,5.7,11,0,,ok
TH-02097,2026-06-09,A,21.1,30.9,25.3,49.6,1.05,4.1,12,0,,ok
TH-02101,2026-06-09,A,21.1,33.0,25.7,50.8,1.88,6.1,8,0,,ok
TH-02103,2026-06-09,A,21.1,32.1,26.6,51.3,1.25,5.2,13,0,,OK
TH-02111,2026-06-09,A,21.1,30.5,24.3,48.0,1.96,6.4,5,0,,ok
TH-02112,2026-06-09,A,21.1,31.6,25.2,48.4,1.28,4.3,8,0,,ok
TH-02113,2026-06-09,A,21.1,32.5,27.1,46.1,1.34,4.6,4,0,,ok
TH-02114,2026-06-09,A,21.1,32.5,25.7,46.5,1.06,4.6,9,0,,ok
TH-02118,2026-06-09,A,21.1,31.6,24.5,49.7,1.29,4.3,10,0,,OK
TH-02120,2026-06-09,A,21.1,32.1,27.1,50.3,1.96,6.8,9,0,,ok
TH-02122,2026-06-09,A,21.1,32.1,26.0,48.0,1.13,4.6,7,0,,OK
TH-02124,2026-06-09,A,21.1,31.7,25.3,50.4,0.96,3.5,10,0,,ok
TH-02126,2026-06-09,A,21.1,33.4,27.5,50.4,1.43,5.1,5,0,,ok
TH-02127,2026-06-09,A,21.1,33.0,25.7,47.0,0.73,3.1,9,0,,OK
TH-02129,2026-06-09,A,21.1,31.3,23.9,49.4,1.68,6.2,9,0,,ok
TH-02132,2026-06-09,A,21.1,32.9,27.5,52.0,1.12,4.2,8,0,,ok
TH-02133,2026-06-09,A,21.1,33.1,26.6,49.2,1.02,4.3,17,0,,ok
TH-02134,2026-06-09,A,21.1,32.7,26.8,51.8,1.14,4.7,2,0,,ok
TH-02135,2026-06-09,A,21.1,31.2,23.8,49.1,1.18,4.3,7,0,,ok
TH-02136,2026-06-09,A,21.1,31.8,24.7,47.0,2.14,7.2,9,0,,ok
TH-02137,2026-06-09,A,21.1,31.6,25.8,52.8,1.81,7.4,7,0,,ok
TH-02138,2026-06-09,A,21.1,31.9,25.3,52.2,1.82,6.8,12,0,,OK
TH-02140,2026-06-09,A,21.1,31.5,25.3,52.6,-1.1,3.8,8,0,,OK
TH-02141,2026-06-09,B,21.1,,,,17130.8,,3,0,,0
TH-02143,2026-06-09,B,21.1,,,,17884.4,,9,0,6021,0
TH-02144,2026-06-09,B,21.1,,,,12905.6,,5,0,,0
TH-02145,2026-06-09,B,21.1,,,,4777.7,,11,0,,0
TH-02146,2026-06-09,B,21.1,,,,24467.3,,14,0,,0
TH-02148,2026-06-09,B,21.1,33.0,27.9,,12868.4,,10,0,,0
TH-02149,2026-06-09,B,21.1,,,,8040.5,,11,0,,0
TH-02152,2026-06-09,B,21.1,,,,22482.2,,10,0,,0
TH-02153,2026-06-09,B,21.1,,,,18987.8,,11,0,,0
TH-02155,2026-06-09,B,21.1,,,,4451.1,,5,0,6021,0
TH-02158,2026-06-09,B,21.1,,,,7031.0,,5,0,6021,0
TH-02159,2026-06-09,B,21.1,,,,12035.5,,7,0,6021,0
TH-02160,2026-06-09,B,21.1,,,,14900.7,,12,0,,0
TH-02161,2026-06-09,B,21.1,,,,8251.2,,3,0,,0
TH-02165,2026-06-09,B,21.1,,,,15071.9,,9,0,6021,0
TH-02166,2026-06-09,B,21.1,,,,17502.4,,10,0,,0
TH-02168,2026-06-09,B,21.1,,,,13608.6,,9,0,,0
TH-02169,2026-06-09,B,21.1,,,,18428.3,,11,0,6021,0
TH-02170,2026-06-09,B,21.1,,,,11412.2,,8,0,6021,0
TH-02171,2026-06-09,B,21.1,,,,14034.8,,7,0,6021,0
TH-02173,2026-06-09,B,21.1,,,,6918.6,,10,0,,0
TH-02176,2026-06-09,B,21.1,,,,5379.1,,8,0,6021,0
TH-02177,2026-06-09,B,21.1,,,,12910.4,,14,0,,0
TH-02178,2026-06-09,B,21.1,,,,19462.1,,9,0,,0
TH-02180,2026-06-09,B,21.1,,,,11568.3,,14,0,,0
TH-02181,2026-06-09,B,21.1,,,,18708.4,,16,0,6021,0
TH-02182,2026-06-09,B,21.1,31.7,25.3,,20915.1,,8,0,6021,0
TH-02187,2026-06-09,B,21.1,,,,13578.4,,6,0,6021,0
TH-02188,2026-06-09,B,21.1,32.3,25.0,,24448.2,,11,0,,0
TH-02189,2026-06-09,B,21.1,,,,19321.2,,8,0,,0
TH-02190,2026-06-09,B,21.1,,,,24635.1,,7,0,6021,0
TH-02192,2026-06-09,B,21.1,,,,23339.8,,12,0,,0
TH-02195,2026-06-09,B,21.1,,,,14795.7,,8,0,6021,0
TH-02196,2026-06-09,B,21.1,,,,25181.3,,9,0,,0
TH-02202,2026-06-09,B,21.1,,,,13783.1,,12,0,,0
TH-02204,2026-06-09,B,21.1,,,,5141.8,,9,0,,0
TH-02206,2026-06-09,B,21.1,,,,17356.4,,9,0,,0
TH-02207,2026-06-09,B,21.1,,,,13638.7,,13,0,6021,0
TH-02214,2026-06-09,B,21.1,30.5,23.2,,9090.5,,7,0,,0
TH-02215,2026-06-09,B,21.1,,,,18213.8,,9,0,,0
TH-02216,2026-06-09,B,21.1,,,,17125.6,,12,0,,0
TH-02221,2026-06-09,B,21.1,,,,16157.9,,8,0,6021,0
TH-02223,2026-06-09,B,21.1,,,,22196.3,,10,0,6021,0
TH-02224,2026-06-09,B,21.1,,,,8719.6,,8,0,6021,0
TH-02226,2026-06-09,B,21.1,,,,9702.8,,11,0,6021,0
TH-02228,2026-06-09,B,21.1,,,,23901.9,,6,0,6021,0
TH-02231,2026-06-09,B,21.1,31.9,26.6,,7538.5,,13,0,6021,0
TH-02235,2026-06-09,B,21.1,,,,22639.7,,6,0,,0
TH-02236,2026-06-09,B,21.1,,,,4196.6,,10,0,6021,0
TH-02238,2026-06-09,B,21.1,,,,7733.0,,2,0,,0
TH-02239,2026-06-09,B,21.1,,,,17168.5,,10,0,6021,0
TH-02242,2026-06-09,B,21.1,30.8,24.3,,14301.0,,8,0,,0
TH-02243,2026-06-09,B,21.1,,,,11641.5,,4,0,6021,0
TH-02244,2026-06-09,B,21.1,,,,16833.4,,8,0,,0
TH-02245,2026-06-09,B,21.1,,,,14888.4,,4,0,,0
TH-02246,2026-06-09,B,21.1,,,,15912.8,,7,0,,0
TH-02247,2026-06-09,B,21.1,,,,5438.8,,7,0,,0
TH-02248,2026-06-09,B,21.1,,,,23244.7,,7,0,,0
TH-02249,2026-06-09,B,21.1,,,,6855.4,,6,0,6021,0
TH-02250,2026-06-09,B,21.1,,,,11142.1,,10,0,6021,0
TH-02251,2026-06-09,B,21.1,,,,24411.9,,14,0,,0
TH-02255,2026-06-09,B,21.1,,,,12888.4,,7,0,6021,0
TH-02256,2026-06-09,B,21.1,,,,7808.7,,12,0,,0
TH-02257,2026-06-09,B,21.1,,,,21238.8,,11,0,6021,0
TH-02258,2026-06-09,B,21.1,,,,10313.4,,12,0,6021,0
TH-02259,2026-06-09,B,21.1,,,,12248.2,,4,0,,0
TH-02260,2026-06-09,B,21.1,,,,7294.6,,9,0,6021,0
TH-02262,2026-06-09,B,21.1,,,,9138.4,,10,0,6021,0
TH-02265,2026-06-09,B,21.1,,,,22547.7,,13,0,,0
TH-02266,2026-06-09,B,21.1,33.0,25.6,,16069.8,,8,0,,0
TH-02267,2026-06-09,B,21.1,,,,11496.4,,13,0,6021,0
TH-02268,2026-06-09,B,21.1,,,,23782.1,,9,0,6021,0
TH-02270,2026-06-09,B,21.1,,,,21893.0,,7,0,,0
TH-02271,2026-06-09,B,21.1,32.1,26.9,,4902.0,,9,0,6021,0
TH-02273,2026-06-09,B,21.1,,,,19767.3,,10,0,,0
TH-02275,2026-06-09,B,21.1,,,,12300.4,,12,0,,0
TH-02277,2026-06-09,B,21.1,,,,17840.4,,10,0,6021,0
TH-02278,2026-06-09,B,21.1,,,,14780.5,,10,0,6021,0
TH-02280,2026-06-09,B,21.1,,,,17675.4,,7,0,,0
TH-02281,2026-06-09,B,21.1,,,,4217.8,,7,0,,0
TH-02285,2026-06-09,B,21.1,,,,12782.0,,8,0,,0
TH-02286,2026-06-09,B,21.1,,,,7533.3,,8,0,,0
TH-02287,2026-06-09,B,21.1,,,,17984.0,,14,0,,0
TH-02290,2026-06-09,B,21.1,,,,7274.4,,6,0,,0
TH-02294,2026-06-09,C,21.1,,,,1.9,,,0,,
TH-02296,2026-06-09,C,21.1,,,,1.24,,,0,,warn
TH-02297,2026-06-09,C,21.1,,,52.9,2.0,,,0,,
TH-02298,2026-06-09,C,21.1,,,,1.62,,,0,,OK
TH-02299,2026-06-09,C,21.1,,,,1.61,,,0,,
TH-02300,2026-06-09,C,21.1,,,,0.92,,,0,,
TH-02302,2026-06-09,C,21.1,30.9,,,0.93,,,0,,OK
TH-02304,2026-06-09,C,21.1,,,48.9,1.31,,,0,,
TH-02307,2026-06-09,C,21.1,,,,1.65,,,0,,OK
TH-02308,2026-06-09,C,21.1,,,,0.9,,,0,,
TH-02309,2026-06-09,C,21.1,,,50.6,1.02,,,0,,
TH-02311,2026-06-09,C,21.1,,,,0.82,,,0,,OK
TH-02312,2026-06-09,C,21.1,,,,1.67,,,0,,warn
TH-02313,2026-06-09,C,21.1,,,,1.15,,,0,,
TH-02314,2026-06-09,C,21.1,,,,0.86,,,0,,OK
TH-02316,2026-06-09,C,21.1,,,,0.97,,,0,ALM_SM_LINK,warn
TH-02319,2026-06-09,C,21.1,,,,1.18,,,0,,OK
TH-02322,2026-06-09,C,21.1,,,,1.63,,,0,,warn
TH-02323,2026-06-09,C,21.1,,,,1.65,,,0,,
TH-02324,2026-06-09,C,21.1,,,,0.82,,,0,,warn
TH-02331,2026-06-09,C,21.1,,,,1.45,,,0,,
TH-02333,2026-06-09,C,21.1,,,,1.33,,,0,,
TH-02334,2026-06-09,C,21.1,,,,1.29,,,0,,warn
TH-02336,2026-06-09,C,21.1,,,,1.1,,,0,,
TH-02337,2026-06-09,C,21.1,,,,2.12,,,0,,
TH-02338,2026-06-09,C,21.1,,,,1.08,,,0,,OK
TH-02339,2026-06-09,C,21.1,,,,1.49,,,0,,warn
TH-02340,2026-06-09,C,21.1,,,,1.05,,,0,,
TH-02341,2026-06-09,C,21.1,,,,1.15,,,0,,
TH-02342,2026-06-09,C,21.1,,,,2.05,,,0,,warn
TH-02343,2026-06-09,C,21.1,,,,2.14,,,0,,
TH-02344,2026-06-09,C,21.1,,,,1.42,,,0,,warn
TH-02345,2026-06-09,C,21.1,,,,0.96,,,0,,warn
TH-02346,2026-06-09,C,21.1,,,,1.23,,,0,,
TH-02347,2026-06-09,C,21.1,,,,2.31,,,0,,warn
TH-02348,2026-06-09,C,21.1,,,,1.66,,,0,,OK
TH-02351,2026-06-09,C,21.1,,,,0.98,,,0,,
TH-02352,2026-06-09,C,21.1,,,,1.36,,,0,,OK
TH-02354,2026-06-09,C,21.1,,,,1.09,,,0,,
TH-02355,2026-06-09,C,21.1,,,,1.3,,,0,,
TH-02357,2026-06-09,C,21.1,,,,0.78,,,0,,warn
TH-02358,2026-06-09,C,21.1,,,,1.17,,,0,,warn
TH-02359,2026-06-09,C,21.1,,,,1.59,,,0,,
TH-02360,2026-06-09,C,21.1,,,,1.12,,,0,,OK
TH-02361,2026-06-09,C,21.1,,,,2.01,,,0,,
TH-02363,2026-06-09,C,21.1,,,,1.37,,,0,,OK
TH-02365,2026-06-09,C,21.1,,,,1.45,,,0,,warn
TH-02366,2026-06-09,C,21.1,,,,1.5,,,0,,OK
TH-02367,2026-06-09,C,21.1,,,,1.25,,,0,,OK
TH-02374,2026-06-09,C,21.1,30.8,,,1.97,,,0,,warn
TH-02375,2026-06-09,C,21.1,,,,1.69,,,0,,OK
TH-02377,2026-06-09,C,21.1,,,,0.99,,,0,,OK
TH-02380,2026-06-09,C,21.1,,,,1.54,,,0,,OK
TH-02381,2026-06-09,C,21.1,33.4,,,1.77,,,0,,warn
TH-02383,2026-06-09,C,21.1,,,,1.59,,,0,,
TH-02384,2026-06-09,C,21.1,,,,0.8,,,0,,OK
TH-02385,2026-06-09,C,21.1,,,,1.02,,,0,,
TH-02387,2026-06-09,C,21.1,,,,1.46,,,0,,
TH-02388,2026-06-09,C,21.1,,,,1.34,,,0,,OK
TH-02389,2026-06-09,C,21.1,,,,1.64,,,0,,
TH-02395,2026-06-09,C,21.1,,,,1.61,,,0,,
TH-02396,2026-06-09,C,21.1,,,,0.94,,,0,,warn
TH-02398,2026-06-09,C,21.1,,,,1.51,,,0,,OK
TH-02400,2026-06-09,C,21.1,,,,1.18,,,0,,
TH-90000,2026-06-09,C,21.1,,,,7.23,,,0,,OK
TH-90001,2026-06-09,C,21.1,,,,6.04,,,0,,OK
TH-90002,2026-06-09,C,21.1,,,,13.89,,,0,,OK
TH-90003,2026-06-09,C,21.1,,,,13.21,,,0,,OK
TH-90004,2026-06-09,C,21.1,,,,12.09,,,0,,OK
th-02002,2026-06-09,A,21.1,31.4,26.2,47.7,1.27,4.5,8,0,,OK
th-02005,2026-06-09,A,21.1,31.0,25.0,52.4,1.38,4.9,11,0,,ok
th-02008,2026-06-09,A,21.1,32.3,26.0,46.2,1.35,5.7,8,0,,ok
th-02019,2026-06-09,A,21.1,32.1,25.7,51.3,1.04,3.5,8,0,,ok
th-02030,2026-06-09,A,21.1,31.3,25.2,51.7,1.26,5.2,17,0,,OK
th-02038,2026-06-09,A,21.1,31.0,25.5,47.6,-2.65,6.6,10,0,,OK
th-02050,2026-06-09,A,21.1,31.6,26.7,48.6,1.47,5.7,16,0,,ok
th-02084,2026-06-09,A,21.1,30.6,23.9,48.5,1.23,5.2,12,0,,ok
th-02090,2026-06-09,A,21.1,33.1,28.0,51.0,1.69,5.7,6,0,,OK
th-02121,2026-06-09,A,21.1,33.0,27.6,46.3,1.93,6.7,6,0,,OK
th-02162,2026-06-09,B,21.1,,,,14611.9,,9,0,6021,0
th-02175,2026-06-09,B,21.1,,,,12017.9,,12,0,,0
th-02184,2026-06-09,B,21.1,,,,20249.9,,7,0,6021,0
th-02185,2026-06-09,B,21.1,,,,25186.6,,10,0,,0
th-02194,2026-06-09,B,21.1,,,,18974.9,,13,0,6021,0
th-02230,2026-06-09,B,21.1,,,,25584.6,,6,0,,0
th-02240,2026-06-09,B,21.1,,,,8011.2,,10,0,6021,0
th-02279,2026-06-09,B,21.1,,,,21048.6,,5,0,6021,0
th-02283,2026-06-09,B,21.1,,,,21307.5,,6,0,,0
th-02288,2026-06-09,B,21.1,,,,5394.8,,9,0,6021,0
th-02292,2026-06-09,C,21.1,,,,1.57,,,0,,OK
th-02303,2026-06-09,C,21.1,,,,1.99,,,0,,OK
th-02317,2026-06-09,C,21.1,,,,1.46,,,0,,OK
th-02335,2026-06-09,C,21.1,,,,1.42,,,0,,
th-02371,2026-06-09,C,21.1,,,,2.06,,,0,,OK
th-02393,2026-06-09,C,21.1,,,,1.1,,,0,,OK
th-02397,2026-06-09,C,21.1,,,,1.68,,,0,,
th-02399,2026-06-09,C,21.1,,,,1.39,,,0,,warn
 TH-02005,2026-06-10,A,19.2,30.7,24.6,50.0,2.02,6.3,9,0,,ok
 TH-02016,2026-06-10,A,19.2,32.8,25.5,46.7,2.0,6.9,8,0,,OK
 TH-02046,2026-06-10,A,19.2,33.0,25.8,50.6,1.8,7.1,11,0,,OK
 TH-02051,2026-06-10,A,19.2,32.5,26.0,47.1,0.81,3.0,8,0,,ok
 TH-02054,2026-06-10,A,19.2,32.7,26.0,51.4,0.92,3.8,8,0,,OK
 TH-02062,2026-06-10,A,19.2,30.6,24.4,47.7,0.96,4.1,8,0,E-104,ok
 TH-02063,2026-06-10,A,19.2,31.6,25.1,46.4,1.85,6.0,7,0,,ok
 TH-02085,2026-06-10,A,19.2,33.0,28.4,48.6,0.93,3.3,6,0,,OK
 TH-02099,2026-06-10,A,19.2,30.8,24.7,46.8,1.88,6.2,8,0,,ok
 TH-02101,2026-06-10,A,19.2,32.6,27.3,52.5,1.67,5.8,4,0,E-317,OK
 TH-02114,2026-06-10,A,19.2,30.7,24.5,50.6,2.16,7.3,2,0,,ok
 TH-02130,2026-06-10,A,19.2,31.5,26.4,52.7,1.85,7.2,5,0,,OK
 TH-02135,2026-06-10,A,19.2,31.4,26.2,49.0,0.95,4.0,11,0,,ok
 TH-02140,2026-06-10,A,19.2,32.6,25.2,51.6,2.3,7.2,12,0,,ok
 TH-02166,2026-06-10,B,19.2,,,,17503.5,,9,0,6021,0
 TH-02181,2026-06-10,B,19.2,,,,18709.5,,7,0,6021,0
 TH-02235,2026-06-10,B,19.2,,,,22640.6,,8,0,6021,0
 TH-02242,2026-06-10,B,19.2,,,,14302.5,,10,0,,0
 TH-02275,2026-06-10,B,19.2,,,,12302.1,,10,0,6021,0
 TH-02287,2026-06-10,B,19.2,,,,17985.4,,10,0,,0
 TH-02307,2026-06-10,C,19.2,,,,1.22,,,0,,
 TH-02314,2026-06-10,C,19.2,,,,1.1,,,0,,warn
 TH-02345,2026-06-10,C,19.2,,,,1.1,,,0,,warn
 TH-02400,2026-06-10,C,19.2,,,,0.76,,,0,,warn
TH-02001,2026-06-10,A,19.2,31.4,24.9,51.6,1.25,4.8,9,0,,ok
TH-02002,2026-06-10,A,19.2,33.1,27.0,51.1,1.23,4.8,8,0,,OK
TH-02004,2026-06-10,A,19.2,31.6,26.2,52.1,1.87,6.1,10,0,,OK
TH-02006,2026-06-10,A,19.2,33.4,26.4,51.8,1.14,5.0,10,0,,OK
TH-02007,2026-06-10,A,19.2,31.0,25.9,47.7,0.78,3.4,12,0,,OK
TH-02008,2026-06-10,A,19.2,31.5,25.2,46.1,1.66,7.2,9,0,,OK
TH-02009,2026-06-10,A,19.2,31.8,26.0,53.0,1.01,3.7,4,0,,OK
TH-02011,2026-06-10,A,19.2,32.2,27.4,52.7,1.13,4.7,4,0,,ok
TH-02012,2026-06-10,A,19.2,32.9,27.4,47.5,1.44,5.7,4,0,,ok
TH-02017,2026-06-10,A,19.2,32.1,24.7,51.9,1.63,6.3,10,0,,OK
TH-02019,2026-06-10,A,19.2,30.5,24.6,48.7,0.82,3.4,13,0,,OK
TH-02020,2026-06-10,A,19.2,32.4,27.3,50.3,1.15,4.8,8,0,,ok
TH-02025,2026-06-10,A,19.2,32.6,25.9,49.7,1.84,6.8,7,0,,OK
TH-02028,2026-06-10,A,19.2,33.1,28.0,50.8,1.25,4.5,5,0,,OK
TH-02030,2026-06-10,A,19.2,31.6,26.7,50.5,0.95,3.6,9,0,,ok
TH-02031,2026-06-10,A,19.2,31.9,26.1,50.0,2.09,7.3,11,0,,ok
TH-02032,2026-06-10,A,19.2,32.1,25.0,47.3,1.26,5.0,9,0,,ok
TH-02033,2026-06-10,A,19.2,33.2,27.7,47.0,1.34,5.8,8,0,,OK
TH-02034,2026-06-10,A,19.2,32.5,26.1,47.4,1.67,5.4,6,0,,ok
TH-02035,2026-06-10,A,19.2,32.6,25.7,50.6,1.85,6.7,9,0,,ok
TH-02036,2026-06-10,A,19.2,33.5,28.3,47.1,1.44,4.5,6,0,,OK
TH-02037,2026-06-10,A,19.2,32.2,26.8,51.3,1.17,3.9,10,0,,ok
TH-02038,2026-06-10,A,19.2,31.0,25.9,50.6,1.06,3.6,11,0,,ok
TH-02040,2026-06-10,A,19.2,31.3,26.6,51.7,1.62,6.0,9,0,,ok
TH-02044,2026-06-10,A,19.2,31.1,24.5,52.4,1.57,5.2,13,0,E-505,ok
TH-02045,2026-06-10,A,19.2,33.3,28.1,47.1,1.62,6.9,5,0,,OK
TH-02047,2026-06-10,A,19.2,32.5,27.6,47.2,1.21,4.4,7,0,,ok
TH-02048,2026-06-10,A,19.2,33.1,28.4,47.5,1.62,5.2,3,0,,OK
TH-02050,2026-06-10,A,19.2,31.2,25.5,50.8,0.94,3.3,7,0,,ok
TH-02052,2026-06-10,A,19.2,31.7,26.0,49.6,1.61,5.8,4,0,,ok
TH-02053,2026-06-10,A,19.2,30.7,24.8,50.0,2.06,7.0,9,0,,OK
TH-02056,2026-06-10,A,19.2,32.2,25.4,46.7,1.64,6.9,6,0,,OK
TH-02061,2026-06-10,A,19.2,32.8,26.0,48.6,1.25,4.2,9,0,,ok
TH-02065,2026-06-10,A,19.2,32.1,26.5,49.1,1.55,6.7,12,0,,ok
TH-02068,2026-06-10,A,19.2,31.6,26.4,49.1,1.31,5.6,11,0,,ok
TH-02071,2026-06-10,A,19.2,32.3,26.4,52.8,1.78,5.7,11,0,,ok
TH-02072,2026-06-10,A,19.2,31.5,25.4,46.7,1.38,4.8,12,0,,OK
TH-02073,2026-06-10,A,19.2,31.4,26.7,48.0,0.76,3.3,14,0,,OK
TH-02074,2026-06-10,A,19.2,33.3,26.7,48.4,0.77,3.2,11,0,,ok
TH-02075,2026-06-10,A,19.2,32.4,25.7,46.7,1.45,5.0,9,0,,OK
TH-02076,2026-06-10,A,19.2,33.3,25.9,47.4,0.92,3.3,8,0,,ok
TH-02077,2026-06-10,A,19.2,32.4,25.9,49.0,1.72,7.1,10,0,,ok
TH-02080,2026-06-10,A,19.2,33.1,26.6,51.8,1.04,3.8,5,0,,OK
TH-02081,2026-06-10,A,19.2,32.6,27.1,49.1,2.15,7.3,9,0,,ok
TH-02084,2026-06-10,A,19.2,30.6,24.4,47.8,1.33,5.4,12,0,,ok
TH-02086,2026-06-10,A,19.2,33.3,27.1,50.5,1.42,5.0,12,0,,OK
TH-02087,2026-06-10,A,19.2,33.5,28.9,49.1,1.76,6.3,8,0,,OK
TH-02090,2026-06-10,A,19.2,31.3,25.4,51.3,1.81,6.3,7,0,,OK
TH-02091,2026-06-10,A,19.2,31.4,26.6,50.8,1.09,4.2,11,0,,OK
TH-02093,2026-06-10,A,19.2,32.4,26.3,46.7,1.43,4.5,11,0,,ok
TH-02094,2026-06-10,A,19.2,33.2,26.7,52.6,1.59,6.1,11,0,,OK
TH-02095,2026-06-10,A,19.2,32.7,27.7,50.9,0.74,3.1,8,0,,OK
TH-02097,2026-06-10,A,19.2,30.7,24.5,46.4,1.7,6.4,7,0,,OK
TH-02100,2026-06-10,A,19.2,32.8,28.3,49.2,1.07,4.7,9,0,,OK
TH-02103,2026-06-10,A,19.2,31.8,25.4,48.5,1.32,4.6,4,0,,OK
TH-02109,2026-06-10,A,19.2,32.6,27.9,51.1,0.9,3.4,9,0,,OK
TH-02111,2026-06-10,A,19.2,32.1,26.2,50.3,1.88,6.2,9,0,,ok
TH-02112,2026-06-10,A,19.2,33.0,26.7,51.2,1.67,5.6,10,0,,ok
TH-02113,2026-06-10,A,19.2,33.1,28.5,49.5,1.18,5.1,9,0,,ok
TH-02118,2026-06-10,A,19.2,30.9,25.7,47.9,1.3,5.0,11,0,,ok
TH-02120,2026-06-10,A,19.2,32.7,26.0,47.9,0.89,3.6,7,0,,OK
TH-02122,2026-06-10,A,19.2,31.1,24.2,50.6,1.84,7.2,6,0,,ok
TH-02124,2026-06-10,A,19.2,31.6,24.3,49.4,1.58,5.5,2,0,,OK
TH-02125,2026-06-10,A,19.2,33.3,27.4,46.4,1.37,5.7,13,0,,OK
TH-02126,2026-06-10,A,19.2,33.1,27.6,49.6,1.27,5.5,7,0,,OK
TH-02127,2026-06-10,A,19.2,31.9,27.4,46.1,1.11,4.4,10,0,,ok
TH-02129,2026-06-10,A,19.2,31.4,24.2,49.0,0.9,3.5,8,0,,OK
TH-02132,2026-06-10,A,19.2,31.4,26.9,46.3,1.11,4.7,11,0,,OK
TH-02133,2026-06-10,A,19.2,32.3,25.5,47.0,2.31,7.3,10,0,,OK
TH-02134,2026-06-10,A,19.2,33.2,27.0,51.7,1.95,6.9,9,0,,ok
TH-02136,2026-06-10,A,19.2,32.5,27.5,51.1,1.14,4.4,8,0,,OK
TH-02137,2026-06-10,A,19.2,31.5,26.1,0,1.4,4.6,2,0,,ok
TH-02138,2026-06-10,A,19.2,33.4,26.2,50.2,1.15,4.0,12,0,,ok
TH-02141,2026-06-10,B,19.2,,,,17132.1,,9,0,,0
TH-02143,2026-06-10,B,19.2,,,,17885.2,,10,0,,0
TH-02145,2026-06-10,B,19.2,,,,4779.4,,6,0,,0
TH-02149,2026-06-10,B,19.2,,,,8041.6,,8,0,6021,0
TH-02152,2026-06-10,B,19.2,,,,22482.9,,12,0,,0
TH-02153,2026-06-10,B,19.2,,,,18988.7,,11,0,,0
TH-02155,2026-06-10,B,19.2,,,,4452.1,,9,0,,0
TH-02158,2026-06-10,B,19.2,,,,7032.4,,7,0,6021,0
TH-02159,2026-06-10,B,19.2,,,,12037.2,,11,0,6021,0
TH-02161,2026-06-10,B,19.2,,,,8252.6,,11,0,6021,0
TH-02162,2026-06-10,B,19.2,,,,14612.9,,7,0,,0
TH-02165,2026-06-10,B,19.2,32.1,24.8,,15073.5,,6,0,,0
TH-02171,2026-06-10,B,19.2,,,,14036.5,,6,0,6021,0
TH-02173,2026-06-10,B,19.2,,,,6919.6,,12,0,,0
TH-02175,2026-06-10,B,19.2,31.3,25.2,,12019.2,,10,0,,0
TH-02176,2026-06-10,B,19.2,,,,5381.0,,7,0,,0
TH-02177,2026-06-10,B,19.2,,,,12912.2,,9,0,,0
TH-02178,2026-06-10,B,19.2,,,,19463.9,,14,0,6021,0
TH-02180,2026-06-10,B,19.2,,,,11569.8,,5,0,6021,0
TH-02182,2026-06-10,B,19.2,,,,20916.2,,7,0,6021,0
TH-02184,2026-06-10,B,19.2,,,,20250.8,,5,0,6021,0
TH-02185,2026-06-10,B,19.2,,,,25187.5,,7,0,6021,0
TH-02188,2026-06-10,B,19.2,,,,24450.0,,9,0,6021,0
TH-02189,2026-06-10,B,19.2,,,,19323.0,,9,0,6021,0
TH-02190,2026-06-10,B,19.2,,,,24636.6,,5,0,,0
TH-02192,2026-06-10,B,19.2,,,,23341.1,,5,0,6021,0
TH-02194,2026-06-10,B,19.2,,,,18976.0,,3,0,,0
TH-02195,2026-06-10,B,19.2,,,,14797.1,,6,0,6021,0
TH-02202,2026-06-10,B,19.2,,,,13783.9,,11,0,,0
TH-02204,2026-06-10,B,19.2,,,,5142.6,,6,0,,0
TH-02206,2026-06-10,B,19.2,,,,17357.2,,8,0,6021,0
TH-02207,2026-06-10,B,19.2,,,,13640.5,,6,0,,0
TH-02213,2026-06-10,B,19.2,,,,9286.0,,14,0,,0
TH-02214,2026-06-10,B,19.2,,,,9091.7,,11,0,6021,0
TH-02215,2026-06-10,B,19.2,,,,18215.1,,12,0,,0
TH-02221,2026-06-10,B,19.2,,,,16159.8,,5,0,6021,0
TH-02223,2026-06-10,B,19.2,,,,22197.9,,12,0,,0
TH-02224,2026-06-10,B,19.2,,,,8721.2,,5,0,,0
TH-02226,2026-06-10,B,19.2,,,,9704.6,,13,0,6021,0
TH-02228,2026-06-10,B,19.2,,,,23903.7,,9,0,6021,0
TH-02230,2026-06-10,B,19.2,,,,25585.9,,5,0,,0
TH-02231,2026-06-10,B,19.2,32.1,25.9,,7540.4,,8,0,,0
TH-02234,2026-06-10,B,19.2,,,,13251.3,,4,0,,0
TH-02236,2026-06-10,B,19.2,,,,4197.5,,7,0,,0
TH-02238,2026-06-10,B,19.2,,,,7734.0,,5,0,,0
TH-02239,2026-06-10,B,19.2,,,,17169.6,,4,0,6021,0
TH-02243,2026-06-10,B,19.2,,,,11642.5,,4,0,6021,0
TH-02244,2026-06-10,B,19.2,,,,16834.4,,13,0,,0
TH-02246,2026-06-10,B,19.2,,,,15914.1,,9,0,6021,0
TH-02247,2026-06-10,B,19.2,31.8,25.0,,5440.5,,8,0,6021,0
TH-02248,2026-06-10,B,19.2,,,,23245.6,,7,0,6021,0
TH-02251,2026-06-10,B,19.2,30.6,24.6,,24412.9,,6,0,,0
TH-02255,2026-06-10,B,19.2,,,,12890.1,,13,0,,0
TH-02256,2026-06-10,B,19.2,,,,7810.1,,9,0,,0
TH-02257,2026-06-10,B,19.2,,,,21239.9,,11,0,6021,0
TH-02258,2026-06-10,B,19.2,,,,10315.0,,10,0,6021,0
TH-02259,2026-06-10,B,19.2,,,,12250.3,,12,0,6021,0
TH-02260,2026-06-10,B,19.2,,,,7295.9,,8,0,,0
TH-02262,2026-06-10,B,19.2,,,,9140.0,,7,0,6021,0
TH-02265,2026-06-10,B,19.2,,,,22549.8,,14,0,,0
TH-02266,2026-06-10,B,19.2,,,,16071.4,,7,0,,0
TH-02267,2026-06-10,B,19.2,,,,11497.6,,7,0,,0
TH-02268,2026-06-10,B,19.2,,,,23783.5,,13,0,,0
TH-02269,2026-06-10,B,19.2,,,,12357.4,,3,0,6021,0
TH-02270,2026-06-10,B,19.2,,,,21895.3,,11,0,,0
TH-02271,2026-06-10,B,19.2,,,,4903.3,,12,0,6021,0
TH-02272,2026-06-10,B,19.2,,,,24811.0,,9,0,6021,0
TH-02273,2026-06-10,B,19.2,,,,19769.2,,10,0,6021,0
TH-02277,2026-06-10,B,19.2,,,,17842.3,,8,0,6021,0
TH-02278,2026-06-10,B,19.2,,,,14782.2,,5,0,6021,0
TH-02279,2026-06-10,B,19.2,,,,21049.5,,13,0,,0
TH-02281,2026-06-10,B,19.2,,,,4219.4,,8,0,,0
TH-02283,2026-06-10,B,19.2,,,,21308.5,,3,0,,0
TH-02285,2026-06-10,B,19.2,,,,12783.3,,7,0,6021,0
TH-02286,2026-06-10,B,19.2,,,,7535.1,,8,0,6021,0
TH-02288,2026-06-10,B,19.2,,,,5396.6,,5,0,,0
TH-02290,2026-06-10,B,19.2,,,,7275.9,,7,0,3104,2
TH-02292,2026-06-10,C,19.2,,,,1.54,,,0,,warn
TH-02294,2026-06-10,C,19.2,,,,1.93,,,0,,
TH-02296,2026-06-10,C,19.2,,,,1.7,,,0,,OK
TH-02297,2026-06-10,C,19.2,,,,1.98,,,0,,
TH-02298,2026-06-10,C,19.2,,,,2.15,,,0,,OK
TH-02299,2026-06-10,C,19.2,,,,2.42,,,0,,OK
TH-02300,2026-06-10,C,19.2,,,,1.17,,,0,,OK
TH-02302,2026-06-10,C,19.2,,,,1.76,,,0,,OK
TH-02303,2026-06-10,C,19.2,,,,1.23,,,0,,OK
TH-02304,2026-06-10,C,19.2,,,,1.44,,,0,,OK
TH-02308,2026-06-10,C,19.2,,,,1.76,,,0,,warn
TH-02309,2026-06-10,C,19.2,,,,1.36,,,0,,warn
TH-02311,2026-06-10,C,19.2,,,,1.99,,,0,,warn
TH-02312,2026-06-10,C,19.2,,,,1.63,,,0,,OK
TH-02313,2026-06-10,C,19.2,,,,0.96,,,0,,
TH-02317,2026-06-10,C,19.2,,,,1.62,,,0,,warn
TH-02319,2026-06-10,C,19.2,,,,1.25,,,0,,
TH-02322,2026-06-10,C,19.2,,,,1.46,,,0,,OK
TH-02323,2026-06-10,C,19.2,,,,0.8,,,0,,OK
TH-02324,2026-06-10,C,19.2,,,,1.03,,,0,,OK
TH-02331,2026-06-10,C,19.2,33.1,,,2.34,,,0,,OK
TH-02333,2026-06-10,C,19.2,,,,1.28,,,0,,OK
TH-02334,2026-06-10,C,19.2,,,,1.79,,,0,,OK
TH-02335,2026-06-10,C,19.2,,,,1.78,,,0,ALM_HP_HP_SWITCH,warn
TH-02336,2026-06-10,C,19.2,,,,1.8,,,0,,
TH-02337,2026-06-10,C,19.2,,,,1.65,,,0,,
TH-02338,2026-06-10,C,19.2,,,,2.18,,,0,,warn
TH-02341,2026-06-10,C,19.2,,,,2.06,,,0,,OK
TH-02342,2026-06-10,C,19.2,,,,1.4,,,0,,OK
TH-02343,2026-06-10,C,19.2,,,46.1,1.94,,,0,,warn
TH-02344,2026-06-10,C,19.2,,,,-1.6,,,0,,OK
TH-02346,2026-06-10,C,19.2,,,,1.85,,,0,,
TH-02347,2026-06-10,C,19.2,,,,-3.51,,,0,,OK
TH-02348,2026-06-10,C,19.2,,,,0.79,,,0,,
TH-02351,2026-06-10,C,19.2,,,47.9,1.41,,,0,,warn
TH-02355,2026-06-10,C,19.2,,,47.6,1.48,,,0,,
TH-02357,2026-06-10,C,19.2,,,,1.72,,,0,,warn
TH-02358,2026-06-10,C,19.2,,,,1.54,,,0,,warn
TH-02359,2026-06-10,C,19.2,,,,1.7,,,0,,OK
TH-02360,2026-06-10,C,19.2,,,,0.85,,,0,,warn
TH-02361,2026-06-10,C,19.2,,,,1.84,,,0,,warn
TH-02363,2026-06-10,C,19.2,,,,2.12,,,0,,
TH-02366,2026-06-10,C,19.2,,,,1.64,,,0,,
TH-02371,2026-06-10,C,19.2,,,,1.77,,,0,,OK
TH-02374,2026-06-10,C,19.2,,,,1.14,,,0,,warn
TH-02375,2026-06-10,C,19.2,,,,1.8,,,0,,
TH-02377,2026-06-10,C,19.2,,,,0.9,,,0,,warn
TH-02379,2026-06-10,C,19.2,,,,2.03,,,0,,OK
TH-02381,2026-06-10,C,19.2,,,,1.55,,,0,,
TH-02383,2026-06-10,C,19.2,,,,2.17,,,0,,warn
TH-02384,2026-06-10,C,19.2,,,,1.24,,,0,,OK
TH-02385,2026-06-10,C,19.2,,,,2.12,,,0,,
TH-02387,2026-06-10,C,19.2,,,,2.06,,,0,,warn
TH-02388,2026-06-10,C,19.2,,,,1.49,,,0,ALM_HP_HP_SWITCH,
TH-02389,2026-06-10,C,19.2,,,,0.84,,,0,,OK
TH-02393,2026-06-10,C,19.2,,,,1.05,,,0,,warn
TH-02395,2026-06-10,C,19.2,,,,1.83,,,0,,OK
TH-02396,2026-06-10,C,19.2,,,47.0,1.52,,,0,,
TH-02397,2026-06-10,C,19.2,,,,1.14,,,0,,
TH-02398,2026-06-10,C,19.2,,,,1.47,,,0,,OK
TH-02399,2026-06-10,C,19.2,,,,1.81,,,0,,OK
th-02021,2026-06-10,A,19.2,31.9,26.6,50.3,1.07,4.6,6,0,,ok
th-02023,2026-06-10,A,19.2,31.1,24.1,46.3,1.26,4.1,9,0,,OK
th-02055,2026-06-10,A,19.2,32.1,27.2,50.7,0.8,3.5,10,0,,ok
th-02078,2026-06-10,A,19.2,31.6,24.9,48.9,1.84,7.5,11,0,,ok
th-02098,2026-06-10,A,19.2,32.3,26.1,49.0,1.81,7.1,5,0,,OK
th-02121,2026-06-10,A,19.2,32.5,27.4,48.7,2.0,6.6,10,0,,ok
th-02139,2026-06-10,A,19.2,31.4,26.6,50.3,1.35,5.1,8,0,,OK
th-02144,2026-06-10,B,19.2,,,,12907.5,,8,0,6021,0
th-02146,2026-06-10,B,19.2,,,,24468.8,,11,0,6021,0
th-02148,2026-06-10,B,19.2,,,,12869.3,,8,0,6021,0
th-02160,2026-06-10,B,19.2,,,,14902.2,,12,0,,0
th-02168,2026-06-10,B,19.2,,,,13609.6,,6,0,,0
th-02169,2026-06-10,B,19.2,,,,18429.3,,12,0,6021,0
th-02170,2026-06-10,B,19.2,,,,11413.5,,9,0,,0
th-02187,2026-06-10,B,19.2,,,,13580.3,,11,0,,0
th-02196,2026-06-10,B,19.2,,,,25182.7,,5,0,6021,0
th-02216,2026-06-10,B,19.2,32.2,26.7,,17127.0,,8,0,6021,0
th-02245,2026-06-10,B,19.2,,,,14889.4,,12,0,6021,0
th-02249,2026-06-10,B,19.2,,,,6856.7,,9,0,6021,0
th-02250,2026-06-10,B,19.2,,,,11143.8,,9,0,6021,0
th-02316,2026-06-10,C,19.2,,,,1.46,,,0,,warn
th-02339,2026-06-10,C,19.2,,,,1.75,,,0,,warn
th-02340,2026-06-10,C,19.2,,,,1.54,,,0,,warn
th-02352,2026-06-10,C,19.2,,,,1.29,,,0,,OK
th-02365,2026-06-10,C,19.2,,,,1.83,,,0,,
th-02367,2026-06-10,C,19.2,,,,2.04,,,0,,warn
th-02380,2026-06-10,C,19.2,,,,1.05,,,0,,OK
 TH-02006,2026-06-11,A,20.2,31.7,27.2,51.7,1.21,3.9,2,0,,ok
 TH-02076,2026-06-11,A,20.2,31.6,26.7,51.4,1.06,4.4,5,0,,OK
 TH-02155,2026-06-11,B,20.2,,,,4453.5,,8,0,,0
 TH-02161,2026-06-11,B,20.2,,,,8253.6,,9,0,,0
 TH-02195,2026-06-11,B,20.2,,,,14798.6,,7,0,,0
 TH-02257,2026-06-11,B,20.2,,,,21241.1,,11,0,,0
 TH-02266,2026-06-11,B,20.2,,,,16072.8,,6,0,3104,2
 TH-02273,2026-06-11,B,20.2,,,,19770.1,,7,0,,0
 TH-02298,2026-06-11,C,20.2,,,,1.96,,,0,,warn
 TH-02304,2026-06-11,C,20.2,,,,1.37,,,0,,OK
 TH-02314,2026-06-11,C,20.2,,,,1.18,,,0,,
 TH-02331,2026-06-11,C,20.2,,,,0.93,,,0,,OK
 TH-02354,2026-06-11,C,20.2,,,,1.22,,,0,,warn
 TH-02363,2026-06-11,C,20.2,,,,1.72,,,0,,warn
 TH-02397,2026-06-11,C,20.2,,,50.6,1.64,,,0,,warn
TH-02001,2026-06-11,A,20.2,32.8,26.1,49.7,1.04,4.4,8,0,,ok
TH-02002,2026-06-11,A,20.2,33.0,28.0,49.1,1.8,6.1,5,0,E-317,warn
TH-02004,2026-06-11,A,20.2,32.5,27.8,48.2,1.04,4.3,7,0,,ok
TH-02005,2026-06-11,A,20.2,33.4,26.2,48.4,1.65,5.3,7,0,,OK
TH-02007,2026-06-11,A,20.2,30.6,23.6,47.4,1.86,6.6,9,0,,ok
TH-02008,2026-06-11,A,20.2,31.4,24.5,49.5,1.33,5.4,8,0,E-104,warn
TH-02009,2026-06-11,A,20.2,31.4,26.6,52.0,1.27,4.9,14,0,,OK
TH-02011,2026-06-11,A,20.2,31.4,24.0,47.9,1.92,6.7,10,0,,ok
TH-02012,2026-06-11,A,20.2,33.5,26.1,52.3,1.36,4.3,11,0,,OK
TH-02015,2026-06-11,A,20.2,33.3,27.7,51.8,1.37,4.6,13,0,,OK
TH-02016,2026-06-11,A,20.2,33.2,25.8,46.1,1.34,5.6,6,0,,ok
TH-02017,2026-06-11,A,20.2,32.4,26.2,50.2,1.34,5.7,5,0,,ok
TH-02019,2026-06-11,A,20.2,32.3,27.4,52.6,1.33,4.6,9,0,,ok
TH-02020,2026-06-11,A,20.2,32.6,26.3,50.2,1.42,5.3,3,0,,ok
TH-02023,2026-06-11,A,20.2,32.2,25.8,49.1,1.65,5.9,6,0,,OK
TH-02028,2026-06-11,A,20.2,31.0,25.2,0,2.02,6.5,11,0,,OK
TH-02030,2026-06-11,A,20.2,31.9,25.9,51.4,0.93,3.7,9,0,,ok
TH-02031,2026-06-11,A,20.2,32.3,25.0,49.9,1.15,4.6,7,0,,OK
TH-02033,2026-06-11,A,20.2,33.2,26.8,52.7,0.9,3.8,10,0,,OK
TH-02035,2026-06-11,A,20.2,32.5,26.9,51.5,1.15,4.0,9,0,,OK
TH-02036,2026-06-11,A,20.2,31.9,26.0,46.1,1.02,3.3,7,0,,ok
TH-02037,2026-06-11,A,20.2,33.0,27.6,52.9,0.94,4.0,8,0,,OK
TH-02038,2026-06-11,A,20.2,31.2,24.2,50.1,0.97,4.2,6,0,,ok
TH-02040,2026-06-11,A,20.2,32.8,25.7,52.2,1.55,5.4,9,0,,ok
TH-02044,2026-06-11,A,20.2,31.1,26.4,52.2,1.47,5.3,10,0,,OK
TH-02045,2026-06-11,A,20.2,32.2,27.5,50.3,1.82,6.6,6,0,,OK
TH-02046,2026-06-11,A,20.2,31.4,25.9,46.2,1.12,3.9,10,0,,OK
TH-02047,2026-06-11,A,20.2,32.6,27.2,50.0,1.42,4.9,4,0,,ok
TH-02048,2026-06-11,A,20.2,33.4,28.4,48.3,1.49,6.5,14,0,,OK
TH-02049,2026-06-11,A,20.2,31.4,24.5,48.6,1.41,6.1,3,0,,ok
TH-02050,2026-06-11,A,20.2,32.7,26.8,50.6,1.98,6.4,7,0,,OK
TH-02051,2026-06-11,A,20.2,33.1,25.7,0,1.17,5.0,5,0,,OK
TH-02052,2026-06-11,A,20.2,30.5,23.5,47.4,1.2,4.4,11,0,,ok
TH-02053,2026-06-11,A,20.2,32.2,26.2,47.6,0.83,3.5,5,0,,OK
TH-02054,2026-06-11,A,20.2,32.7,25.8,52.7,1.8,6.2,10,0,,ok
TH-02055,2026-06-11,A,20.2,33.5,26.2,46.9,1.73,5.4,10,0,,ok
TH-02056,2026-06-11,A,20.2,32.7,27.4,48.7,0.73,3.0,9,0,,OK
TH-02061,2026-06-11,A,20.2,33.0,26.0,51.6,1.53,4.8,7,0,,OK
TH-02063,2026-06-11,A,20.2,32.3,26.4,47.1,1.15,4.1,7,0,,ok
TH-02068,2026-06-11,A,20.2,33.2,26.8,47.4,1.39,6.0,9,0,,ok
TH-02071,2026-06-11,A,20.2,32.8,27.9,46.9,1.24,4.6,9,0,,OK
TH-02072,2026-06-11,A,20.2,31.7,25.2,49.2,0.82,3.6,12,0,,ok
TH-02073,2026-06-11,A,20.2,33.1,28.2,46.5,1.61,6.4,8,0,,OK
TH-02074,2026-06-11,A,20.2,32.8,27.1,50.7,2.16,7.3,13,0,,ok
TH-02075,2026-06-11,A,20.2,31.1,25.7,47.0,1.44,5.4,5,0,,OK
TH-02077,2026-06-11,A,20.2,32.8,25.8,47.1,1.36,4.8,12,0,,OK
TH-02078,2026-06-11,A,20.2,31.5,26.3,48.2,1.0,3.7,7,0,,ok
TH-02080,2026-06-11,A,20.2,32.8,26.9,46.8,0.91,3.8,6,0,,OK
TH-02081,2026-06-11,A,20.2,32.7,25.5,46.5,1.67,7.0,9,0,,OK
TH-02083,2026-06-11,A,20.2,32.2,27.5,50.1,1.71,5.9,5,0,,ok
TH-02085,2026-06-11,A,20.2,32.8,27.6,48.3,1.38,5.1,12,0,,OK
TH-02086,2026-06-11,A,20.2,33.2,28.2,52.9,1.5,5.7,10,0,,ok
TH-02087,2026-06-11,A,20.2,30.8,24.9,51.8,1.03,3.9,13,0,,ok
TH-02090,2026-06-11,A,20.2,32.3,25.0,47.7,0.94,3.5,9,0,,OK
TH-02091,2026-06-11,A,20.2,31.2,25.9,49.8,0.95,3.6,11,0,,ok
TH-02093,2026-06-11,A,20.2,32.4,26.7,47.4,1.06,4.0,17,0,,ok
TH-02094,2026-06-11,A,20.2,32.1,26.7,51.8,1.38,6.0,9,0,E-317,warn
TH-02095,2026-06-11,A,20.2,30.8,23.6,50.5,1.08,3.4,4,0,,OK
TH-02097,2026-06-11,A,20.2,33.3,28.0,49.1,1.17,4.5,8,0,,ok
TH-02098,2026-06-11,A,20.2,32.0,25.9,49.6,1.72,7.2,9,0,,OK
TH-02099,2026-06-11,A,20.2,33.3,28.2,51.7,1.26,5.5,6,0,,ok
TH-02100,2026-06-11,A,20.2,31.1,24.5,51.0,2.22,7.2,4,0,,OK
TH-02101,2026-06-11,A,20.2,30.9,24.6,48.8,1.14,4.8,14,0,,ok
TH-02103,2026-06-11,A,20.2,31.8,25.2,49.8,1.48,5.2,9,0,,ok
TH-02109,2026-06-11,A,20.2,32.7,27.1,48.3,1.47,5.9,12,0,,ok
TH-02112,2026-06-11,A,20.2,32.5,27.2,47.8,0.95,3.3,11,0,,ok
TH-02113,2026-06-11,A,20.2,32.6,25.6,46.9,1.12,3.6,8,0,,ok
TH-02114,2026-06-11,A,20.2,30.7,23.7,51.8,0.86,3.2,6,0,,ok
TH-02118,2026-06-11,A,20.2,32.1,26.5,46.0,1.34,4.3,11,0,,OK
TH-02120,2026-06-11,A,20.2,33.3,26.2,50.6,1.99,7.4,10,0,,ok
TH-02121,2026-06-11,A,20.2,32.5,25.2,50.2,1.59,7.0,10,0,,ok
TH-02124,2026-06-11,A,20.2,32.5,25.5,48.2,1.69,7.3,14,0,,OK
TH-02125,2026-06-11,A,20.2,33.3,28.3,47.2,1.07,4.2,6,0,,OK
TH-02126,2026-06-11,A,20.2,32.9,26.5,48.3,1.57,5.3,4,0,,ok
TH-02127,2026-06-11,A,20.2,31.6,24.3,47.0,2.19,6.9,12,0,,OK
TH-02129,2026-06-11,A,20.2,31.5,25.4,51.9,1.47,4.6,7,0,,OK
TH-02130,2026-06-11,A,20.2,33.1,26.3,47.5,1.67,6.7,9,0,,OK
TH-02132,2026-06-11,A,20.2,30.9,24.5,47.6,0.94,3.6,11,0,,OK
TH-02133,2026-06-11,A,20.2,33.4,26.7,51.6,2.05,7.1,11,0,,ok
TH-02134,2026-06-11,A,20.2,33.0,25.7,50.1,1.88,7.3,9,0,,OK
TH-02135,2026-06-11,A,20.2,31.7,24.2,0,1.05,4.3,6,0,,OK
TH-02136,2026-06-11,A,20.2,32.9,26.9,48.4,0.99,4.0,10,0,,OK
TH-02137,2026-06-11,A,20.2,31.5,26.5,52.6,1.04,3.8,2,0,,OK
TH-02138,2026-06-11,A,20.2,30.7,26.0,46.3,1.45,5.9,9,0,,OK
TH-02139,2026-06-11,A,20.2,-999,23.9,50.9,1.86,6.5,10,0,,OK
TH-02140,2026-06-11,A,20.2,31.2,25.6,52.9,0.89,3.2,10,0,,OK
TH-02141,2026-06-11,B,20.2,,,,17133.9,,9,0,,0
TH-02143,2026-06-11,B,20.2,,,,17886.1,,6,0,,0
TH-02144,2026-06-11,B,20.2,,,,12908.3,,9,0,,0
TH-02146,2026-06-11,B,20.2,,,,24469.6,,7,0,1188,2
TH-02149,2026-06-11,B,20.2,,,,8042.7,,8,0,,0
TH-02152,2026-06-11,B,20.2,,,,22484.2,,12,0,,0
TH-02153,2026-06-11,B,20.2,,,,18989.8,,12,0,,0
TH-02159,2026-06-11,B,20.2,,,,12038.3,,3,0,6021,0
TH-02160,2026-06-11,B,20.2,,,,14903.8,,7,0,,0
TH-02162,2026-06-11,B,20.2,,,,14615.0,,2,0,,0
TH-02166,2026-06-11,B,20.2,,,,17504.5,,6,0,,0
TH-02168,2026-06-11,B,20.2,,,,13610.6,,14,0,,0
TH-02170,2026-06-11,B,20.2,,,,11415.2,,8,0,6021,0
TH-02171,2026-06-11,B,20.2,,,,14038.2,,4,0,6021,0
TH-02173,2026-06-11,B,20.2,,,,6921.2,,14,0,6021,0
TH-02175,2026-06-11,B,20.2,,,,12020.6,,8,0,6021,0
TH-02176,2026-06-11,B,20.2,,,,5382.6,,9,0,,0
TH-02177,2026-06-11,B,20.2,,,,12913.3,,8,0,6021,0
TH-02180,2026-06-11,B,20.2,,,,11571.0,,8,0,6021,0
TH-02181,2026-06-11,B,20.2,,,,18711.3,,8,0,,0
TH-02182,2026-06-11,B,20.2,,,,20917.0,,5,0,,0
TH-02184,2026-06-11,B,20.2,,,,20253.2,,5,0,6021,0
TH-02187,2026-06-11,B,20.2,,,,13582.4,,8,0,,0
TH-02188,2026-06-11,B,20.2,,,,24452.0,,8,0,6021,0
TH-02189,2026-06-11,B,20.2,,,,19324.7,,5,0,,0
TH-02190,2026-06-11,B,20.2,,,,24638.0,,9,0,6021,0
TH-02194,2026-06-11,B,20.2,,,,18977.8,,5,0,,0
TH-02196,2026-06-11,B,20.2,,,,25183.8,,7,0,6021,0
TH-02202,2026-06-11,B,20.2,,,,13785.4,,10,0,,0
TH-02206,2026-06-11,B,20.2,,,,17358.6,,6,0,6021,0
TH-02214,2026-06-11,B,20.2,,,,9092.6,,15,0,,0
TH-02215,2026-06-11,B,20.2,,,,18216.8,,2,0,,0
TH-02216,2026-06-11,B,20.2,,,,17128.3,,5,0,,0
TH-02221,2026-06-11,B,20.2,,,,16160.8,,9,0,,0
TH-02223,2026-06-11,B,20.2,31.4,25.9,,22199.5,,9,0,6021,0
TH-02224,2026-06-11,B,20.2,,,,8723.2,,8,0,,0
TH-02230,2026-06-11,B,20.2,,,,25588.0,,9,0,6021,0
TH-02231,2026-06-11,B,20.2,,,,7541.7,,10,0,,0
TH-02234,2026-06-11,B,20.2,,,,13253.3,,7,0,6021,0
TH-02235,2026-06-11,B,20.2,,,,22641.8,,13,0,,0
TH-02236,2026-06-11,B,20.2,,,,4199.1,,8,0,,0
TH-02238,2026-06-11,B,20.2,,,,7735.1,,6,0,6021,0
TH-02239,2026-06-11,B,20.2,,,,17170.8,,7,0,,0
TH-02240,2026-06-11,B,20.2,,,,8012.5,,10,0,6021,0
TH-02242,2026-06-11,B,20.2,33.4,26.5,,14303.7,,10,0,6021,0
TH-02243,2026-06-11,B,20.2,,,,11643.7,,13,0,6021,0
TH-02244,2026-06-11,B,20.2,,,,16836.6,,10,0,,0
TH-02245,2026-06-11,B,20.2,,,,14891.5,,11,0,,0
TH-02247,2026-06-11,B,20.2,,,,5442.4,,5,0,6021,0
TH-02248,2026-06-11,B,20.2,,,,23247.6,,11,0,6021,0
TH-02249,2026-06-11,B,20.2,,,,6858.7,,6,0,6021,0
TH-02250,2026-06-11,B,20.2,30.8,25.7,,11145.7,,12,0,6021,0
TH-02251,2026-06-11,B,20.2,,,,24414.2,,10,0,,0
TH-02255,2026-06-11,B,20.2,,,,12891.7,,4,0,6021,0
TH-02256,2026-06-11,B,20.2,,,,7811.2,,15,0,6021,0
TH-02258,2026-06-11,B,20.2,,,,10316.0,,10,0,,0
TH-02259,2026-06-11,B,20.2,,,,12251.5,,11,0,,0
TH-02260,2026-06-11,B,20.2,,,,7298.1,,8,0,,0
TH-02262,2026-06-11,B,20.2,,,,9141.9,,8,0,,0
TH-02265,2026-06-11,B,20.2,,,,22551.6,,6,0,,0
TH-02267,2026-06-11,B,20.2,,,,11498.9,,8,0,6021,0
TH-02269,2026-06-11,B,20.2,,,,12359.4,,9,0,,0
TH-02270,2026-06-11,B,20.2,,,,21897.1,,6,0,6021,0
TH-02272,2026-06-11,B,20.2,,,,24812.0,,12,0,,0
TH-02275,2026-06-11,B,20.2,,,,12303.8,,16,0,6021,0
TH-02277,2026-06-11,B,20.2,,,,17843.3,,10,0,,0
TH-02279,2026-06-11,B,20.2,,,,21050.9,,17,0,,0
TH-02280,2026-06-11,B,20.2,,,,17676.7,,2,0,6021,0
TH-02281,2026-06-11,B,20.2,,,,4221.1,,11,0,,0
TH-02285,2026-06-11,B,20.2,,,,12785.0,,4,0,,0
TH-02286,2026-06-11,B,20.2,,,,7536.9,,9,0,6021,0
TH-02287,2026-06-11,B,20.2,,,,17986.9,,8,0,6021,0
TH-02292,2026-06-11,C,20.2,,,,1.14,,,0,,warn
TH-02294,2026-06-11,C,20.2,,,,1.29,,,0,,OK
TH-02296,2026-06-11,C,20.2,,,,1.09,,,0,,warn
TH-02297,2026-06-11,C,20.2,,,,1.27,,,0,,
TH-02299,2026-06-11,C,20.2,,,,1.86,,,0,,warn
TH-02300,2026-06-11,C,20.2,,,,1.45,,,0,,
TH-02302,2026-06-11,C,20.2,,,,0.76,,,0,,OK
TH-02303,2026-06-11,C,20.2,,,,1.29,,,0,,
TH-02307,2026-06-11,C,20.2,,,,1.08,,,0,,warn
TH-02308,2026-06-11,C,20.2,,,,1.66,,,0,,OK
TH-02309,2026-06-11,C,20.2,,,,1.07,,,0,,
TH-02311,2026-06-11,C,20.2,,,,1.19,,,0,,
TH-02312,2026-06-11,C,20.2,,,,1.71,,,0,,warn
TH-02313,2026-06-11,C,20.2,,,,1.78,,,0,ALM_HP_HP_SWITCH,OK
TH-02316,2026-06-11,C,20.2,,,,1.49,,,0,,OK
TH-02317,2026-06-11,C,20.2,32.5,,,1.62,,,0,,
TH-02319,2026-06-11,C,20.2,31.0,,,1.52,,,0,,OK
TH-02322,2026-06-11,C,20.2,,,,0.97,,,0,,
TH-02323,2026-06-11,C,20.2,,,,0.93,,,0,,OK
TH-02324,2026-06-11,C,20.2,,,,1.5,,,0,,OK
TH-02333,2026-06-11,C,20.2,,,,1.54,,,0,,
TH-02334,2026-06-11,C,20.2,,,,1.87,,,0,,OK
TH-02335,2026-06-11,C,20.2,,,,1.09,,,0,,OK
TH-02336,2026-06-11,C,20.2,,,,1.66,,,0,,warn
TH-02338,2026-06-11,C,20.2,,,,1.58,,,0,,warn
TH-02339,2026-06-11,C,20.2,,,,1.53,,,0,,warn
TH-02341,2026-06-11,C,20.2,,,,1.32,,,0,,warn
TH-02342,2026-06-11,C,20.2,,,51.0,1.67,,,0,,OK
TH-02343,2026-06-11,C,20.2,,,,1.04,,,0,,OK
TH-02345,2026-06-11,C,20.2,,,,1.19,,,0,,
TH-02346,2026-06-11,C,20.2,,,,1.38,,,0,,
TH-02348,2026-06-11,C,20.2,,,,0.74,,,0,,OK
TH-02351,2026-06-11,C,20.2,,,,1.17,,,0,,OK
TH-02352,2026-06-11,C,20.2,,,,1.74,,,0,,
TH-02355,2026-06-11,C,20.2,,,,1.65,,,0,,warn
TH-02357,2026-06-11,C,20.2,,,,1.95,,,0,,OK
TH-02358,2026-06-11,C,20.2,,,,0.94,,,0,,warn
TH-02359,2026-06-11,C,20.2,,,,1.32,,,0,,
TH-02360,2026-06-11,C,20.2,32.7,,,1.0,,,0,,OK
TH-02361,2026-06-11,C,20.2,,,,1.92,,,0,,
TH-02365,2026-06-11,C,20.2,,,,1.14,,,0,,
TH-02366,2026-06-11,C,20.2,,,,1.28,,,0,,warn
TH-02367,2026-06-11,C,20.2,,,,0.99,,,0,,OK
TH-02371,2026-06-11,C,20.2,,,,1.66,,,0,,OK
TH-02374,2026-06-11,C,20.2,,,,1.64,,,0,,OK
TH-02375,2026-06-11,C,20.2,,,,1.55,,,0,,warn
TH-02377,2026-06-11,C,20.2,,,,0.98,,,0,,
TH-02379,2026-06-11,C,20.2,,,,1.56,,,0,,
TH-02380,2026-06-11,C,20.2,-999,,,1.06,,,0,,OK
TH-02381,2026-06-11,C,20.2,,,,1.1,,,0,,
TH-02383,2026-06-11,C,20.2,,,,1.8,,,0,,warn
TH-02384,2026-06-11,C,20.2,,,,1.7,,,0,,
TH-02385,2026-06-11,C,20.2,,,,0.83,,,0,,warn
TH-02387,2026-06-11,C,20.2,,,,1.93,,,0,,OK
TH-02388,2026-06-11,C,20.2,32.6,,,1.79,,,0,,
TH-02389,2026-06-11,C,20.2,,,,1.14,,,0,,
TH-02395,2026-06-11,C,20.2,,,,0.87,,,0,,OK
TH-02396,2026-06-11,C,20.2,,,,0.94,,,0,,OK
TH-02399,2026-06-11,C,20.2,,,,1.02,,,0,ALM_HP_HP_SWITCH,
TH-90000,2026-06-11,C,20.2,,,,12.24,,,0,,OK
TH-90001,2026-06-11,C,20.2,,,,5.19,,,0,,OK
TH-90002,2026-06-11,C,20.2,,,,4.73,,,0,,OK
TH-90003,2026-06-11,C,20.2,,,,10.86,,,0,,OK
TH-90004,2026-06-11,C,20.2,,,,13.07,,,0,,OK
th-02021,2026-06-11,A,20.2,32.8,25.8,52.0,1.68,7.3,8,0,,ok
th-02025,2026-06-11,A,20.2,31.2,24.1,50.6,1.81,6.0,14,0,,OK
th-02032,2026-06-11,A,20.2,30.7,24.4,48.9,2.26,7.4,9,0,,OK
th-02034,2026-06-11,A,20.2,31.0,25.9,48.4,1.41,4.5,13,0,,OK
th-02062,2026-06-11,A,20.2,33.5,27.2,46.6,1.14,4.3,10,0,,ok
th-02065,2026-06-11,A,20.2,30.9,25.1,47.3,1.55,6.4,10,0,,OK
th-02084,2026-06-11,A,20.2,31.7,24.4,48.7,1.33,4.5,4,0,,OK
th-02111,2026-06-11,A,20.2,33.5,26.7,46.2,2.14,7.5,11,0,,ok
th-02122,2026-06-11,A,20.2,31.1,25.7,46.4,1.67,5.6,5,0,,ok
th-02145,2026-06-11,B,20.2,,,,4780.4,,7,0,,0
th-02148,2026-06-11,B,20.2,,,,12870.9,,11,0,,0
th-02158,2026-06-11,B,20.2,,,,7033.3,,11,0,6021,0
th-02165,2026-06-11,B,20.2,,,,15074.5,,12,0,,0
th-02169,2026-06-11,B,20.2,,,,18430.2,,7,0,6021,0
th-02185,2026-06-11,B,20.2,,,,25188.9,,9,0,6021,0
th-02192,2026-06-11,B,20.2,,,,23342.4,,7,0,6021,0
th-02204,2026-06-11,B,20.2,,,,5143.8,,11,0,6021,0
th-02207,2026-06-11,B,20.2,,,,13641.8,,9,0,,0
th-02213,2026-06-11,B,20.2,32.5,26.7,,9287.7,,2,0,6021,0
th-02226,2026-06-11,B,20.2,,,,9706.1,,7,0,,0
th-02228,2026-06-11,B,20.2,,,,23905.2,,12,0,6021,0
th-02246,2026-06-11,B,20.2,,,,15915.6,,10,0,,0
th-02268,2026-06-11,B,20.2,,,,23785.1,,11,0,,0
th-02271,2026-06-11,B,20.2,,,,4904.6,,10,0,,0
th-02278,2026-06-11,B,20.2,,,,14783.6,,5,0,,0
th-02283,2026-06-11,B,20.2,,,,21309.6,,9,0,,0
th-02288,2026-06-11,B,20.2,,,,5397.8,,11,0,,0
th-02337,2026-06-11,C,20.2,,,,1.13,,,0,,OK
th-02340,2026-06-11,C,20.2,,,,1.32,,,0,,
th-02344,2026-06-11,C,20.2,,,,1.65,,,0,,warn
th-02347,2026-06-11,C,20.2,,,,1.51,,,0,,
th-02393,2026-06-11,C,20.2,,,,1.98,,,0,,
th-02398,2026-06-11,C,20.2,,,,0.9,,,0,,OK
 TH-02011,2026-06-12,A,20.2,32.4,27.5,52.6,1.26,5.2,8,0,,OK
 TH-02112,2026-06-12,A,20.2,31.2,26.5,50.8,0.97,3.9,8,0,,OK
 TH-02122,2026-06-12,A,20.2,33.2,28.6,47.8,1.12,4.2,11,0,,OK
 TH-02124,2026-06-12,A,20.2,32.2,25.7,47.4,0.68,3.0,8,0,,OK
 TH-02140,2026-06-12,A,20.2,33.3,27.0,46.4,1.64,6.4,6,0,,OK
 TH-02182,2026-06-12,B,20.2,,,,20918.4,,7,0,,0
 TH-02196,2026-06-12,B,20.2,,,,25184.9,,5,0,6021,0
 TH-02224,2026-06-12,B,20.2,,,,8725.2,,6,0,6021,0
 TH-02234,2026-06-12,B,20.2,,,,13254.2,,4,0,,0
 TH-02238,2026-06-12,B,20.2,,,,7736.0,,12,0,,0
 TH-02243,2026-06-12,B,20.2,,,,11645.2,,8,0,,0
 TH-02249,2026-06-12,B,20.2,,,,6859.6,,4,0,3104,2
 TH-02250,2026-06-12,B,20.2,,,,11147.5,,7,0,,0
 TH-02251,2026-06-12,B,20.2,,,,24415.3,,10,0,6021,0
 TH-02273,2026-06-12,B,20.2,,,,19771.9,,9,0,,0
 TH-02307,2026-06-12,C,20.2,,,,1.06,,,0,,OK
 TH-02339,2026-06-12,C,20.2,,,,0.98,,,0,,warn
 TH-02360,2026-06-12,C,20.2,,,,1.11,,,0,,
 TH-02361,2026-06-12,C,20.2,,,,1.48,,,0,,OK
 TH-02383,2026-06-12,C,20.2,,,,1.06,,,0,,warn
TH-02001,2026-06-12,A,20.2,31.5,27.0,51.0,1.36,4.4,11,0,,OK
TH-02002,2026-06-12,A,20.2,30.7,25.4,50.7,1.02,3.6,7,0,,OK
TH-02004,2026-06-12,A,20.2,30.7,25.7,47.0,1.46,6.4,10,0,,OK
TH-02005,2026-06-12,A,20.2,32.5,25.6,46.8,1.49,5.8,12,0,,ok
TH-02006,2026-06-12,A,20.2,30.6,23.5,50.5,1.72,5.5,11,0,,OK
TH-02007,2026-06-12,A,20.2,32.6,26.2,46.2,0.79,3.4,7,0,,OK
TH-02008,2026-06-12,A,20.2,32.1,27.2,48.1,2.15,7.1,13,0,,ok
TH-02009,2026-06-12,A,20.2,30.8,23.8,47.1,1.34,4.6,8,0,,OK
TH-02012,2026-06-12,A,20.2,31.4,25.2,51.5,1.7,5.9,11,0,,OK
TH-02016,2026-06-12,A,20.2,32.0,26.0,52.1,1.67,6.5,8,0,,ok
TH-02017,2026-06-12,A,20.2,30.8,24.3,48.0,2.09,7.0,9,0,,ok
TH-02019,2026-06-12,A,20.2,32.3,25.3,50.4,1.64,5.9,10,0,,OK
TH-02020,2026-06-12,A,20.2,33.1,27.6,50.9,0.91,3.4,3,0,,OK
TH-02021,2026-06-12,A,20.2,31.7,26.8,48.0,0.99,3.3,4,0,,OK
TH-02023,2026-06-12,A,20.2,33.4,28.2,48.3,0.99,3.9,9,0,,OK
TH-02025,2026-06-12,A,20.2,31.9,27.1,53.0,1.74,7.2,5,0,,ok
TH-02028,2026-06-12,A,20.2,31.7,24.7,47.1,1.62,7.0,8,0,,ok
TH-02030,2026-06-12,A,20.2,31.2,24.7,52.6,1.23,5.0,10,0,,ok
TH-02031,2026-06-12,A,20.2,31.3,25.1,46.5,2.12,7.3,11,0,,ok
TH-02032,2026-06-12,A,20.2,31.7,27.1,50.3,1.38,5.9,11,0,,ok
TH-02033,2026-06-12,A,20.2,33.2,28.4,48.2,1.71,6.2,4,0,,ok
TH-02034,2026-06-12,A,20.2,31.9,25.2,47.7,2.03,7.1,10,0,,OK
TH-02035,2026-06-12,A,20.2,33.4,27.9,48.1,1.21,5.0,9,0,,OK
TH-02036,2026-06-12,A,20.2,33.4,26.3,52.2,0.96,3.9,5,0,,ok
TH-02038,2026-06-12,A,20.2,31.5,25.4,48.1,1.54,5.7,3,0,,ok
TH-02040,2026-06-12,A,20.2,32.5,25.9,47.4,1.55,5.0,6,0,,ok
TH-02044,2026-06-12,A,20.2,32.4,25.0,47.2,1.83,7.4,7,0,,ok
TH-02045,2026-06-12,A,20.2,32.7,27.8,51.1,1.28,5.0,9,0,,OK
TH-02046,2026-06-12,A,20.2,31.8,27.2,46.2,0.96,3.7,2,0,,OK
TH-02048,2026-06-12,A,20.2,31.3,26.3,49.8,1.52,4.9,11,0,,ok
TH-02049,2026-06-12,A,20.2,31.3,25.6,46.8,0.97,3.4,11,0,,OK
TH-02050,2026-06-12,A,20.2,32.3,26.8,48.6,1.28,4.8,7,0,,OK
TH-02051,2026-06-12,A,20.2,32.0,24.8,47.6,1.83,5.9,6,0,,OK
TH-02052,2026-06-12,A,20.2,30.6,26.1,46.9,1.06,3.3,13,0,,OK
TH-02053,2026-06-12,A,20.2,32.8,27.2,46.4,1.81,7.4,11,0,,ok
TH-02054,2026-06-12,A,20.2,32.1,27.4,50.8,1.77,6.5,9,0,,ok
TH-02055,2026-06-12,A,20.2,32.2,24.9,48.8,1.01,4.2,3,0,,ok
TH-02056,2026-06-12,A,20.2,33.1,28.4,52.2,1.5,6.4,8,0,,OK
TH-02061,2026-06-12,A,20.2,32.5,27.7,47.8,1.53,6.2,7,0,,ok
TH-02062,2026-06-12,A,20.2,33.0,25.6,52.4,1.01,4.4,11,0,E-211,ok
TH-02063,2026-06-12,A,20.2,32.2,27.6,50.5,1.03,4.0,13,0,E-317,ok
TH-02068,2026-06-12,A,20.2,31.3,23.8,48.2,0.8,3.3,11,0,E-104,ok
TH-02071,2026-06-12,A,20.2,32.0,24.6,49.0,1.5,5.6,9,0,,ok
TH-02073,2026-06-12,A,20.2,31.1,26.3,48.6,1.9,7.2,7,0,,OK
TH-02074,2026-06-12,A,20.2,32.8,27.6,46.2,1.52,6.3,6,0,,OK
TH-02075,2026-06-12,A,20.2,30.8,24.8,50.9,1.64,6.5,9,0,,ok
TH-02076,2026-06-12,A,20.2,30.8,23.7,49.8,1.84,5.9,9,0,,ok
TH-02077,2026-06-12,A,20.2,33.1,26.2,49.9,1.66,5.4,10,0,,OK
TH-02078,2026-06-12,A,20.2,32.5,27.3,49.0,1.3,5.0,7,0,,OK
TH-02080,2026-06-12,A,20.2,31.4,25.7,48.7,1.27,5.3,10,0,,OK
TH-02081,2026-06-12,A,20.2,33.3,26.3,51.1,1.84,6.2,11,0,,OK
TH-02083,2026-06-12,A,20.2,31.2,25.8,47.8,1.35,4.4,11,0,,ok
TH-02084,2026-06-12,A,20.2,33.4,28.2,52.3,2.09,7.2,11,0,,ok
TH-02085,2026-06-12,A,20.2,32.5,25.3,46.7,1.9,7.5,15,0,,ok
TH-02086,2026-06-12,A,20.2,30.9,24.9,52.6,1.04,4.4,7,0,,OK
TH-02087,2026-06-12,A,20.2,31.2,24.2,50.6,1.02,3.5,13,0,,OK
TH-02090,2026-06-12,A,20.2,31.1,26.3,48.0,1.5,5.7,8,0,,OK
TH-02091,2026-06-12,A,20.2,33.4,28.3,52.6,0.99,4.1,6,0,,ok
TH-02093,2026-06-12,A,20.2,31.1,25.2,48.0,1.35,5.6,7,0,,ok
TH-02094,2026-06-12,A,20.2,32.1,24.9,51.8,1.38,5.4,7,0,,ok
TH-02095,2026-06-12,A,20.2,32.6,27.8,47.9,0.98,4.1,8,0,,OK
TH-02097,2026-06-12,A,20.2,31.6,26.3,52.2,1.67,5.3,9,0,,OK
TH-02098,2026-06-12,A,20.2,31.9,25.3,51.7,2.16,6.9,8,0,,ok
TH-02099,2026-06-12,A,20.2,31.3,24.2,47.0,1.13,4.6,8,0,,OK
TH-02101,2026-06-12,A,20.2,31.0,25.0,50.9,1.32,5.0,10,0,,ok
TH-02103,2026-06-12,A,20.2,31.7,24.2,47.0,1.05,4.2,10,0,,ok
TH-02109,2026-06-12,A,20.2,33.3,26.3,49.1,0.93,3.2,7,0,,OK
TH-02111,2026-06-12,A,20.2,31.7,25.8,49.3,1.15,5.0,8,0,,ok
TH-02113,2026-06-12,A,20.2,32.4,26.5,53.0,1.1,4.4,9,0,,ok
TH-02114,2026-06-12,A,20.2,33.0,28.5,47.0,1.17,3.7,15,0,,OK
TH-02120,2026-06-12,A,20.2,31.7,26.2,49.7,1.78,7.4,6,0,,OK
TH-02125,2026-06-12,A,20.2,31.9,24.7,48.0,0.95,4.0,3,0,,OK
TH-02126,2026-06-12,A,20.2,31.7,24.5,49.9,1.44,6.0,8,0,,ok
TH-02127,2026-06-12,A,20.2,32.3,27.6,50.2,1.2,4.3,4,0,,OK
TH-02129,2026-06-12,A,20.2,30.8,25.9,49.2,1.26,5.4,6,0,,ok
TH-02130,2026-06-12,A,20.2,30.7,23.9,52.6,2.05,7.3,12,0,,ok
TH-02133,2026-06-12,A,20.2,30.9,26.0,47.8,1.56,6.1,11,0,,ok
TH-02134,2026-06-12,A,20.2,32.2,24.8,47.5,1.29,4.3,3,0,,ok
TH-02135,2026-06-12,A,20.2,30.9,23.8,50.0,1.75,5.7,8,0,E-104,OK
TH-02136,2026-06-12,A,20.2,-999,27.3,49.9,1.15,4.9,7,0,,OK
TH-02137,2026-06-12,A,20.2,32.0,25.8,46.0,1.31,4.4,8,0,,OK
TH-02138,2026-06-12,A,20.2,31.6,25.4,48.3,1.07,4.5,8,0,,ok
TH-02139,2026-06-12,A,20.2,32.6,25.9,49.8,0.85,3.0,9,0,,ok
TH-02141,2026-06-12,B,20.2,,,,17135.7,,3,0,,0
TH-02143,2026-06-12,B,20.2,,,,17888.0,,7,0,,0
TH-02145,2026-06-12,B,20.2,,,,4782.5,,12,0,6021,0
TH-02146,2026-06-12,B,20.2,,,,24470.8,,6,0,6021,0
TH-02148,2026-06-12,B,20.2,,,,12872.3,,10,0,6021,0
TH-02149,2026-06-12,B,20.2,,,,8043.7,,6,0,,0
TH-02152,2026-06-12,B,20.2,,,,22485.8,,10,0,,0
TH-02153,2026-06-12,B,20.2,,,,18991.4,,10,0,6021,0
TH-02155,2026-06-12,B,20.2,,,,4454.8,,3,0,,0
TH-02158,2026-06-12,B,20.2,,,,7034.8,,6,0,,0
TH-02159,2026-06-12,B,20.2,,,,12039.5,,9,0,7702,2
TH-02160,2026-06-12,B,20.2,,,,14904.7,,6,0,,0
TH-02161,2026-06-12,B,20.2,,,,8254.8,,8,0,,0
TH-02165,2026-06-12,B,20.2,30.9,23.5,,15075.5,,8,0,,0
TH-02168,2026-06-12,B,20.2,32.0,25.9,,13612.0,,5,0,,0
TH-02169,2026-06-12,B,20.2,,,,18431.9,,7,0,6021,0
TH-02170,2026-06-12,B,20.2,31.4,25.7,,11416.2,,7,0,6021,0
TH-02171,2026-06-12,B,20.2,,,,14039.0,,10,0,,0
TH-02173,2026-06-12,B,20.2,,,,6922.3,,4,0,,0
TH-02175,2026-06-12,B,20.2,,,,12022.5,,8,0,6021,0
TH-02176,2026-06-12,B,20.2,,,,5384.3,,6,0,,0
TH-02178,2026-06-12,B,20.2,,,,19465.5,,7,0,,0
TH-02180,2026-06-12,B,20.2,,,,11572.0,,12,0,6021,0
TH-02181,2026-06-12,B,20.2,,,,18712.4,,7,0,,0
TH-02184,2026-06-12,B,20.2,,,,20255.0,,13,0,,0
TH-02185,2026-06-12,B,20.2,,,,25191.0,,2,0,,0
TH-02187,2026-06-12,B,20.2,,,,13583.3,,11,0,6021,0
TH-02188,2026-06-12,B,20.2,,,,24453.7,,9,0,6021,0
TH-02189,2026-06-12,B,20.2,,,,19325.7,,7,0,6021,0
TH-02190,2026-06-12,B,20.2,,,,24640.1,,5,0,6021,0
TH-02192,2026-06-12,B,20.2,31.4,23.9,,23344.1,,11,0,6021,0
TH-02194,2026-06-12,B,20.2,,,,18979.3,,9,0,,0
TH-02195,2026-06-12,B,20.2,,,,14800.1,,6,0,6021,0
TH-02202,2026-06-12,B,20.2,,,,13786.6,,5,0,,0
TH-02204,2026-06-12,B,20.2,,,,5146.1,,7,0,6021,0
TH-02206,2026-06-12,B,20.2,,,,17359.9,,10,0,6021,0
TH-02207,2026-06-12,B,20.2,,,,13642.7,,7,0,,0
TH-02214,2026-06-12,B,20.2,,,,9094.2,,7,0,6021,0
TH-02215,2026-06-12,B,20.2,,,,18218.1,,4,0,6021,0
TH-02216,2026-06-12,B,20.2,,,,17130.2,,10,0,6021,0
TH-02221,2026-06-12,B,20.2,,,,16162.7,,10,0,,0
TH-02223,2026-06-12,B,20.2,,,,22200.9,,13,0,,0
TH-02226,2026-06-12,B,20.2,,,,9707.3,,8,0,6021,0
TH-02228,2026-06-12,B,20.2,,,,23906.1,,12,0,6021,0
TH-02230,2026-06-12,B,20.2,,,,25589.6,,11,0,6021,0
TH-02231,2026-06-12,B,20.2,,,,7542.8,,15,0,6021,0
TH-02235,2026-06-12,B,20.2,,,,22644.0,,9,0,6021,0
TH-02236,2026-06-12,B,20.2,30.9,26.0,,4200.4,,9,0,,0
TH-02239,2026-06-12,B,20.2,,,,17171.8,,7,0,,0
TH-02244,2026-06-12,B,20.2,,,,16837.7,,5,0,,0
TH-02245,2026-06-12,B,20.2,,,,14892.6,,10,0,,0
TH-02247,2026-06-12,B,20.2,,,,5443.3,,13,0,6021,0
TH-02248,2026-06-12,B,20.2,,,,23248.8,,12,0,,0
TH-02255,2026-06-12,B,20.2,,,,12893.5,,3,0,,0
TH-02257,2026-06-12,B,20.2,,,,21241.8,,11,0,6021,0
TH-02258,2026-06-12,B,20.2,,,,10316.9,,8,0,,0
TH-02260,2026-06-12,B,20.2,,,,7299.8,,12,0,,0
TH-02265,2026-06-12,B,20.2,,,,22552.9,,10,0,,0
TH-02266,2026-06-12,B,20.2,,,,16074.7,,6,0,6021,0
TH-02267,2026-06-12,B,20.2,,,,11500.4,,4,0,6021,0
TH-02269,2026-06-12,B,20.2,,,,12361.2,,12,0,,0
TH-02270,2026-06-12,B,20.2,,,,21897.9,,9,0,6021,0
TH-02272,2026-06-12,B,20.2,,,,24813.3,,11,0,,0
TH-02275,2026-06-12,B,20.2,,,,12305.2,,7,0,3104,2
TH-02277,2026-06-12,B,20.2,,,,17844.2,,8,0,,0
TH-02278,2026-06-12,B,20.2,,,,14784.8,,6,0,6021,0
TH-02279,2026-06-12,B,20.2,,,,21052.0,,10,0,6021,0
TH-02280,2026-06-12,B,20.2,,,,17678.4,,6,0,6021,0
TH-02281,2026-06-12,B,20.2,,,,4222.1,,9,0,,0
TH-02283,2026-06-12,B,20.2,,,,21311.5,,12,0,6021,0
TH-02285,2026-06-12,B,20.2,,,,12786.7,,9,0,,0
TH-02286,2026-06-12,B,20.2,,,,7537.7,,9,0,6021,0
TH-02287,2026-06-12,B,20.2,,,,17988.2,,12,0,7702,2
TH-02288,2026-06-12,B,20.2,,,,5398.8,,7,0,,0
TH-02290,2026-06-12,B,20.2,,,,7277.4,,7,0,,0
TH-02294,2026-06-12,C,20.2,,,,0.94,,,0,,
TH-02296,2026-06-12,C,20.2,,,,1.73,,,0,,OK
TH-02297,2026-06-12,C,20.2,32.6,,,0.93,,,0,,OK
TH-02298,2026-06-12,C,20.2,,,,0.96,,,0,,
TH-02299,2026-06-12,C,20.2,,,,1.62,,,0,,OK
TH-02302,2026-06-12,C,20.2,,,,1.53,,,0,,
TH-02304,2026-06-12,C,20.2,,,,1.48,,,0,,
TH-02308,2026-06-12,C,20.2,,,,1.08,,,0,,
TH-02311,2026-06-12,C,20.2,,,,1.63,,,0,,warn
TH-02312,2026-06-12,C,20.2,,,,1.88,,,0,,
TH-02314,2026-06-12,C,20.2,,,,1.07,,,0,,warn
TH-02316,2026-06-12,C,20.2,,,,1.46,,,0,,
TH-02317,2026-06-12,C,20.2,,,,1.25,,,0,,
TH-02319,2026-06-12,C,20.2,33.1,,,1.01,,,0,,warn
TH-02322,2026-06-12,C,20.2,31.9,,,1.57,,,0,,warn
TH-02323,2026-06-12,C,20.2,,,,1.79,,,0,,OK
TH-02324,2026-06-12,C,20.2,31.8,,,1.72,,,0,,OK
TH-02331,2026-06-12,C,20.2,,,,1.08,,,0,,warn
TH-02333,2026-06-12,C,20.2,,,,1.84,,,0,,OK
TH-02334,2026-06-12,C,20.2,,,,0.82,,,0,,warn
TH-02337,2026-06-12,C,20.2,,,,1.17,,,0,,
TH-02338,2026-06-12,C,20.2,,,,0.8,,,0,,
TH-02340,2026-06-12,C,20.2,,,,2.0,,,0,,
TH-02341,2026-06-12,C,20.2,33.3,,,1.08,,,0,,
TH-02342,2026-06-12,C,20.2,,,,0.88,,,0,,OK
TH-02345,2026-06-12,C,20.2,,,,1.31,,,0,,warn
TH-02346,2026-06-12,C,20.2,,,,1.0,,,0,,OK
TH-02347,2026-06-12,C,20.2,,,,1.28,,,0,,
TH-02348,2026-06-12,C,20.2,,,,1.64,,,0,,warn
TH-02351,2026-06-12,C,20.2,,,,1.9,,,0,,warn
TH-02352,2026-06-12,C,20.2,,,,0.8,,,0,,OK
TH-02354,2026-06-12,C,20.2,,,,1.66,,,0,,OK
TH-02355,2026-06-12,C,20.2,,,,0.79,,,0,,warn
TH-02357,2026-06-12,C,20.2,,,,1.5,,,0,,warn
TH-02358,2026-06-12,C,20.2,,,,2.19,,,0,,warn
TH-02359,2026-06-12,C,20.2,,,,1.08,,,0,,
TH-02363,2026-06-12,C,20.2,,,,1.59,,,0,,
TH-02365,2026-06-12,C,20.2,,,,1.56,,,0,,
TH-02366,2026-06-12,C,20.2,,,,1.75,,,0,,
TH-02367,2026-06-12,C,20.2,,,,0.9,,,0,,warn
TH-02371,2026-06-12,C,20.2,,,,1.74,,,0,,OK
TH-02375,2026-06-12,C,20.2,,,,1.06,,,0,,OK
TH-02379,2026-06-12,C,20.2,,,,0.84,,,0,,
TH-02380,2026-06-12,C,20.2,,,,0.93,,,0,,warn
TH-02384,2026-06-12,C,20.2,,,,1.38,,,0,,
TH-02387,2026-06-12,C,20.2,,,,1.59,,,0,,warn
TH-02388,2026-06-12,C,20.2,,,,-1.98,,,0,,OK
TH-02389,2026-06-12,C,20.2,,,,0.87,,,0,,
TH-02395,2026-06-12,C,20.2,,,,1.39,,,0,,warn
TH-02397,2026-06-12,C,20.2,,,,2.07,,,0,,
TH-02398,2026-06-12,C,20.2,,,,1.67,,,0,,
TH-02399,2026-06-12,C,20.2,,,,1.8,,,0,,warn
TH-02400,2026-06-12,C,20.2,,,,1.86,,,0,,warn
th-02047,2026-06-12,A,20.2,32.4,27.7,46.3,0.97,3.8,8,0,,ok
th-02065,2026-06-12,A,20.2,31.0,24.0,48.2,2.02,7.1,7,0,,OK
th-02100,2026-06-12,A,20.2,32.7,26.3,52.6,2.12,7.1,17,0,,ok
th-02118,2026-06-12,A,20.2,31.5,24.9,51.1,1.52,6.3,6,0,,OK
th-02121,2026-06-12,A,20.2,33.3,26.1,47.8,0.98,3.1,8,0,,ok
th-02132,2026-06-12,A,20.2,31.2,25.6,48.0,1.65,6.3,2,0,,OK
th-02144,2026-06-12,B,20.2,,,,12909.5,,9,0,,0
th-02162,2026-06-12,B,20.2,,,,14616.2,,6,0,,0
th-02166,2026-06-12,B,20.2,,,,17505.7,,7,0,6021,0
th-02213,2026-06-12,B,20.2,,,,9288.8,,8,0,,0
th-02240,2026-06-12,B,20.2,,,,8013.8,,12,0,,0
th-02242,2026-06-12,B,20.2,,,,14304.5,,8,0,,0
th-02246,2026-06-12,B,20.2,,,,15916.9,,12,0,,0
th-02256,2026-06-12,B,20.2,,,,7812.9,,9,0,,0
th-02259,2026-06-12,B,20.2,,,,12253.1,,5,0,,0
th-02262,2026-06-12,B,20.2,,,,9143.5,,8,0,,0
th-02268,2026-06-12,B,20.2,,,,23786.4,,15,0,6021,0
th-02271,2026-06-12,B,20.2,,,,4906.2,,9,0,,0
th-02292,2026-06-12,C,20.2,,,,1.8,,,0,,OK
th-02300,2026-06-12,C,20.2,,,,1.82,,,0,,warn
th-02303,2026-06-12,C,20.2,,,,1.54,,,0,,OK
th-02309,2026-06-12,C,20.2,,,,0.69,,,0,,OK
th-02313,2026-06-12,C,20.2,,,,1.22,,,0,,
th-02336,2026-06-12,C,20.2,,,,1.68,,,0,,OK
th-02343,2026-06-12,C,20.2,,,,1.05,,,0,,
th-02344,2026-06-12,C,20.2,,,,1.52,,,0,,OK
th-02374,2026-06-12,C,20.2,,,,1.08,,,0,,
th-02381,2026-06-12,C,20.2,,,,1.24,,,0,,OK
th-02385,2026-06-12,C,20.2,,,,1.46,,,0,,
th-02393,2026-06-12,C,20.2,,,,-0.59,,,0,,OK
th-02396,2026-06-12,C,20.2,,,,1.59,,,0,,
 TH-02004,2026-06-13,A,17.6,33.4,26.9,50.5,1.18,4.1,8,0,,OK
 TH-02005,2026-06-13,A,17.6,32.8,25.4,48.4,1.47,5.8,5,0,,OK
 TH-02012,2026-06-13,A,17.6,32.0,26.5,49.2,1.22,4.0,8,0,,ok
 TH-02077,2026-06-13,A,17.6,31.2,26.4,46.6,0.87,3.4,9,0,,OK
 TH-02126,2026-06-13,A,17.6,31.8,26.5,50.5,1.11,4.1,7,0,,ok
 TH-02140,2026-06-13,A,17.6,31.8,26.6,50.9,0.83,3.4,9,0,,OK
 TH-02168,2026-06-13,B,17.6,,,,13613.0,,10,0,,0
 TH-02187,2026-06-13,B,17.6,,,,13584.3,,7,0,,0
 TH-02195,2026-06-13,B,17.6,,,,14801.6,,12,0,6021,0
 TH-02238,2026-06-13,B,17.6,,,,7737.2,,11,0,,0
 TH-02260,2026-06-13,B,17.6,,,,7301.0,,7,0,6021,0
 TH-02270,2026-06-13,B,17.6,,,,21899.5,,11,0,6021,0
 TH-02283,2026-06-13,B,17.6,,,,21313.5,,3,0,,0
 TH-02297,2026-06-13,C,17.6,,,,1.45,,,0,,
 TH-02348,2026-06-13,C,17.6,,,,1.85,,,0,,
 TH-02365,2026-06-13,C,17.6,,,,0.76,,,0,,
 TH-02366,2026-06-13,C,17.6,,,,1.04,,,0,,
 TH-02387,2026-06-13,C,17.6,,,,1.17,,,0,,warn
TH-02001,2026-06-13,A,17.6,32.1,25.9,49.0,1.84,6.8,6,0,,ok
TH-02002,2026-06-13,A,17.6,31.3,23.8,52.3,1.57,5.9,11,0,,OK
TH-02006,2026-06-13,A,17.6,31.8,24.9,50.9,1.83,6.0,5,0,,OK
TH-02007,2026-06-13,A,17.6,32.2,27.4,51.7,1.3,4.6,5,0,,ok
TH-02008,2026-06-13,A,17.6,30.6,23.6,47.1,1.6,6.2,11,0,E-211,OK
TH-02009,2026-06-13,A,17.6,33.1,27.8,51.0,1.27,4.9,14,0,,OK
TH-02015,2026-06-13,A,17.6,31.0,25.3,49.2,1.41,4.5,13,0,,ok
TH-02016,2026-06-13,A,17.6,33.0,27.2,51.9,1.73,6.7,4,0,,OK
TH-02017,2026-06-13,A,17.6,30.7,26.2,50.6,1.18,4.1,10,0,,ok
TH-02019,2026-06-13,A,17.6,31.0,25.6,47.9,1.42,6.2,8,0,,ok
TH-02020,2026-06-13,A,17.6,31.9,24.6,48.6,1.92,6.4,11,0,,ok
TH-02021,2026-06-13,A,17.6,31.5,25.9,52.1,1.18,5.0,11,0,,ok
TH-02023,2026-06-13,A,17.6,33.0,28.2,52.6,1.54,6.5,5,0,,ok
TH-02028,2026-06-13,A,17.6,31.4,26.0,48.4,1.0,3.3,8,0,,OK
TH-02030,2026-06-13,A,17.6,31.9,26.6,52.8,2.1,7.0,9,0,,OK
TH-02031,2026-06-13,A,17.6,31.8,26.8,47.0,1.16,3.7,7,0,,ok
TH-02033,2026-06-13,A,17.6,31.4,26.2,48.0,1.53,6.7,7,0,,OK
TH-02034,2026-06-13,A,17.6,32.2,26.2,49.1,2.21,7.2,3,0,,ok
TH-02035,2026-06-13,A,17.6,31.5,24.1,51.7,0.98,3.3,2,0,,ok
TH-02037,2026-06-13,A,17.6,-999,24.3,48.0,0.91,3.2,3,0,,OK
TH-02038,2026-06-13,A,17.6,30.9,24.8,46.2,1.68,5.7,9,0,,ok
TH-02040,2026-06-13,A,17.6,31.1,23.6,53.0,2.0,6.3,10,0,,ok
TH-02044,2026-06-13,A,17.6,32.3,26.7,50.3,1.58,6.2,12,0,,ok
TH-02045,2026-06-13,A,17.6,31.4,26.2,47.0,1.56,5.1,7,0,,OK
TH-02046,2026-06-13,A,17.6,30.6,24.1,51.2,0.95,3.4,8,0,,OK
TH-02047,2026-06-13,A,17.6,33.2,27.9,51.8,1.74,6.1,12,0,,OK
TH-02048,2026-06-13,A,17.6,31.9,25.8,50.4,2.03,7.2,9,0,,ok
TH-02049,2026-06-13,A,17.6,30.7,25.6,49.9,1.91,6.5,10,0,,OK
TH-02050,2026-06-13,A,17.6,31.0,24.3,49.0,1.1,4.2,9,0,,ok
TH-02051,2026-06-13,A,17.6,32.9,25.9,51.0,1.2,4.1,7,0,,ok
TH-02052,2026-06-13,A,17.6,30.7,25.1,48.8,0.94,3.4,10,0,,ok
TH-02053,2026-06-13,A,17.6,31.6,26.1,46.4,0.95,4.1,10,0,,OK
TH-02054,2026-06-13,A,17.6,32.1,25.3,52.3,0.84,3.6,8,0,,ok
TH-02055,2026-06-13,A,17.6,32.2,26.9,47.5,1.07,3.5,10,0,E-317,OK
TH-02056,2026-06-13,A,17.6,30.6,24.8,50.6,2.31,7.5,12,0,,OK
TH-02061,2026-06-13,A,17.6,32.6,25.5,49.6,0.85,3.7,9,0,,OK
TH-02062,2026-06-13,A,17.6,33.4,27.5,50.9,1.23,4.3,12,0,,ok
TH-02063,2026-06-13,A,17.6,32.9,27.3,49.9,1.31,4.8,6,0,,OK
TH-02065,2026-06-13,A,17.6,31.5,25.4,46.6,2.11,6.6,5,0,,ok
TH-02068,2026-06-13,A,17.6,33.0,28.0,50.3,1.33,5.2,8,0,,OK
TH-02071,2026-06-13,A,17.6,32.3,27.3,46.2,1.3,5.0,2,0,,ok
TH-02072,2026-06-13,A,17.6,32.7,28.0,51.8,0.98,4.3,10,0,,OK
TH-02073,2026-06-13,A,17.6,32.5,26.7,47.3,1.89,6.7,9,0,,ok
TH-02074,2026-06-13,A,17.6,32.0,26.7,51.8,0.83,3.4,12,0,,ok
TH-02075,2026-06-13,A,17.6,31.4,24.3,49.0,1.69,6.8,11,0,,ok
TH-02076,2026-06-13,A,17.6,31.3,26.0,50.5,1.23,4.8,11,0,,ok
TH-02078,2026-06-13,A,17.6,31.4,26.4,49.5,1.45,5.5,5,0,,OK
TH-02080,2026-06-13,A,17.6,31.1,24.9,51.5,1.7,6.7,8,0,,ok
TH-02081,2026-06-13,A,17.6,31.1,24.7,50.4,2.23,7.5,7,0,,ok
TH-02083,2026-06-13,A,17.6,31.0,26.4,46.1,1.33,4.5,10,0,,OK
TH-02084,2026-06-13,A,17.6,32.3,27.8,48.1,2.14,7.4,5,0,,OK
TH-02085,2026-06-13,A,17.6,31.9,24.6,51.0,1.59,5.5,7,0,,ok
TH-02086,2026-06-13,A,17.6,32.3,27.5,47.1,1.75,7.5,8,0,,OK
TH-02087,2026-06-13,A,17.6,32.1,26.3,51.4,2.05,7.2,7,0,,OK
TH-02090,2026-06-13,A,17.6,30.9,23.7,50.6,1.64,5.7,7,0,,OK
TH-02091,2026-06-13,A,17.6,30.6,25.2,50.0,1.16,5.0,7,0,,OK
TH-02093,2026-06-13,A,17.6,31.0,23.6,52.3,2.01,7.0,7,0,,OK
TH-02094,2026-06-13,A,17.6,32.2,26.9,46.2,1.32,5.0,11,0,,OK
TH-02095,2026-06-13,A,17.6,32.2,26.8,47.3,1.37,4.7,8,0,,ok
TH-02097,2026-06-13,A,17.6,33.5,27.9,52.8,2.27,7.4,10,0,,ok
TH-02098,2026-06-13,A,17.6,30.6,24.2,50.1,1.55,6.0,11,0,,ok
TH-02099,2026-06-13,A,17.6,33.0,27.1,50.3,1.92,7.0,2,0,,ok
TH-02100,2026-06-13,A,17.6,30.8,25.4,49.4,1.03,4.0,12,0,,ok
TH-02101,2026-06-13,A,17.6,33.2,28.0,49.1,1.73,6.9,8,0,,OK
TH-02103,2026-06-13,A,17.6,33.2,26.2,48.7,0.82,3.1,9,0,,OK
TH-02109,2026-06-13,A,17.6,32.9,27.5,47.7,0.73,3.0,11,0,,ok
TH-02112,2026-06-13,A,17.6,31.8,26.4,51.7,2.0,6.8,14,0,,OK
TH-02113,2026-06-13,A,17.6,33.0,27.3,47.0,1.43,4.7,9,0,,ok
TH-02118,2026-06-13,A,17.6,-999,24.0,49.2,1.85,6.6,7,0,,ok
TH-02121,2026-06-13,A,17.6,31.1,26.3,47.6,1.24,5.3,12,0,,OK
TH-02124,2026-06-13,A,17.6,33.2,27.0,52.4,2.04,6.7,11,0,,ok
TH-02125,2026-06-13,A,17.6,32.5,25.8,49.6,1.36,5.8,11,0,,OK
TH-02127,2026-06-13,A,17.6,33.0,27.0,50.3,1.16,3.8,10,0,,ok
TH-02129,2026-06-13,A,17.6,31.3,24.8,48.1,1.61,6.5,6,0,,ok
TH-02130,2026-06-13,A,17.6,31.0,24.8,50.0,2.34,7.4,10,0,,ok
TH-02132,2026-06-13,A,17.6,30.8,26.2,51.0,1.09,4.2,4,0,,OK
TH-02133,2026-06-13,A,17.6,32.2,26.2,46.7,1.39,5.4,5,0,,OK
TH-02134,2026-06-13,A,17.6,32.3,26.7,49.3,2.01,6.5,9,0,,OK
TH-02135,2026-06-13,A,17.6,31.9,25.7,48.7,1.1,4.7,10,0,,ok
TH-02136,2026-06-13,A,17.6,32.3,26.7,50.9,1.51,5.0,9,0,,OK
TH-02137,2026-06-13,A,17.6,31.1,24.1,51.8,2.03,7.3,10,0,,OK
TH-02138,2026-06-13,A,17.6,32.6,26.1,52.6,1.26,4.3,10,0,,ok
TH-02139,2026-06-13,A,17.6,31.9,27.1,49.1,1.72,6.6,10,0,,OK
TH-02143,2026-06-13,B,17.6,,,,17889.2,,8,0,,0
TH-02144,2026-06-13,B,17.6,,,,12910.9,,6,0,7702,2
TH-02145,2026-06-13,B,17.6,,,,4783.3,,9,0,6021,0
TH-02146,2026-06-13,B,17.6,,,,24472.9,,4,0,,0
TH-02148,2026-06-13,B,17.6,,,,12873.4,,16,0,,0
TH-02149,2026-06-13,B,17.6,,,,8044.9,,12,0,,0
TH-02152,2026-06-13,B,17.6,,,,22486.6,,11,0,6021,0
TH-02153,2026-06-13,B,17.6,,,,18992.8,,4,0,,0
TH-02155,2026-06-13,B,17.6,,,,4456.6,,11,0,6021,0
TH-02158,2026-06-13,B,17.6,30.6,25.6,,7035.5,,7,0,6021,0
TH-02159,2026-06-13,B,17.6,,,,12040.6,,8,0,6021,0
TH-02160,2026-06-13,B,17.6,,,,14906.0,,10,0,,0
TH-02161,2026-06-13,B,17.6,,,,8255.8,,7,0,,0
TH-02162,2026-06-13,B,17.6,,,,14618.4,,8,0,,0
TH-02165,2026-06-13,B,17.6,,,,15076.5,,10,0,,0
TH-02166,2026-06-13,B,17.6,,,,17507.3,,7,0,6021,0
TH-02170,2026-06-13,B,17.6,,,,11417.8,,11,0,,0
TH-02171,2026-06-13,B,17.6,,,,14040.9,,10,0,6021,0
TH-02173,2026-06-13,B,17.6,32.7,26.9,,6923.8,,6,0,6021,0
TH-02175,2026-06-13,B,17.6,,,,12024.3,,12,0,6021,0
TH-02177,2026-06-13,B,17.6,30.8,24.7,,12915.5,,9,0,,0
TH-02178,2026-06-13,B,17.6,,,,19466.8,,8,0,1188,2
TH-02180,2026-06-13,B,17.6,,,,11573.9,,12,0,6021,0
TH-02181,2026-06-13,B,17.6,,,,18713.3,,7,0,,0
TH-02182,2026-06-13,B,17.6,,,,20919.9,,10,0,,0
TH-02184,2026-06-13,B,17.6,,,,20256.0,,6,0,6021,0
TH-02185,2026-06-13,B,17.6,,,,25193.1,,13,0,6021,0
TH-02188,2026-06-13,B,17.6,,,,24455.5,,6,0,6021,0
TH-02189,2026-06-13,B,17.6,,,,19327.3,,6,0,,0
TH-02190,2026-06-13,B,17.6,,,,24640.9,,8,0,6021,0
TH-02192,2026-06-13,B,17.6,,,,23345.0,,11,0,6021,0
TH-02194,2026-06-13,B,17.6,,,,18980.2,,10,0,,0
TH-02196,2026-06-13,B,17.6,,,,25185.9,,13,0,6021,0
TH-02202,2026-06-13,B,17.6,,,,13788.4,,4,0,6021,0
TH-02206,2026-06-13,B,17.6,,,,17361.2,,14,0,,0
TH-02207,2026-06-13,B,17.6,,,,13644.0,,5,0,,0
TH-02213,2026-06-13,B,17.6,,,,9289.7,,8,0,,0
TH-02214,2026-06-13,B,17.6,,,,9095.2,,14,0,6021,0
TH-02215,2026-06-13,B,17.6,,,,18219.8,,5,0,6021,0
TH-02216,2026-06-13,B,17.6,,,,17131.9,,7,0,,0
TH-02221,2026-06-13,B,17.6,,,,16163.7,,13,0,,0
TH-02223,2026-06-13,B,17.6,,,,22203.1,,4,0,6021,0
TH-02224,2026-06-13,B,17.6,,,,8726.3,,7,0,,0
TH-02226,2026-06-13,B,17.6,,,,9708.3,,13,0,,0
TH-02228,2026-06-13,B,17.6,,,,23907.0,,8,0,,0
TH-02230,2026-06-13,B,17.6,,,,25591.3,,7,0,,0
TH-02231,2026-06-13,B,17.6,,,,7544.4,,11,0,,0
TH-02234,2026-06-13,B,17.6,,,,13256.2,,7,0,6021,0
TH-02235,2026-06-13,B,17.6,,,,22645.7,,11,0,,0
TH-02236,2026-06-13,B,17.6,,,,4202.2,,10,0,,0
TH-02239,2026-06-13,B,17.6,,,,17173.6,,15,0,6021,0
TH-02240,2026-06-13,B,17.6,,,,8015.2,,7,0,,0
TH-02243,2026-06-13,B,17.6,,,,11646.7,,9,0,6021,0
TH-02244,2026-06-13,B,17.6,,,,16839.2,,13,0,6021,0
TH-02245,2026-06-13,B,17.6,,,,14894.4,,11,0,6021,0
TH-02246,2026-06-13,B,17.6,,,,15918.7,,9,0,6021,0
TH-02247,2026-06-13,B,17.6,,,,5444.8,,4,0,6021,0
TH-02248,2026-06-13,B,17.6,,,,23250.6,,9,0,,0
TH-02249,2026-06-13,B,17.6,,,,6860.8,,9,0,6021,0
TH-02250,2026-06-13,B,17.6,,,,11148.8,,7,0,6021,0
TH-02251,2026-06-13,B,17.6,,,,24416.8,,8,0,,0
TH-02255,2026-06-13,B,17.6,,,,12895.1,,12,0,6021,0
TH-02256,2026-06-13,B,17.6,,,,7814.3,,11,0,,0
TH-02258,2026-06-13,B,17.6,,,,10318.2,,8,0,,0
TH-02259,2026-06-13,B,17.6,,,,12255.3,,8,0,6021,0
TH-02265,2026-06-13,B,17.6,,,,22554.3,,16,0,6021,0
TH-02266,2026-06-13,B,17.6,,,,16075.8,,8,0,6021,0
TH-02267,2026-06-13,B,17.6,,,,11502.1,,5,0,,0
TH-02268,2026-06-13,B,17.6,,,,23788.0,,9,0,6021,0
TH-02269,2026-06-13,B,17.6,,,,12362.7,,9,0,,0
TH-02272,2026-06-13,B,17.6,,,,24815.1,,7,0,,0
TH-02273,2026-06-13,B,17.6,,,,19772.9,,11,0,,0
TH-02275,2026-06-13,B,17.6,,,,12306.4,,7,0,,0
TH-02277,2026-06-13,B,17.6,,,,17845.5,,5,0,6021,0
TH-02278,2026-06-13,B,17.6,,,,14786.1,,12,0,,0
TH-02279,2026-06-13,B,17.6,,,,21054.3,,6,0,,0
TH-02280,2026-06-13,B,17.6,,,,17680.4,,8,0,,0
TH-02281,2026-06-13,B,17.6,,,,4224.0,,6,0,,0
TH-02285,2026-06-13,B,17.6,,,,12787.6,,9,0,6021,0
TH-02287,2026-06-13,B,17.6,,,,17989.5,,7,0,6021,0
TH-02288,2026-06-13,B,17.6,,,,5400.8,,8,0,,0
TH-02290,2026-06-13,B,17.6,,,,7278.6,,5,0,,0
TH-02292,2026-06-13,C,17.6,,,,0.78,,,0,,
TH-02296,2026-06-13,C,17.6,,,,0.8,,,0,,OK
TH-02299,2026-06-13,C,17.6,,,,1.84,,,0,,warn
TH-02300,2026-06-13,C,17.6,,,,2.06,,,0,,warn
TH-02302,2026-06-13,C,17.6,,,,1.2,,,0,,warn
TH-02303,2026-06-13,C,17.6,,,,1.93,,,0,,OK
TH-02304,2026-06-13,C,17.6,,,,1.81,,,0,,
TH-02307,2026-06-13,C,17.6,,,,1.48,,,0,,
TH-02311,2026-06-13,C,17.6,,,,1.17,,,0,,warn
TH-02313,2026-06-13,C,17.6,,,47.8,1.86,,,0,,
TH-02314,2026-06-13,C,17.6,32.9,,,2.22,,,0,,
TH-02316,2026-06-13,C,17.6,31.8,,,2.14,,,0,,
TH-02317,2026-06-13,C,17.6,,,,1.48,,,0,,warn
TH-02319,2026-06-13,C,17.6,,,,1.57,,,0,,OK
TH-02322,2026-06-13,C,17.6,,,,1.08,,,0,,
TH-02324,2026-06-13,C,17.6,,,,1.24,,,0,,warn
TH-02331,2026-06-13,C,17.6,,,,1.01,,,0,,
TH-02333,2026-06-13,C,17.6,,,,1.37,,,0,,OK
TH-02335,2026-06-13,C,17.6,,,,0.9,,,0,,OK
TH-02336,2026-06-13,C,17.6,,,,1.01,,,0,ALM_HP_HP_SWITCH,
TH-02337,2026-06-13,C,17.6,,,,1.15,,,0,,warn
TH-02338,2026-06-13,C,17.6,,,,1.3,,,0,,OK
TH-02339,2026-06-13,C,17.6,,,,1.81,,,0,,
TH-02340,2026-06-13,C,17.6,,,,1.13,,,0,,OK
TH-02342,2026-06-13,C,17.6,,,,1.48,,,0,,OK
TH-02343,2026-06-13,C,17.6,,,,1.4,,,0,,OK
TH-02344,2026-06-13,C,17.6,,,,0.78,,,0,,warn
TH-02345,2026-06-13,C,17.6,,,,1.38,,,0,,warn
TH-02346,2026-06-13,C,17.6,,,,1.88,,,0,,OK
TH-02347,2026-06-13,C,17.6,,,,1.61,,,0,,
TH-02351,2026-06-13,C,17.6,,,,2.08,,,0,,OK
TH-02352,2026-06-13,C,17.6,,,,1.36,,,0,,
TH-02354,2026-06-13,C,17.6,,,,0.77,,,0,,warn
TH-02355,2026-06-13,C,17.6,,,,1.02,,,0,,warn
TH-02357,2026-06-13,C,17.6,,,,1.19,,,0,,OK
TH-02358,2026-06-13,C,17.6,,,,1.44,,,0,,OK
TH-02359,2026-06-13,C,17.6,,,,0.95,,,0,,OK
TH-02361,2026-06-13,C,17.6,,,,1.57,,,0,,
TH-02363,2026-06-13,C,17.6,,,,0.99,,,0,ALM_SM_LINK,
TH-02367,2026-06-13,C,17.6,32.7,,,1.35,,,0,,OK
TH-02371,2026-06-13,C,17.6,,,,1.74,,,0,,OK
TH-02374,2026-06-13,C,17.6,,,,1.48,,,0,,OK
TH-02375,2026-06-13,C,17.6,,,,2.02,,,0,,OK
TH-02377,2026-06-13,C,17.6,,,,0.97,,,0,,OK
TH-02379,2026-06-13,C,17.6,,,,0.96,,,0,,OK
TH-02380,2026-06-13,C,17.6,,,,1.18,,,0,,warn
TH-02381,2026-06-13,C,17.6,,,,1.49,,,0,,OK
TH-02383,2026-06-13,C,17.6,,,,1.14,,,0,,OK
TH-02384,2026-06-13,C,17.6,,,,1.14,,,0,,OK
TH-02385,2026-06-13,C,17.6,,,,2.03,,,0,,warn
TH-02388,2026-06-13,C,17.6,,,,1.67,,,0,,warn
TH-02389,2026-06-13,C,17.6,,,,1.23,,,0,,warn
TH-02395,2026-06-13,C,17.6,31.4,,,1.19,,,0,,
TH-02396,2026-06-13,C,17.6,,,,1.37,,,0,,OK
TH-02397,2026-06-13,C,17.6,,,,1.78,,,0,,
TH-02398,2026-06-13,C,17.6,,,,0.95,,,0,,
TH-02399,2026-06-13,C,17.6,,,,1.06,,,0,,
TH-02400,2026-06-13,C,17.6,,,,1.03,,,0,,OK
TH-90000,2026-06-13,C,17.6,,,,8.88,,,0,,OK
TH-90001,2026-06-13,C,17.6,,,,2.37,,,0,,OK
TH-90002,2026-06-13,C,17.6,,,,4.91,,,0,,OK
TH-90003,2026-06-13,C,17.6,,,,12.72,,,0,,OK
TH-90004,2026-06-13,C,17.6,,,,6.97,,,0,,OK
th-02011,2026-06-13,A,17.6,33.4,26.0,49.1,1.38,4.7,13,0,,ok
th-02032,2026-06-13,A,17.6,31.2,24.3,48.0,1.82,7.2,4,0,,OK
th-02036,2026-06-13,A,17.6,31.2,24.4,48.7,1.97,7.0,12,0,,OK
th-02114,2026-06-13,A,17.6,31.3,26.7,50.1,0.85,3.2,6,0,,ok
th-02120,2026-06-13,A,17.6,30.5,23.8,47.8,1.48,4.7,10,0,,ok
th-02122,2026-06-13,A,17.6,30.6,25.7,48.5,1.23,4.1,5,0,,OK
th-02141,2026-06-13,B,17.6,,,,17137.5,,12,0,6021,0
th-02169,2026-06-13,B,17.6,,,,18433.1,,12,0,6021,0
th-02176,2026-06-13,B,17.6,,,,5386.1,,8,0,6021,0
th-02204,2026-06-13,B,17.6,,,,5147.7,,7,0,3104,2
th-02242,2026-06-13,B,17.6,,,,14306.0,,8,0,6021,0
th-02257,2026-06-13,B,17.6,,,,21242.7,,10,0,3104,2
th-02262,2026-06-13,B,17.6,,,,9144.8,,11,0,,0
th-02271,2026-06-13,B,17.6,,,,4907.7,,9,0,6021,0
th-02286,2026-06-13,B,17.6,,,,7539.5,,6,0,6021,0
th-02294,2026-06-13,C,17.6,,,,0.99,,,0,,OK
th-02298,2026-06-13,C,17.6,,,,2.07,,,0,,
th-02309,2026-06-13,C,17.6,,,,2.2,,,0,ALM_HP_HP_SWITCH,warn
th-02312,2026-06-13,C,17.6,,,,1.4,,,0,,warn
th-02323,2026-06-13,C,17.6,,,,1.19,,,0,,warn
th-02334,2026-06-13,C,17.6,,,,1.53,,,0,,
th-02341,2026-06-13,C,17.6,,,,0.96,,,0,,OK
th-02360,2026-06-13,C,17.6,,,,1.42,,,0,,warn
th-02393,2026-06-13,C,17.6,,,,0.97,,,0,,
 TH-02007,2026-06-14,A,19.8,32.2,26.9,47.2,1.35,4.5,4,0,,ok
 TH-02023,2026-06-14,A,19.8,32.6,27.1,50.4,1.59,5.0,9,0,,ok
 TH-02025,2026-06-14,A,19.8,32.6,27.5,46.1,1.71,5.7,9,0,,OK
 TH-02038,2026-06-14,A,19.8,-999,28.3,50.4,0.91,3.9,12,0,,OK
 TH-02040,2026-06-14,A,19.8,31.7,24.5,50.8,1.58,5.2,10,0,,ok
 TH-02048,2026-06-14,A,19.8,31.0,23.6,52.8,1.0,4.0,2,0,,ok
 TH-02061,2026-06-14,A,19.8,31.2,25.2,48.6,1.72,7.5,12,0,,OK
 TH-02098,2026-06-14,A,19.8,33.2,27.7,50.6,1.14,4.4,11,0,,OK
 TH-02099,2026-06-14,A,19.8,33.4,26.6,47.7,1.59,6.9,9,0,E-104,warn
 TH-02120,2026-06-14,A,19.8,32.9,26.7,50.7,1.2,4.0,9,0,,ok
 TH-02152,2026-06-14,B,19.8,,,,22488.0,,8,0,,0
 TH-02165,2026-06-14,B,19.8,,,,15078.3,,9,0,,0
 TH-02175,2026-06-14,B,19.8,,,,12026.3,,10,0,6021,0
 TH-02213,2026-06-14,B,19.8,,,,9290.6,,8,0,,0
 TH-02226,2026-06-14,B,19.8,,,,9710.0,,10,0,,0
 TH-02255,2026-06-14,B,19.8,,,,12896.1,,3,0,,0
 TH-02275,2026-06-14,B,19.8,,,,12308.3,,9,0,6021,0
 TH-02290,2026-06-14,B,19.8,,,,7279.6,,10,0,6021,0
 TH-02297,2026-06-14,C,19.8,,,,1.18,,,0,,warn
 TH-02354,2026-06-14,C,19.8,,,,1.74,,,0,,OK
 TH-02357,2026-06-14,C,19.8,,,,0.87,,,0,,warn
 TH-02377,2026-06-14,C,19.8,,,,0.9,,,0,,
 TH-02383,2026-06-14,C,19.8,,,,1.91,,,0,,
 TH-02387,2026-06-14,C,19.8,,,,0.97,,,0,,
 TH-02396,2026-06-14,C,19.8,30.9,,,1.01,,,0,,OK
TH-02001,2026-06-14,A,19.8,32.1,26.7,52.3,1.98,6.9,5,0,,OK
TH-02002,2026-06-14,A,19.8,33.0,27.0,49.2,1.48,5.3,11,0,,OK
TH-02004,2026-06-14,A,19.8,32.8,25.7,51.1,2.13,7.1,9,0,,ok
TH-02005,2026-06-14,A,19.8,32.5,25.3,46.7,0.75,3.2,9,0,,ok
TH-02006,2026-06-14,A,19.8,30.9,24.2,47.9,1.49,5.9,4,0,,ok
TH-02008,2026-06-14,A,19.8,31.9,27.2,51.3,0.99,4.3,7,0,,OK
TH-02009,2026-06-14,A,19.8,32.1,27.5,47.8,1.99,7.4,9,0,,ok
TH-02011,2026-06-14,A,19.8,31.3,23.8,49.7,1.15,3.6,8,0,,ok
TH-02012,2026-06-14,A,19.8,32.3,25.0,46.3,1.6,6.1,12,0,,OK
TH-02015,2026-06-14,A,19.8,32.2,25.3,48.3,1.39,5.8,5,0,,ok
TH-02016,2026-06-14,A,19.8,32.2,24.8,46.5,1.05,3.7,7,0,,OK
TH-02017,2026-06-14,A,19.8,33.5,26.6,49.1,-1.28,6.8,5,0,E-104,OK
TH-02019,2026-06-14,A,19.8,31.6,24.5,52.0,1.71,6.4,9,0,,OK
TH-02020,2026-06-14,A,19.8,33.0,28.1,47.2,1.45,4.6,6,0,,OK
TH-02021,2026-06-14,A,19.8,33.5,28.1,50.9,1.55,6.3,10,0,,ok
TH-02028,2026-06-14,A,19.8,-999,27.6,51.6,1.79,7.4,10,0,,ok
TH-02030,2026-06-14,A,19.8,32.8,26.5,49.5,1.09,4.7,6,0,,ok
TH-02031,2026-06-14,A,19.8,32.0,26.4,49.1,0.99,4.1,9,0,,ok
TH-02032,2026-06-14,A,19.8,30.8,25.7,48.9,1.69,7.1,11,0,,OK
TH-02033,2026-06-14,A,19.8,31.5,25.6,47.1,0.89,3.8,12,0,,OK
TH-02034,2026-06-14,A,19.8,31.0,25.5,47.5,1.66,5.9,11,0,,ok
TH-02035,2026-06-14,A,19.8,31.3,24.4,49.2,1.0,4.1,12,0,,OK
TH-02036,2026-06-14,A,19.8,32.3,27.1,48.9,0.99,3.1,8,0,,OK
TH-02037,2026-06-14,A,19.8,32.2,25.8,46.9,1.21,3.8,9,0,,ok
TH-02044,2026-06-14,A,19.8,32.3,27.5,50.5,1.08,4.1,8,0,,ok
TH-02045,2026-06-14,A,19.8,31.2,25.4,52.2,1.78,6.3,12,0,,ok
TH-02046,2026-06-14,A,19.8,32.0,26.0,48.3,1.17,5.0,5,0,,OK
TH-02047,2026-06-14,A,19.8,32.5,26.6,51.3,0.98,4.3,3,0,,ok
TH-02049,2026-06-14,A,19.8,32.1,24.9,52.6,1.13,4.6,7,0,,OK
TH-02052,2026-06-14,A,19.8,33.1,27.4,47.0,0.92,3.5,15,0,,OK
TH-02053,2026-06-14,A,19.8,32.8,26.5,51.6,2.16,7.4,2,0,,OK
TH-02054,2026-06-14,A,19.8,33.1,26.4,46.4,1.39,5.7,8,0,,OK
TH-02055,2026-06-14,A,19.8,31.6,25.2,49.3,1.16,4.5,9,0,,ok
TH-02056,2026-06-14,A,19.8,31.6,24.2,50.4,2.26,7.2,10,0,,OK
TH-02063,2026-06-14,A,19.8,32.5,27.1,49.6,1.29,5.2,2,0,,ok
TH-02065,2026-06-14,A,19.8,30.6,25.1,48.4,1.82,6.1,8,0,,OK
TH-02071,2026-06-14,A,19.8,32.8,27.4,50.1,0.92,3.6,12,0,,ok
TH-02073,2026-06-14,A,19.8,31.9,25.7,46.0,2.27,7.4,7,0,,OK
TH-02074,2026-06-14,A,19.8,30.8,24.3,49.3,1.24,5.2,10,0,,OK
TH-02075,2026-06-14,A,19.8,31.5,24.5,51.3,1.46,4.9,12,0,,ok
TH-02076,2026-06-14,A,19.8,32.5,26.7,48.0,1.62,6.7,8,0,,ok
TH-02077,2026-06-14,A,19.8,32.6,27.7,48.1,1.29,4.6,6,0,,ok
TH-02078,2026-06-14,A,19.8,32.0,26.8,48.4,1.32,4.9,7,0,,ok
TH-02080,2026-06-14,A,19.8,32.0,27.3,46.9,1.51,5.5,10,0,,ok
TH-02081,2026-06-14,A,19.8,-999,27.9,49.8,1.11,3.9,5,0,,ok
TH-02083,2026-06-14,A,19.8,33.2,27.7,47.9,1.84,6.7,9,0,,OK
TH-02084,2026-06-14,A,19.8,33.3,28.4,51.4,1.03,3.3,7,0,,OK
TH-02085,2026-06-14,A,19.8,32.7,27.5,48.2,0.85,3.0,10,0,,OK
TH-02086,2026-06-14,A,19.8,32.8,26.1,49.0,1.57,6.4,8,0,,OK
TH-02087,2026-06-14,A,19.8,31.7,24.3,50.3,1.45,6.2,6,0,,OK
TH-02090,2026-06-14,A,19.8,31.6,25.7,46.6,1.7,7.4,12,0,E-505,ok
TH-02091,2026-06-14,A,19.8,32.9,25.7,52.3,1.68,5.3,9,0,,OK
TH-02093,2026-06-14,A,19.8,33.3,26.6,49.5,1.97,7.3,10,0,,OK
TH-02095,2026-06-14,A,19.8,30.6,23.5,52.1,1.2,5.2,5,0,,ok
TH-02097,2026-06-14,A,19.8,33.0,27.2,51.8,1.66,6.1,16,0,,ok
TH-02100,2026-06-14,A,19.8,33.2,25.9,53.0,1.11,4.6,10,0,,OK
TH-02101,2026-06-14,A,19.8,33.2,27.2,49.5,1.34,4.3,7,0,,ok
TH-02112,2026-06-14,A,19.8,30.6,25.8,46.7,1.46,6.4,16,0,,ok
TH-02113,2026-06-14,A,19.8,33.3,26.5,52.7,1.63,6.2,3,0,,OK
TH-02118,2026-06-14,A,19.8,31.5,26.4,48.9,1.15,4.1,8,0,,ok
TH-02121,2026-06-14,A,19.8,32.5,26.7,50.9,1.51,5.6,14,0,,OK
TH-02122,2026-06-14,A,19.8,31.7,25.5,51.7,1.3,4.6,6,0,,ok
TH-02125,2026-06-14,A,19.8,30.6,24.1,49.8,0.94,4.1,6,0,,OK
TH-02126,2026-06-14,A,19.8,32.2,25.3,46.6,1.97,7.5,9,0,,ok
TH-02127,2026-06-14,A,19.8,31.4,25.8,49.0,1.41,5.1,12,0,,OK
TH-02129,2026-06-14,A,19.8,31.8,25.9,48.0,1.15,4.5,10,0,,OK
TH-02130,2026-06-14,A,19.8,32.5,25.5,50.3,1.28,5.6,9,0,,OK
TH-02132,2026-06-14,A,19.8,32.6,26.5,51.6,1.76,7.4,12,0,,ok
TH-02133,2026-06-14,A,19.8,32.0,25.8,52.3,1.83,6.0,11,0,,ok
TH-02134,2026-06-14,A,19.8,32.3,25.0,49.9,1.52,6.5,4,0,,ok
TH-02135,2026-06-14,A,19.8,31.2,25.6,48.4,1.49,5.6,3,0,,ok
TH-02136,2026-06-14,A,19.8,31.4,24.3,48.9,2.03,7.2,9,0,,ok
TH-02137,2026-06-14,A,19.8,33.2,26.6,51.9,1.81,7.2,10,0,,OK
TH-02138,2026-06-14,A,19.8,32.2,27.7,52.7,1.52,5.2,14,0,,ok
TH-02139,2026-06-14,A,19.8,32.6,25.1,51.0,1.1,3.8,4,0,,OK
TH-02140,2026-06-14,A,19.8,31.9,25.6,47.7,1.01,3.2,8,0,,OK
TH-02143,2026-06-14,B,19.8,,,,17890.4,,10,0,,0
TH-02144,2026-06-14,B,19.8,,,,12912.0,,10,0,,0
TH-02145,2026-06-14,B,19.8,31.3,26.2,,4784.4,,8,0,6021,0
TH-02146,2026-06-14,B,19.8,,,,24474.2,,5,0,,0
TH-02153,2026-06-14,B,19.8,,,,18994.2,,10,0,6021,0
TH-02155,2026-06-14,B,19.8,,,,4457.8,,10,0,,0
TH-02158,2026-06-14,B,19.8,,,,7036.8,,10,0,6021,0
TH-02159,2026-06-14,B,19.8,,,,12042.2,,9,0,,0
TH-02160,2026-06-14,B,19.8,,,,14908.0,,12,0,6021,0
TH-02161,2026-06-14,B,19.8,,,,8257.5,,10,0,,0
TH-02162,2026-06-14,B,19.8,,,,14620.0,,7,0,6021,0
TH-02166,2026-06-14,B,19.8,,,,17508.8,,9,0,,0
TH-02168,2026-06-14,B,19.8,,,,13614.7,,10,0,,0
TH-02169,2026-06-14,B,19.8,32.2,25.0,,18434.0,,9,0,,0
TH-02170,2026-06-14,B,19.8,,,,11419.5,,9,0,6021,0
TH-02171,2026-06-14,B,19.8,,,,14041.8,,10,0,,0
TH-02173,2026-06-14,B,19.8,,,,6925.7,,10,0,6021,0
TH-02176,2026-06-14,B,19.8,,,,5388.2,,6,0,,0
TH-02177,2026-06-14,B,19.8,,,,12916.8,,10,0,,0
TH-02178,2026-06-14,B,19.8,,,,19467.9,,7,0,6021,0
TH-02180,2026-06-14,B,19.8,,,,11575.8,,5,0,6021,0
TH-02182,2026-06-14,B,19.8,,,,20921.3,,4,0,6021,0
TH-02184,2026-06-14,B,19.8,,,,20256.7,,9,0,6021,0
TH-02185,2026-06-14,B,19.8,,,,25193.9,,5,0,,0
TH-02187,2026-06-14,B,19.8,,,,13585.2,,10,0,6021,0
TH-02189,2026-06-14,B,19.8,,,,19328.4,,9,0,,0
TH-02190,2026-06-14,B,19.8,,,,24642.2,,9,0,,0
TH-02192,2026-06-14,B,19.8,,,,23346.6,,11,0,6021,0
TH-02195,2026-06-14,B,19.8,,,,14803.0,,13,0,6021,0
TH-02196,2026-06-14,B,19.8,,,,25187.4,,5,0,,0
TH-02202,2026-06-14,B,19.8,,,,13789.2,,9,0,1188,2
TH-02204,2026-06-14,B,19.8,,,,5149.2,,11,0,6021,0
TH-02206,2026-06-14,B,19.8,,,,17362.6,,8,0,,0
TH-02207,2026-06-14,B,19.8,,,,13645.6,,7,0,,0
TH-02214,2026-06-14,B,19.8,,,,9096.6,,9,0,6021,0
TH-02215,2026-06-14,B,19.8,,,,18221.5,,10,0,,0
TH-02221,2026-06-14,B,19.8,,,,16165.3,,10,0,,0
TH-02223,2026-06-14,B,19.8,,,,22204.8,,8,0,,0
TH-02224,2026-06-14,B,19.8,,,,8727.5,,7,0,6021,0
TH-02228,2026-06-14,B,19.8,,,,23908.0,,6,0,,0
TH-02230,2026-06-14,B,19.8,,,,25592.3,,8,0,6021,0
TH-02231,2026-06-14,B,19.8,,,,7545.8,,6,0,6021,0
TH-02234,2026-06-14,B,19.8,,,,13257.1,,12,0,6021,0
TH-02235,2026-06-14,B,19.8,,,,22647.3,,10,0,,0
TH-02236,2026-06-14,B,19.8,,,,4204.1,,13,0,,0
TH-02238,2026-06-14,B,19.8,,,,7738.4,,8,0,,0
TH-02239,2026-06-14,B,19.8,,,,17174.4,,5,0,6021,0
TH-02240,2026-06-14,B,19.8,,,,8017.0,,8,0,6021,0
TH-02242,2026-06-14,B,19.8,,,,14307.6,,11,0,,0
TH-02244,2026-06-14,B,19.8,,,,16840.2,,5,0,6021,0
TH-02245,2026-06-14,B,19.8,,,,14895.5,,5,0,6021,0
TH-02246,2026-06-14,B,19.8,,,,15920.1,,11,0,,0
TH-02247,2026-06-14,B,19.8,,,,5446.4,,9,0,,0
TH-02248,2026-06-14,B,19.8,,,,23251.9,,5,0,6021,0
TH-02249,2026-06-14,B,19.8,,,,6862.2,,5,0,,0
TH-02250,2026-06-14,B,19.8,,,,11149.7,,9,0,6021,0
TH-02251,2026-06-14,B,19.8,,,,24418.6,,9,0,6021,0
TH-02257,2026-06-14,B,19.8,,,,21243.8,,13,0,,0
TH-02258,2026-06-14,B,19.8,,,,10320.0,,5,0,6021,0
TH-02259,2026-06-14,B,19.8,,,,12256.8,,5,0,,0
TH-02260,2026-06-14,B,19.8,,,,7303.2,,9,0,6021,0
TH-02262,2026-06-14,B,19.8,,,,9146.8,,7,0,,0
TH-02266,2026-06-14,B,19.8,,,,16077.6,,9,0,,0
TH-02268,2026-06-14,B,19.8,,,,23789.2,,9,0,6021,0
TH-02269,2026-06-14,B,19.8,,,,12364.2,,11,0,,0
TH-02271,2026-06-14,B,19.8,,,,4909.3,,11,0,6021,0
TH-02272,2026-06-14,B,19.8,,,,24816.5,,7,0,6021,0
TH-02273,2026-06-14,B,19.8,,,,19774.2,,13,0,6021,0
TH-02277,2026-06-14,B,19.8,,,,17847.3,,10,0,,0
TH-02278,2026-06-14,B,19.8,32.3,26.3,,14787.9,,12,0,,0
TH-02281,2026-06-14,B,19.8,,,,4225.2,,10,0,6021,0
TH-02283,2026-06-14,B,19.8,,,,21314.8,,10,0,1188,2
TH-02285,2026-06-14,B,19.8,,,,12788.5,,5,0,,0
TH-02286,2026-06-14,B,19.8,,,,7541.3,,12,0,,0
TH-02287,2026-06-14,B,19.8,,,,17990.7,,10,0,6021,0
TH-02292,2026-06-14,C,19.8,,,,0.98,,,0,,
TH-02294,2026-06-14,C,19.8,32.3,,,1.65,,,0,,
TH-02296,2026-06-14,C,19.8,,,,1.35,,,0,,warn
TH-02298,2026-06-14,C,19.8,,,,1.15,,,0,,OK
TH-02299,2026-06-14,C,19.8,,,,2.23,,,0,,warn
TH-02300,2026-06-14,C,19.8,,,,1.33,,,0,,
TH-02303,2026-06-14,C,19.8,,,,1.01,,,0,,
TH-02304,2026-06-14,C,19.8,,,47.7,1.9,,,0,,
TH-02307,2026-06-14,C,19.8,,,,1.47,,,0,,OK
TH-02308,2026-06-14,C,19.8,,,,1.88,,,0,,warn
TH-02309,2026-06-14,C,19.8,,,,1.71,,,0,,
TH-02311,2026-06-14,C,19.8,,,,1.65,,,0,,OK
TH-02312,2026-06-14,C,19.8,,,,1.9,,,0,,OK
TH-02313,2026-06-14,C,19.8,,,,1.06,,,0,,
TH-02314,2026-06-14,C,19.8,,,,1.55,,,0,,warn
TH-02316,2026-06-14,C,19.8,,,49.7,1.13,,,0,,warn
TH-02317,2026-06-14,C,19.8,,,51.7,1.55,,,0,,
TH-02319,2026-06-14,C,19.8,,,,1.58,,,0,,OK
TH-02324,2026-06-14,C,19.8,,,,1.11,,,0,,
TH-02333,2026-06-14,C,19.8,,,,-1.04,,,0,,
TH-02334,2026-06-14,C,19.8,,,,1.16,,,0,,warn
TH-02335,2026-06-14,C,19.8,,,,2.15,,,0,,OK
TH-02336,2026-06-14,C,19.8,,,,1.56,,,0,,OK
TH-02337,2026-06-14,C,19.8,,,52.4,1.29,,,0,,warn
TH-02338,2026-06-14,C,19.8,,,,0.79,,,0,,OK
TH-02339,2026-06-14,C,19.8,,,,0.75,,,0,,warn
TH-02341,2026-06-14,C,19.8,,,,1.04,,,0,,
TH-02342,2026-06-14,C,19.8,,,,0.96,,,0,,OK
TH-02343,2026-06-14,C,19.8,,,,0.91,,,0,,warn
TH-02346,2026-06-14,C,19.8,,,,2.02,,,0,,
TH-02348,2026-06-14,C,19.8,,,,1.36,,,0,,warn
TH-02351,2026-06-14,C,19.8,,,,0.83,,,0,,OK
TH-02355,2026-06-14,C,19.8,,,,1.73,,,0,,OK
TH-02358,2026-06-14,C,19.8,,,,0.94,,,0,,
TH-02359,2026-06-14,C,19.8,,,,1.42,,,0,,
TH-02360,2026-06-14,C,19.8,,,,0.89,,,0,,warn
TH-02363,2026-06-14,C,19.8,,,,1.04,,,0,,warn
TH-02365,2026-06-14,C,19.8,,,,1.41,,,0,,warn
TH-02367,2026-06-14,C,19.8,,,,2.16,,,0,,
TH-02371,2026-06-14,C,19.8,,,50.3,0.92,,,0,,
TH-02374,2026-06-14,C,19.8,,,,1.8,,,0,,warn
TH-02375,2026-06-14,C,19.8,,,,1.89,,,0,,OK
TH-02379,2026-06-14,C,19.8,,,,1.41,,,0,,warn
TH-02380,2026-06-14,C,19.8,,,46.5,1.36,,,0,,OK
TH-02381,2026-06-14,C,19.8,,,,1.44,,,0,,
TH-02384,2026-06-14,C,19.8,,,,1.74,,,0,,
TH-02385,2026-06-14,C,19.8,,,,1.6,,,0,,
TH-02388,2026-06-14,C,19.8,,,,0.96,,,0,,warn
TH-02395,2026-06-14,C,19.8,,,,1.79,,,0,,
TH-02397,2026-06-14,C,19.8,,,,0.99,,,0,,OK
TH-02400,2026-06-14,C,19.8,,,,2.09,,,0,,OK
th-02050,2026-06-14,A,19.8,31.3,26.0,47.2,0.77,3.2,8,0,,OK
th-02051,2026-06-14,A,19.8,33.0,27.5,46.2,0.89,3.8,4,0,,ok
th-02062,2026-06-14,A,19.8,31.3,25.3,50.4,1.58,5.4,5,0,,OK
th-02068,2026-06-14,A,19.8,32.9,25.8,46.5,1.66,6.5,3,0,,ok
th-02072,2026-06-14,A,19.8,33.4,28.4,51.1,1.17,4.2,14,0,,ok
th-02103,2026-06-14,A,19.8,32.8,27.0,48.7,1.99,7.4,5,0,,OK
th-02109,2026-06-14,A,19.8,30.9,24.9,49.0,0.88,3.3,7,0,,ok
th-02111,2026-06-14,A,19.8,31.4,23.9,50.8,2.06,7.0,9,0,,OK
th-02114,2026-06-14,A,19.8,31.8,25.6,46.5,2.13,6.8,6,0,,ok
th-02124,2026-06-14,A,19.8,33.4,28.1,48.5,1.69,5.3,8,0,,OK
th-02141,2026-06-14,B,19.8,,,,17138.9,,6,0,,0
th-02148,2026-06-14,B,19.8,,,,12874.2,,14,0,,0
th-02149,2026-06-14,B,19.8,,,,8046.6,,6,0,,0
th-02181,2026-06-14,B,19.8,,,,18714.7,,6,0,6021,0
th-02188,2026-06-14,B,19.8,33.2,28.2,,24457.1,,10,0,6021,0
th-02194,2026-06-14,B,19.8,,,,18982.0,,4,0,,0
th-02216,2026-06-14,B,19.8,,,,17133.3,,6,0,,0
th-02256,2026-06-14,B,19.8,,,,7815.6,,9,0,,0
th-02265,2026-06-14,B,19.8,,,,22556.1,,5,0,6021,0
th-02267,2026-06-14,B,19.8,,,,11503.7,,5,0,6021,0
th-02270,2026-06-14,B,19.8,,,,21900.8,,7,0,6021,0
th-02279,2026-06-14,B,19.8,,,,21055.8,,5,0,6021,0
th-02280,2026-06-14,B,19.8,,,,17681.9,,7,0,,0
th-02288,2026-06-14,B,19.8,,,,5402.3,,10,0,,0
th-02322,2026-06-14,C,19.8,,,,1.73,,,0,,warn
th-02323,2026-06-14,C,19.8,,,,1.39,,,0,,
th-02331,2026-06-14,C,19.8,,,,1.95,,,0,,
th-02340,2026-06-14,C,19.8,,,,1.1,,,0,,
th-02345,2026-06-14,C,19.8,,,,1.61,,,0,,OK
th-02352,2026-06-14,C,19.8,,,48.1,1.4,,,0,,OK
th-02366,2026-06-14,C,19.8,,,,1.43,,,0,,warn
th-02389,2026-06-14,C,19.8,,,,1.35,,,0,,
th-02393,2026-06-14,C,19.8,,,,1.94,,,0,,OK
th-02399,2026-06-14,C,19.8,,,,1.7,,,0,,warn
 TH-02008,2026-06-15,A,15.2,33.3,27.7,47.0,2.07,8.7,14,0,,OK
 TH-02025,2026-06-15,A,15.2,32.6,26.4,46.5,2.85,10.6,7,0,,OK
 TH-02046,2026-06-15,A,15.2,32.8,25.8,49.1,2.64,9.1,9,0,,ok
 TH-02047,2026-06-15,A,15.2,31.6,25.3,51.5,1.85,8.1,8,0,,ok
 TH-02061,2026-06-15,A,15.2,34.2,28.9,48.0,2.22,8.0,10,0,E-317,ok
 TH-02090,2026-06-15,A,15.2,34.3,28.7,50.0,2.15,7.1,5,0,,OK
 TH-02093,2026-06-15,A,15.2,32.6,27.4,49.7,2.03,8.8,7,0,,ok
 TH-02103,2026-06-15,A,15.2,32.6,25.7,47.6,2.09,8.8,2,0,,OK
 TH-02121,2026-06-15,A,15.2,31.7,25.1,51.7,2.51,9.5,11,0,,ok
 TH-02136,2026-06-15,A,15.2,33.5,28.8,52.0,2.56,11.0,8,0,,OK
 TH-02169,2026-06-15,B,15.2,,,,18436.4,,9,0,,0
 TH-02187,2026-06-15,B,15.2,,,,13587.7,,8,0,,0
 TH-02206,2026-06-15,B,15.2,33.5,28.3,,17364.4,,7,0,6021,0
 TH-02236,2026-06-15,B,15.2,,,,4206.6,,7,0,,0
 TH-02247,2026-06-15,B,15.2,,,,5447.8,,6,0,,0
 TH-02270,2026-06-15,B,15.2,,,,21903.4,,10,0,6021,0
 TH-02271,2026-06-15,B,15.2,,,,4912.1,,9,0,,0
 TH-02275,2026-06-15,B,15.2,,,,12311.1,,11,0,6021,0
 TH-02317,2026-06-15,C,15.2,,,,2.51,,,0,,warn
 TH-02339,2026-06-15,C,15.2,,,,2.14,,,0,,OK
 TH-02375,2026-06-15,C,15.2,,,,2.09,,,0,,warn
 TH-02387,2026-06-15,C,15.2,,,,2.58,,,0,,OK
 TH-02389,2026-06-15,C,15.2,,,,2.04,,,0,,warn
 TH-02395,2026-06-15,C,15.2,32.9,,,1.91,,,0,,warn
 TH-02400,2026-06-15,C,15.2,,,,2.5,,,0,,
TH-02001,2026-06-15,A,15.2,33.3,26.1,46.0,2.4,8.6,4,0,,OK
TH-02002,2026-06-15,A,15.2,32.8,26.6,46.2,3.11,10.6,6,0,,OK
TH-02004,2026-06-15,A,15.2,33.8,26.6,51.2,2.57,9.0,4,0,,ok
TH-02005,2026-06-15,A,15.2,31.8,24.7,46.1,2.05,7.2,2,0,,OK
TH-02006,2026-06-15,A,15.2,32.3,25.5,49.8,2.56,9.0,6,0,,ok
TH-02007,2026-06-15,A,15.2,32.3,25.4,48.2,2.5,10.6,10,0,,OK
TH-02009,2026-06-15,A,15.2,32.0,27.2,49.1,2.72,9.3,7,0,,OK
TH-02011,2026-06-15,A,15.2,33.0,26.2,47.3,2.22,9.3,11,0,,OK
TH-02012,2026-06-15,A,15.2,34.0,28.1,52.8,1.86,7.5,14,0,,OK
TH-02015,2026-06-15,A,15.2,34.2,26.8,49.3,1.88,8.1,7,0,,OK
TH-02016,2026-06-15,A,15.2,34.3,29.5,52.2,2.4,9.9,12,0,,ok
TH-02017,2026-06-15,A,15.2,32.3,26.8,52.6,2.04,8.4,11,0,,OK
TH-02019,2026-06-15,A,15.2,-999,25.8,52.7,2.26,8.5,9,0,,ok
TH-02020,2026-06-15,A,15.2,33.0,26.1,52.5,2.14,8.2,9,0,,ok
TH-02021,2026-06-15,A,15.2,31.5,27.0,49.7,2.65,9.8,8,0,,OK
TH-02023,2026-06-15,A,15.2,34.1,26.7,50.9,2.5,10.8,3,0,,ok
TH-02028,2026-06-15,A,15.2,33.0,28.1,50.8,2.25,7.3,6,0,,ok
TH-02030,2026-06-15,A,15.2,33.3,27.4,49.3,2.34,8.7,10,0,,ok
TH-02031,2026-06-15,A,15.2,32.7,26.7,48.1,1.94,6.1,8,0,,ok
TH-02032,2026-06-15,A,15.2,34.5,27.4,48.2,1.88,7.7,11,0,,OK
TH-02033,2026-06-15,A,15.2,34.2,27.3,52.0,2.79,10.9,12,0,,OK
TH-02034,2026-06-15,A,15.2,33.3,27.2,48.7,2.72,9.8,5,0,,ok
TH-02036,2026-06-15,A,15.2,33.1,27.5,50.8,2.69,9.8,7,0,,OK
TH-02037,2026-06-15,A,15.2,33.1,27.1,47.3,3.46,11.7,3,0,E-317,OK
TH-02038,2026-06-15,A,15.2,31.9,24.6,52.7,2.42,9.4,10,0,,ok
TH-02040,2026-06-15,A,15.2,33.3,27.7,52.7,2.94,10.9,10,0,E-317,OK
TH-02044,2026-06-15,A,15.2,33.8,28.4,50.2,2.56,8.4,6,0,,ok
TH-02045,2026-06-15,A,15.2,33.9,26.5,51.8,3.42,11.3,5,0,,OK
TH-02048,2026-06-15,A,15.2,33.0,28.0,47.0,2.6,10.3,6,0,,OK
TH-02049,2026-06-15,A,15.2,34.4,29.4,46.0,1.85,8.0,10,0,,OK
TH-02050,2026-06-15,A,15.2,33.5,27.5,51.8,2.39,9.5,10,0,,OK
TH-02052,2026-06-15,A,15.2,33.9,27.9,52.5,3.09,10.7,7,0,,ok
TH-02053,2026-06-15,A,15.2,34.3,29.3,50.4,3.13,10.7,9,0,,OK
TH-02054,2026-06-15,A,15.2,31.7,26.3,51.6,2.48,9.1,11,0,,OK
TH-02055,2026-06-15,A,15.2,34.0,28.3,49.9,2.4,10.1,17,0,,ok
TH-02056,2026-06-15,A,15.2,33.3,28.3,52.2,2.21,8.1,7,0,,OK
TH-02062,2026-06-15,A,15.2,33.4,27.4,48.5,1.94,7.6,3,0,,OK
TH-02063,2026-06-15,A,15.2,-999,28.1,51.6,2.03,8.4,5,0,,OK
TH-02068,2026-06-15,A,15.2,31.7,27.1,49.0,3.0,11.7,14,0,,ok
TH-02071,2026-06-15,A,15.2,33.4,28.4,51.7,3.06,10.1,8,0,,ok
TH-02072,2026-06-15,A,15.2,32.1,25.2,46.9,2.61,9.6,7,0,,OK
TH-02073,2026-06-15,A,15.2,34.1,28.5,47.6,2.43,9.7,6,0,,OK
TH-02075,2026-06-15,A,15.2,32.5,25.6,50.2,2.85,10.4,9,0,,ok
TH-02076,2026-06-15,A,15.2,32.0,27.1,48.6,2.16,8.2,9,0,,OK
TH-02078,2026-06-15,A,15.2,33.9,27.7,47.5,1.65,6.7,11,0,,ok
TH-02080,2026-06-15,A,15.2,31.6,25.3,46.1,1.61,7.0,8,0,,OK
TH-02081,2026-06-15,A,15.2,33.9,27.4,46.4,2.47,10.6,9,0,,OK
TH-02083,2026-06-15,A,15.2,32.5,26.9,47.3,1.77,7.2,8,0,,OK
TH-02084,2026-06-15,A,15.2,34.0,28.3,48.3,2.76,9.0,12,0,E-211,OK
TH-02085,2026-06-15,A,15.2,33.5,26.3,47.1,2.26,9.7,7,0,,OK
TH-02086,2026-06-15,A,15.2,32.1,26.4,49.0,2.3,8.2,7,0,,OK
TH-02087,2026-06-15,A,15.2,32.1,26.5,51.6,2.31,7.5,10,0,,OK
TH-02091,2026-06-15,A,15.2,31.8,24.5,48.4,2.08,7.1,12,0,,ok
TH-02094,2026-06-15,A,15.2,31.8,26.1,46.1,1.67,7.1,7,0,,OK
TH-02095,2026-06-15,A,15.2,32.9,27.9,47.7,2.49,8.6,8,0,,ok
TH-02097,2026-06-15,A,15.2,34.0,27.3,51.0,2.42,10.4,6,0,,OK
TH-02100,2026-06-15,A,15.2,34.3,28.0,49.9,2.17,8.1,10,0,,OK
TH-02101,2026-06-15,A,15.2,32.4,27.7,50.9,1.65,6.3,5,0,,ok
TH-02109,2026-06-15,A,15.2,33.6,27.1,51.6,2.38,8.0,11,0,,OK
TH-02111,2026-06-15,A,15.2,32.8,26.4,50.9,2.89,10.6,4,0,,OK
TH-02112,2026-06-15,A,15.2,32.0,25.7,52.1,1.96,8.3,7,0,,OK
TH-02113,2026-06-15,A,15.2,33.3,28.2,46.8,2.15,9.1,9,0,,ok
TH-02114,2026-06-15,A,15.2,34.4,28.3,0,1.6,6.8,4,0,,ok
TH-02118,2026-06-15,A,15.2,32.2,24.9,50.8,2.34,8.0,6,0,,ok
TH-02120,2026-06-15,A,15.2,31.9,26.5,47.8,2.27,9.3,7,0,E-317,OK
TH-02124,2026-06-15,A,15.2,33.4,26.8,50.4,2.05,6.6,7,0,,OK
TH-02125,2026-06-15,A,15.2,32.9,26.5,47.1,2.37,10.1,8,0,,ok
TH-02126,2026-06-15,A,15.2,34.2,29.2,50.4,3.09,9.6,6,0,,ok
TH-02127,2026-06-15,A,15.2,33.6,28.3,47.9,3.1,10.0,7,0,,OK
TH-02129,2026-06-15,A,15.2,32.5,27.2,49.4,2.05,7.3,7,0,,ok
TH-02132,2026-06-15,A,15.2,32.2,27.4,50.4,2.21,9.0,8,0,,ok
TH-02133,2026-06-15,A,15.2,33.6,27.8,51.6,1.95,7.5,3,0,,ok
TH-02134,2026-06-15,A,15.2,32.0,26.7,46.3,1.96,6.5,14,0,,OK
TH-02135,2026-06-15,A,15.2,33.0,27.9,47.5,1.95,8.1,7,0,,OK
TH-02139,2026-06-15,A,15.2,33.4,27.7,52.9,2.79,12.0,8,0,,ok
TH-02140,2026-06-15,A,15.2,32.2,26.4,47.3,3.04,9.7,5,0,,OK
TH-02141,2026-06-15,B,15.2,34.4,28.9,,17141.4,,7,0,,0
TH-02143,2026-06-15,B,15.2,,,,17892.5,,9,0,6021,0
TH-02144,2026-06-15,B,15.2,,,,12914.0,,7,0,6021,0
TH-02145,2026-06-15,B,15.2,,,,4786.1,,8,0,6021,0
TH-02146,2026-06-15,B,15.2,,,,24477.3,,6,0,,0
TH-02149,2026-06-15,B,15.2,,,,8049.3,,8,0,,0
TH-02152,2026-06-15,B,15.2,,,,22490.4,,12,0,,0
TH-02153,2026-06-15,B,15.2,,,,18996.8,,8,0,,0
TH-02158,2026-06-15,B,15.2,,,,7038.5,,7,0,6021,0
TH-02160,2026-06-15,B,15.2,,,,14910.4,,7,0,,0
TH-02161,2026-06-15,B,15.2,,,,8260.0,,7,0,,0
TH-02162,2026-06-15,B,15.2,,,,14622.9,,14,0,,0
TH-02165,2026-06-15,B,15.2,,,,15080.3,,6,0,6021,0
TH-02166,2026-06-15,B,15.2,,,,17510.7,,2,0,6021,0
TH-02168,2026-06-15,B,15.2,,,,13617.0,,11,0,6021,0
TH-02173,2026-06-15,B,15.2,,,,6928.1,,11,0,,0
TH-02175,2026-06-15,B,15.2,,,,12028.5,,6,0,6021,0
TH-02176,2026-06-15,B,15.2,,,,5390.0,,12,0,,0
TH-02177,2026-06-15,B,15.2,,,,12919.2,,7,0,,0
TH-02178,2026-06-15,B,15.2,,,,19469.8,,7,0,6021,0
TH-02180,2026-06-15,B,15.2,,,,11578.1,,11,0,,0
TH-02184,2026-06-15,B,15.2,,,,20258.9,,11,0,6021,0
TH-02189,2026-06-15,B,15.2,,,,19330.1,,11,0,,0
TH-02190,2026-06-15,B,15.2,,,,24644.8,,9,0,6021,0
TH-02194,2026-06-15,B,15.2,,,,18985.4,,10,0,,0
TH-02195,2026-06-15,B,15.2,,,,14805.2,,11,0,,0
TH-02196,2026-06-15,B,15.2,,,,25190.2,,8,0,6021,0
TH-02202,2026-06-15,B,15.2,,,,13791.9,,7,0,,0
TH-02204,2026-06-15,B,15.2,,,,5150.9,,11,0,6021,0
TH-02207,2026-06-15,B,15.2,,,,13647.6,,12,0,6021,0
TH-02213,2026-06-15,B,15.2,,,,9292.9,,6,0,,0
TH-02214,2026-06-15,B,15.2,,,,9099.0,,10,0,,0
TH-02215,2026-06-15,B,15.2,,,,18223.3,,10,0,,0
TH-02216,2026-06-15,B,15.2,,,,17134.8,,7,0,,0
TH-02221,2026-06-15,B,15.2,,,,16167.5,,6,0,7702,2
TH-02223,2026-06-15,B,15.2,,,,22207.2,,5,0,,0
TH-02224,2026-06-15,B,15.2,,,,8730.1,,2,0,6021,0
TH-02226,2026-06-15,B,15.2,32.6,28.0,,9712.3,,6,0,6021,0
TH-02228,2026-06-15,B,15.2,,,,23910.6,,7,0,6021,0
TH-02231,2026-06-15,B,15.2,,,,7548.9,,7,0,,0
TH-02238,2026-06-15,B,15.2,,,,7740.8,,12,0,,0
TH-02239,2026-06-15,B,15.2,,,,17177.3,,7,0,,0
TH-02240,2026-06-15,B,15.2,,,,8019.3,,7,0,,0
TH-02242,2026-06-15,B,15.2,,,,14309.8,,17,0,,0
TH-02243,2026-06-15,B,15.2,,,,11649.1,,14,0,6021,0
TH-02244,2026-06-15,B,15.2,,,,16843.3,,7,0,,0
TH-02245,2026-06-15,B,15.2,,,,14898.4,,7,0,6021,0
TH-02246,2026-06-15,B,15.2,,,,15922.7,,15,0,6021,0
TH-02248,2026-06-15,B,15.2,,,,23253.5,,7,0,,0
TH-02249,2026-06-15,B,15.2,,,,6864.6,,12,0,,0
TH-02250,2026-06-15,B,15.2,,,,11151.5,,8,0,,0
TH-02251,2026-06-15,B,15.2,,,,24421.2,,6,0,,0
TH-02255,2026-06-15,B,15.2,,,,12898.6,,7,0,6021,0
TH-02256,2026-06-15,B,15.2,,,,7817.7,,8,0,,0
TH-02257,2026-06-15,B,15.2,,,,21245.5,,6,0,6021,0
TH-02258,2026-06-15,B,15.2,,,,10321.7,,14,0,,0
TH-02259,2026-06-15,B,15.2,,,,12258.9,,13,0,,0
TH-02260,2026-06-15,B,15.2,,,,7305.9,,11,0,,0
TH-02262,2026-06-15,B,15.2,,,,9149.0,,5,0,6021,0
TH-02265,2026-06-15,B,15.2,,,,22558.8,,8,0,,0
TH-02266,2026-06-15,B,15.2,,,,16079.8,,7,0,,0
TH-02267,2026-06-15,B,15.2,,,,11505.6,,5,0,,0
TH-02268,2026-06-15,B,15.2,,,,23792.2,,10,0,6021,0
TH-02269,2026-06-15,B,15.2,,,,12366.5,,11,0,6021,0
TH-02273,2026-06-15,B,15.2,,,,19776.2,,11,0,,0
TH-02277,2026-06-15,B,15.2,,,,17850.2,,15,0,6021,0
TH-02280,2026-06-15,B,15.2,,,,17685.1,,12,0,6021,0
TH-02281,2026-06-15,B,15.2,,,,4227.3,,9,0,,0
TH-02283,2026-06-15,B,15.2,,,,21316.8,,8,0,,0
TH-02285,2026-06-15,B,15.2,,,,12791.0,,8,0,6021,0
TH-02288,2026-06-15,B,15.2,,,,5405.0,,11,0,,0
TH-02290,2026-06-15,B,15.2,,,,7282.1,,7,0,,0
TH-02292,2026-06-15,C,15.2,,,,2.26,,,0,,warn
TH-02294,2026-06-15,C,15.2,,,,2.99,,,0,,OK
TH-02296,2026-06-15,C,15.2,,,50.5,2.84,,,0,,
TH-02298,2026-06-15,C,15.2,,,,2.83,,,0,,
TH-02299,2026-06-15,C,15.2,,,,2.54,,,0,,warn
TH-02303,2026-06-15,C,15.2,,,,2.9,,,0,,warn
TH-02304,2026-06-15,C,15.2,,,,2.19,,,0,,
TH-02307,2026-06-15,C,15.2,,,,2.36,,,0,,warn
TH-02308,2026-06-15,C,15.2,,,,2.62,,,0,,warn
TH-02309,2026-06-15,C,15.2,,,,2.56,,,0,,warn
TH-02312,2026-06-15,C,15.2,,,,2.08,,,0,,
TH-02313,2026-06-15,C,15.2,,,,1.95,,,0,,
TH-02314,2026-06-15,C,15.2,,,,2.13,,,0,,OK
TH-02316,2026-06-15,C,15.2,,,,2.9,,,0,,OK
TH-02319,2026-06-15,C,15.2,,,,1.82,,,0,,OK
TH-02322,2026-06-15,C,15.2,,,,3.02,,,0,,
TH-02323,2026-06-15,C,15.2,,,,2.18,,,0,,
TH-02324,2026-06-15,C,15.2,,,,2.67,,,0,,warn
TH-02331,2026-06-15,C,15.2,31.5,,,1.79,,,0,,warn
TH-02333,2026-06-15,C,15.2,,,,1.75,,,0,,warn
TH-02335,2026-06-15,C,15.2,,,,2.45,,,0,,
TH-02337,2026-06-15,C,15.2,,,,1.6,,,0,,
TH-02338,2026-06-15,C,15.2,,,,2.44,,,0,,warn
TH-02341,2026-06-15,C,15.2,34.3,,,3.04,,,0,,OK
TH-02343,2026-06-15,C,15.2,,,,2.34,,,0,,OK
TH-02344,2026-06-15,C,15.2,,,,2.34,,,0,,OK
TH-02346,2026-06-15,C,15.2,,,,2.29,,,0,,warn
TH-02348,2026-06-15,C,15.2,33.6,,,2.24,,,0,,
TH-02351,2026-06-15,C,15.2,,,,2.22,,,0,,OK
TH-02352,2026-06-15,C,15.2,,,,3.38,,,0,,warn
TH-02354,2026-06-15,C,15.2,,,,2.79,,,0,,warn
TH-02358,2026-06-15,C,15.2,,,,2.25,,,0,,OK
TH-02359,2026-06-15,C,15.2,,,,-1.93,,,0,,OK
TH-02360,2026-06-15,C,15.2,,,,1.73,,,0,,
TH-02361,2026-06-15,C,15.2,,,,2.44,,,0,,OK
TH-02363,2026-06-15,C,15.2,,,,1.81,,,0,,OK
TH-02365,2026-06-15,C,15.2,,,,2.51,,,0,,
TH-02366,2026-06-15,C,15.2,,,,2.67,,,0,,warn
TH-02367,2026-06-15,C,15.2,,,,3.02,,,0,,warn
TH-02371,2026-06-15,C,15.2,,,,3.02,,,0,ALM_HP_HP_SWITCH,warn
TH-02374,2026-06-15,C,15.2,,,50.5,2.39,,,0,,
TH-02377,2026-06-15,C,15.2,,,,2.15,,,0,,
TH-02379,2026-06-15,C,15.2,,,,2.3,,,0,,
TH-02380,2026-06-15,C,15.2,,,,2.61,,,0,,
TH-02381,2026-06-15,C,15.2,,,,2.11,,,0,,OK
TH-02383,2026-06-15,C,15.2,,,,2.78,,,0,,
TH-02385,2026-06-15,C,15.2,,,,3.39,,,0,,warn
TH-02388,2026-06-15,C,15.2,,,,2.9,,,0,,
TH-02393,2026-06-15,C,15.2,,,,1.89,,,0,,warn
TH-02396,2026-06-15,C,15.2,,,,3.12,,,0,,warn
TH-02398,2026-06-15,C,15.2,,,,2.37,,,0,,warn
TH-02399,2026-06-15,C,15.2,,,,2.31,,,0,,warn
TH-90000,2026-06-15,C,15.2,,,,2.16,,,0,,OK
TH-90001,2026-06-15,C,15.2,,,,11.22,,,0,,OK
TH-90002,2026-06-15,C,15.2,,,,3.92,,,0,,OK
TH-90003,2026-06-15,C,15.2,,,,2.37,,,0,,OK
TH-90004,2026-06-15,C,15.2,,,,12.0,,,0,,OK
th-02035,2026-06-15,A,15.2,33.8,26.4,46.8,2.49,9.5,11,0,,OK
th-02051,2026-06-15,A,15.2,32.8,26.2,46.5,2.95,11.6,9,0,,ok
th-02074,2026-06-15,A,15.2,32.4,27.2,49.8,2.3,7.4,10,0,,OK
th-02077,2026-06-15,A,15.2,34.2,27.6,49.5,2.3,7.8,10,0,,ok
th-02099,2026-06-15,A,15.2,31.7,24.7,48.0,2.69,11.2,8,0,,OK
th-02122,2026-06-15,A,15.2,34.5,27.4,49.8,1.89,8.1,12,0,,ok
th-02130,2026-06-15,A,15.2,33.1,25.8,49.0,1.93,7.4,13,0,,OK
th-02137,2026-06-15,A,15.2,32.2,26.8,48.5,2.18,7.8,5,0,,ok
th-02138,2026-06-15,A,15.2,31.9,25.7,47.3,3.12,10.8,6,0,,OK
th-02148,2026-06-15,B,15.2,,,,12876.9,,13,0,6021,0
th-02155,2026-06-15,B,15.2,,,,4460.4,,2,0,6021,0
th-02170,2026-06-15,B,15.2,,,,11421.8,,8,0,,0
th-02171,2026-06-15,B,15.2,,,,14043.5,,9,0,6021,0
th-02181,2026-06-15,B,15.2,,,,18716.4,,7,0,7702,2
th-02182,2026-06-15,B,15.2,,,,20924.1,,9,0,6021,0
th-02185,2026-06-15,B,15.2,,,,25196.7,,7,0,6021,0
th-02192,2026-06-15,B,15.2,,,,23349.1,,14,0,,0
th-02230,2026-06-15,B,15.2,,,,25594.5,,13,0,,0
th-02234,2026-06-15,B,15.2,,,,13259.9,,11,0,6021,0
th-02235,2026-06-15,B,15.2,,,,22648.9,,8,0,,0
th-02272,2026-06-15,B,15.2,,,,24819.2,,11,0,6021,0
th-02279,2026-06-15,B,15.2,,,,21058.1,,11,0,6021,0
th-02286,2026-06-15,B,15.2,33.4,28.5,,7544.4,,11,0,6021,0
th-02287,2026-06-15,B,15.2,,,,17993.1,,10,0,6021,0
th-02311,2026-06-15,C,15.2,,,,2.53,,,0,,
th-02334,2026-06-15,C,15.2,,,,2.36,,,0,,
th-02336,2026-06-15,C,15.2,,,49.1,1.59,,,0,,OK
th-02340,2026-06-15,C,15.2,,,,2.35,,,0,,
th-02342,2026-06-15,C,15.2,,,,2.16,,,0,,warn
th-02347,2026-06-15,C,15.2,,,,2.82,,,0,,
th-02355,2026-06-15,C,15.2,,,,2.05,,,0,,OK
th-02357,2026-06-15,C,15.2,,,,2.82,,,0,,OK
th-02384,2026-06-15,C,15.2,,,,2.22,,,0,,warn
th-02397,2026-06-15,C,15.2,,,,2.3,,,0,,warn
 TH-02002,2026-06-16,A,19.7,33.1,26.3,52.6,1.36,5.2,12,0,,ok
 TH-02005,2026-06-16,A,19.7,33.5,27.0,51.5,1.65,6.0,9,0,,ok
 TH-02007,2026-06-16,A,19.7,31.2,25.3,51.0,1.76,5.6,13,0,,OK
 TH-02012,2026-06-16,A,19.7,30.8,26.0,47.8,0.93,3.2,8,0,,OK
 TH-02034,2026-06-16,A,19.7,33.4,28.2,49.9,1.75,6.0,5,0,,OK
 TH-02056,2026-06-16,A,19.7,31.6,24.8,49.3,1.75,7.4,9,0,,OK
 TH-02090,2026-06-16,A,19.7,30.6,25.2,47.0,1.43,5.2,7,0,,ok
 TH-02094,2026-06-16,A,19.7,32.5,27.2,0,1.37,4.9,9,0,,ok
 TH-02100,2026-06-16,A,19.7,33.1,25.7,49.9,1.55,5.4,11,0,,OK
 TH-02153,2026-06-16,B,19.7,,,,18998.3,,11,0,,0
 TH-02216,2026-06-16,B,19.7,,,,17136.4,,9,0,,0
 TH-02246,2026-06-16,B,19.7,,,,15923.9,,7,0,6021,0
 TH-02251,2026-06-16,B,19.7,,,,24422.4,,5,0,,0
 TH-02266,2026-06-16,B,19.7,,,,16081.2,,9,0,,0
 TH-02272,2026-06-16,B,19.7,,,,24821.0,,9,0,6021,0
 TH-02273,2026-06-16,B,19.7,,,,19777.4,,10,0,,0
 TH-02275,2026-06-16,B,19.7,,,,12311.9,,13,0,6021,0
 TH-02309,2026-06-16,C,19.7,,,,1.74,,,0,,
 TH-02334,2026-06-16,C,19.7,,,,0.86,,,0,,
 TH-02339,2026-06-16,C,19.7,,,,1.1,,,0,,warn
 TH-02358,2026-06-16,C,19.7,,,,1.63,,,0,,
 TH-02367,2026-06-16,C,19.7,,,,1.69,,,0,,warn
 TH-02377,2026-06-16,C,19.7,,,,1.07,,,0,,warn
 TH-02400,2026-06-16,C,19.7,,,,1.6,,,0,,warn
TH-02001,2026-06-16,A,19.7,31.3,24.7,48.1,1.02,3.2,8,0,,ok
TH-02004,2026-06-16,A,19.7,-999,26.4,47.4,0.83,3.6,7,0,,OK
TH-02006,2026-06-16,A,19.7,32.7,26.9,50.3,1.14,4.4,10,0,,OK
TH-02008,2026-06-16,A,19.7,31.4,26.2,47.7,1.59,5.5,14,0,,OK
TH-02009,2026-06-16,A,19.7,30.5,25.6,52.5,2.0,7.1,7,0,,ok
TH-02011,2026-06-16,A,19.7,30.8,23.9,51.5,2.1,7.3,8,0,,OK
TH-02015,2026-06-16,A,19.7,32.7,26.1,49.4,1.4,4.6,12,0,,OK
TH-02016,2026-06-16,A,19.7,32.0,25.0,49.5,1.75,6.0,11,0,,OK
TH-02017,2026-06-16,A,19.7,32.1,26.7,46.8,1.71,6.8,11,0,,OK
TH-02019,2026-06-16,A,19.7,-999,23.6,47.4,1.0,3.1,10,0,,ok
TH-02020,2026-06-16,A,19.7,31.7,26.5,47.3,0.82,3.5,11,0,,ok
TH-02021,2026-06-16,A,19.7,31.1,25.8,51.3,0.95,3.1,9,0,,ok
TH-02023,2026-06-16,A,19.7,32.8,26.5,48.2,0.91,3.3,13,0,,ok
TH-02025,2026-06-16,A,19.7,31.4,24.0,46.8,2.14,7.3,9,0,,ok
TH-02028,2026-06-16,A,19.7,31.0,23.8,52.1,0.96,3.8,9,0,,OK
TH-02030,2026-06-16,A,19.7,32.2,26.3,46.3,1.4,5.3,10,0,,ok
TH-02031,2026-06-16,A,19.7,-999,27.1,46.2,1.6,5.8,9,0,,OK
TH-02032,2026-06-16,A,19.7,31.6,27.0,48.3,1.69,6.4,6,0,E-317,OK
TH-02033,2026-06-16,A,19.7,30.9,25.9,47.7,1.03,3.6,8,0,,ok
TH-02035,2026-06-16,A,19.7,31.0,26.1,51.1,1.07,4.2,9,0,,OK
TH-02037,2026-06-16,A,19.7,32.0,25.2,47.4,1.75,6.0,15,0,,OK
TH-02038,2026-06-16,A,19.7,30.6,23.5,50.7,0.75,3.2,7,0,,OK
TH-02040,2026-06-16,A,19.7,33.5,28.3,52.0,1.1,4.5,9,0,,OK
TH-02044,2026-06-16,A,19.7,31.0,25.8,51.9,1.43,4.9,3,0,,ok
TH-02045,2026-06-16,A,19.7,32.3,27.4,47.0,1.98,7.2,6,0,,OK
TH-02046,2026-06-16,A,19.7,31.7,26.4,46.6,0.85,3.1,3,0,,ok
TH-02047,2026-06-16,A,19.7,32.3,24.9,48.5,1.12,3.5,8,0,,ok
TH-02048,2026-06-16,A,19.7,30.8,25.3,50.2,0.89,3.5,9,0,,ok
TH-02049,2026-06-16,A,19.7,30.6,26.0,52.3,1.92,6.8,12,0,,ok
TH-02050,2026-06-16,A,19.7,32.8,27.1,48.0,1.06,4.6,7,0,,ok
TH-02051,2026-06-16,A,19.7,32.5,25.2,50.3,1.32,5.4,2,0,,ok
TH-02052,2026-06-16,A,19.7,32.9,28.1,52.0,1.44,5.6,9,0,,ok
TH-02053,2026-06-16,A,19.7,32.9,27.9,49.7,1.26,4.6,4,0,,ok
TH-02054,2026-06-16,A,19.7,31.6,24.6,51.3,1.16,3.9,11,0,,OK
TH-02055,2026-06-16,A,19.7,32.8,25.9,48.4,1.64,6.0,9,0,E-505,OK
TH-02061,2026-06-16,A,19.7,32.3,26.7,48.0,1.22,5.1,15,0,,ok
TH-02062,2026-06-16,A,19.7,33.0,27.4,46.6,0.85,3.7,8,0,,OK
TH-02063,2026-06-16,A,19.7,31.9,24.5,52.8,0.77,3.3,10,0,,ok
TH-02065,2026-06-16,A,19.7,32.1,27.4,50.5,2.12,7.3,8,0,,OK
TH-02068,2026-06-16,A,19.7,31.1,26.4,52.6,1.41,6.0,10,0,,ok
TH-02071,2026-06-16,A,19.7,31.2,25.4,48.6,1.06,4.4,12,0,,ok
TH-02072,2026-06-16,A,19.7,31.4,26.0,50.1,1.53,5.3,12,0,,OK
TH-02073,2026-06-16,A,19.7,32.5,25.8,49.1,1.76,5.6,12,0,,OK
TH-02074,2026-06-16,A,19.7,31.6,25.6,47.7,1.28,5.1,6,0,,OK
TH-02075,2026-06-16,A,19.7,31.2,25.5,46.2,0.84,3.1,13,0,,ok
TH-02076,2026-06-16,A,19.7,33.2,27.9,50.1,1.15,3.9,4,0,,ok
TH-02077,2026-06-16,A,19.7,31.2,24.9,52.7,1.63,5.2,8,0,,ok
TH-02078,2026-06-16,A,19.7,31.1,23.6,50.2,1.86,7.2,11,0,,ok
TH-02080,2026-06-16,A,19.7,31.8,24.9,46.8,1.73,5.5,14,0,,OK
TH-02084,2026-06-16,A,19.7,30.8,26.1,49.3,2.06,6.8,9,0,E-317,OK
TH-02085,2026-06-16,A,19.7,31.9,26.8,46.1,1.56,6.4,10,0,,ok
TH-02086,2026-06-16,A,19.7,31.3,25.7,48.0,1.76,7.2,6,0,,OK
TH-02087,2026-06-16,A,19.7,32.2,25.2,49.3,2.01,7.2,7,0,,OK
TH-02091,2026-06-16,A,19.7,31.8,25.3,47.2,1.75,7.5,13,0,,ok
TH-02093,2026-06-16,A,19.7,30.7,25.4,52.4,0.89,3.6,12,0,,OK
TH-02095,2026-06-16,A,19.7,33.0,26.1,47.6,1.6,6.6,7,0,,OK
TH-02097,2026-06-16,A,19.7,32.2,27.6,50.1,1.21,5.3,11,0,,OK
TH-02098,2026-06-16,A,19.7,33.0,26.2,48.6,1.67,7.0,8,0,,OK
TH-02099,2026-06-16,A,19.7,32.6,26.9,49.5,1.42,6.2,5,0,E-211,warn
TH-02101,2026-06-16,A,19.7,31.3,26.5,48.0,1.08,4.6,7,0,,OK
TH-02103,2026-06-16,A,19.7,31.7,24.6,50.3,1.62,6.6,6,0,,OK
TH-02111,2026-06-16,A,19.7,33.4,26.1,47.9,1.1,3.6,8,0,,ok
TH-02113,2026-06-16,A,19.7,32.1,25.4,47.8,0.86,3.5,11,0,E-505,warn
TH-02114,2026-06-16,A,19.7,32.4,26.6,49.5,1.13,3.6,6,0,,OK
TH-02118,2026-06-16,A,19.7,30.5,25.7,52.5,1.14,3.8,6,0,,ok
TH-02120,2026-06-16,A,19.7,32.5,26.0,48.7,1.26,5.2,6,0,,ok
TH-02121,2026-06-16,A,19.7,31.5,25.7,49.9,1.05,4.5,7,0,,ok
TH-02122,2026-06-16,A,19.7,-999,24.6,48.1,0.9,3.6,5,0,,ok
TH-02124,2026-06-16,A,19.7,32.1,26.3,52.3,0.96,3.6,10,0,,OK
TH-02125,2026-06-16,A,19.7,31.9,27.2,47.8,1.14,4.3,4,0,,ok
TH-02127,2026-06-16,A,19.7,30.7,25.2,46.0,2.35,7.4,7,0,,ok
TH-02129,2026-06-16,A,19.7,31.4,24.9,51.4,1.18,4.9,12,0,,OK
TH-02132,2026-06-16,A,19.7,31.8,26.0,50.4,0.89,3.6,14,0,,OK
TH-02133,2026-06-16,A,19.7,31.8,24.6,52.7,1.17,4.5,8,0,,OK
TH-02134,2026-06-16,A,19.7,30.7,24.1,47.6,1.72,6.9,2,0,,ok
TH-02135,2026-06-16,A,19.7,33.3,27.9,51.3,1.34,5.4,8,0,,ok
TH-02136,2026-06-16,A,19.7,32.3,26.5,47.3,1.32,4.4,10,0,,ok
TH-02137,2026-06-16,A,19.7,31.4,25.5,52.6,1.87,6.8,5,0,,OK
TH-02138,2026-06-16,A,19.7,31.5,26.7,47.1,1.32,5.0,10,0,,OK
TH-02139,2026-06-16,A,19.7,-999,23.9,50.8,1.88,7.3,9,0,,OK
TH-02140,2026-06-16,A,19.7,31.3,25.4,47.9,1.76,7.5,10,0,,OK
TH-02141,2026-06-16,B,19.7,,,,17142.4,,14,0,,0
TH-02143,2026-06-16,B,19.7,,,,17893.7,,9,0,6021,0
TH-02145,2026-06-16,B,19.7,,,,4787.0,,7,0,,0
TH-02146,2026-06-16,B,19.7,,,,24478.7,,12,0,6021,0
TH-02148,2026-06-16,B,19.7,,,,12878.2,,11,0,6021,0
TH-02149,2026-06-16,B,19.7,,,,8050.1,,12,0,6021,0
TH-02155,2026-06-16,B,19.7,,,,4462.2,,2,0,6021,0
TH-02158,2026-06-16,B,19.7,,,,7040.1,,9,0,7702,2
TH-02159,2026-06-16,B,19.7,,,,12043.8,,9,0,,0
TH-02160,2026-06-16,B,19.7,,,,14912.4,,18,0,,0
TH-02161,2026-06-16,B,19.7,,,,8262.0,,11,0,6021,0
TH-02162,2026-06-16,B,19.7,,,,14624.0,,6,0,,0
TH-02165,2026-06-16,B,19.7,,,,15081.5,,11,0,,0
TH-02166,2026-06-16,B,19.7,,,,17511.6,,8,0,,0
TH-02168,2026-06-16,B,19.7,,,,13618.4,,10,0,6021,0
TH-02170,2026-06-16,B,19.7,,,,11422.7,,10,0,,0
TH-02171,2026-06-16,B,19.7,,,,14045.4,,8,0,6021,0
TH-02173,2026-06-16,B,19.7,,,,6929.0,,11,0,6021,0
TH-02175,2026-06-16,B,19.7,,,,12030.4,,10,0,6021,0
TH-02177,2026-06-16,B,19.7,,,,12920.7,,12,0,,0
TH-02178,2026-06-16,B,19.7,,,,19471.9,,12,0,6021,0
TH-02180,2026-06-16,B,19.7,,,,11579.1,,7,0,,0
TH-02182,2026-06-16,B,19.7,,,,20925.5,,4,0,,0
TH-02184,2026-06-16,B,19.7,,,,20260.3,,11,0,,0
TH-02185,2026-06-16,B,19.7,,,,25197.5,,9,0,,0
TH-02187,2026-06-16,B,19.7,,,,13589.3,,7,0,,0
TH-02188,2026-06-16,B,19.7,,,,24458.7,,10,0,,0
TH-02190,2026-06-16,B,19.7,31.7,27.0,,24646.4,,5,0,6021,0
TH-02192,2026-06-16,B,19.7,,,,23350.5,,7,0,6021,0
TH-02194,2026-06-16,B,19.7,,,,18986.4,,8,0,,0
TH-02195,2026-06-16,B,19.7,,,,14806.8,,11,0,,0
TH-02196,2026-06-16,B,19.7,,,,25191.2,,12,0,,0
TH-02202,2026-06-16,B,19.7,,,,13792.7,,11,0,,0
TH-02204,2026-06-16,B,19.7,,,,5152.8,,9,0,6021,0
TH-02206,2026-06-16,B,19.7,,,,17365.6,,4,0,,0
TH-02207,2026-06-16,B,19.7,,,,13648.9,,4,0,,0
TH-02213,2026-06-16,B,19.7,,,,9293.9,,6,0,,0
TH-02214,2026-06-16,B,19.7,,,,9100.0,,12,0,7702,2
TH-02215,2026-06-16,B,19.7,,,,18224.5,,12,0,6021,0
TH-02221,2026-06-16,B,19.7,,,,16168.5,,2,0,6021,0
TH-02223,2026-06-16,B,19.7,,,,22208.6,,8,0,,0
TH-02224,2026-06-16,B,19.7,,,,8730.9,,7,0,6021,0
TH-02226,2026-06-16,B,19.7,,,,9713.5,,9,0,,0
TH-02228,2026-06-16,B,19.7,,,,23912.2,,10,0,,0
TH-02231,2026-06-16,B,19.7,,,,7550.1,,8,0,,0
TH-02234,2026-06-16,B,19.7,,,,13260.6,,10,0,6021,0
TH-02235,2026-06-16,B,19.7,,,,22650.3,,5,0,,0
TH-02236,2026-06-16,B,19.7,,,,4207.5,,9,0,6021,0
TH-02238,2026-06-16,B,19.7,,,,7742.5,,7,0,,0
TH-02239,2026-06-16,B,19.7,,,,17178.5,,9,0,6021,0
TH-02240,2026-06-16,B,19.7,,,,8020.9,,12,0,6021,0
TH-02243,2026-06-16,B,19.7,,,,11650.3,,9,0,6021,0
TH-02244,2026-06-16,B,19.7,,,,16845.1,,5,0,,0
TH-02245,2026-06-16,B,19.7,,,,14899.8,,10,0,6021,0
TH-02247,2026-06-16,B,19.7,,,,5449.7,,15,0,,0
TH-02248,2026-06-16,B,19.7,,,,23254.7,,8,0,6021,0
TH-02250,2026-06-16,B,19.7,,,,11152.8,,13,0,6021,0
TH-02255,2026-06-16,B,19.7,,,,12899.8,,9,0,,0
TH-02256,2026-06-16,B,19.7,30.8,24.9,,7819.9,,11,0,6021,0
TH-02257,2026-06-16,B,19.7,,,,21246.5,,6,0,6021,0
TH-02258,2026-06-16,B,19.7,,,,10323.8,,9,0,6021,0
TH-02259,2026-06-16,B,19.7,,,,12260.4,,9,0,,0
TH-02260,2026-06-16,B,19.7,,,,7307.3,,12,0,,0
TH-02262,2026-06-16,B,19.7,,,,9150.2,,5,0,,0
TH-02265,2026-06-16,B,19.7,,,,22559.7,,5,0,6021,0
TH-02267,2026-06-16,B,19.7,,,,11506.9,,5,0,6021,0
TH-02269,2026-06-16,B,19.7,,,,12367.8,,7,0,,0
TH-02270,2026-06-16,B,19.7,,,,21905.4,,8,0,,0
TH-02271,2026-06-16,B,19.7,,,,4913.2,,2,0,6021,0
TH-02277,2026-06-16,B,19.7,,,,17851.9,,9,0,,0
TH-02278,2026-06-16,B,19.7,,,,14789.2,,7,0,3104,2
TH-02279,2026-06-16,B,19.7,,,,21059.2,,11,0,6021,0
TH-02281,2026-06-16,B,19.7,,,,4229.2,,8,0,,0
TH-02285,2026-06-16,B,19.7,,,,12792.8,,6,0,6021,0
TH-02286,2026-06-16,B,19.7,,,,7545.3,,9,0,6021,0
TH-02287,2026-06-16,B,19.7,,,,17994.9,,3,0,6021,0
TH-02288,2026-06-16,B,19.7,,,,5406.2,,12,0,6021,0
TH-02294,2026-06-16,C,19.7,,,,1.08,,,0,,
TH-02296,2026-06-16,C,19.7,,,,1.69,,,0,,warn
TH-02297,2026-06-16,C,19.7,,,,1.13,,,0,,warn
TH-02298,2026-06-16,C,19.7,,,,1.3,,,0,,OK
TH-02300,2026-06-16,C,19.7,,,,2.0,,,0,,OK
TH-02304,2026-06-16,C,19.7,,,,1.92,,,0,,
TH-02308,2026-06-16,C,19.7,,,,1.54,,,0,,warn
TH-02312,2026-06-16,C,19.7,,,,0.91,,,0,,warn
TH-02314,2026-06-16,C,19.7,,,,0.81,,,0,,
TH-02316,2026-06-16,C,19.7,30.7,,,0.78,,,0,,OK
TH-02317,2026-06-16,C,19.7,,,,1.61,,,0,,
TH-02319,2026-06-16,C,19.7,,,,1.02,,,0,,warn
TH-02322,2026-06-16,C,19.7,,,,1.75,,,0,,OK
TH-02323,2026-06-16,C,19.7,,,,1.32,,,0,,
TH-02331,2026-06-16,C,19.7,,,,1.15,,,0,,
TH-02333,2026-06-16,C,19.7,,,,1.0,,,0,,
TH-02335,2026-06-16,C,19.7,,,,1.55,,,0,,warn
TH-02336,2026-06-16,C,19.7,,,,1.44,,,0,,warn
TH-02337,2026-06-16,C,19.7,,,,1.02,,,0,,warn
TH-02338,2026-06-16,C,19.7,,,,1.41,,,0,,
TH-02340,2026-06-16,C,19.7,,,,1.92,,,0,,
TH-02341,2026-06-16,C,19.7,,,,1.24,,,0,,
TH-02342,2026-06-16,C,19.7,,,,0.8,,,0,,warn
TH-02344,2026-06-16,C,19.7,,,,1.96,,,0,,warn
TH-02345,2026-06-16,C,19.7,,,,1.73,,,0,,warn
TH-02346,2026-06-16,C,19.7,,,,1.95,,,0,,OK
TH-02347,2026-06-16,C,19.7,,,,1.2,,,0,,
TH-02348,2026-06-16,C,19.7,,,,1.6,,,0,,warn
TH-02351,2026-06-16,C,19.7,,,,1.54,,,0,,
TH-02354,2026-06-16,C,19.7,,,,0.93,,,0,,
TH-02355,2026-06-16,C,19.7,,,,0.93,,,0,,warn
TH-02359,2026-06-16,C,19.7,,,,1.19,,,0,,
TH-02360,2026-06-16,C,19.7,,,,1.2,,,0,,OK
TH-02361,2026-06-16,C,19.7,,,,0.99,,,0,,OK
TH-02363,2026-06-16,C,19.7,,,,1.02,,,0,ALM_SM_LINK,
TH-02365,2026-06-16,C,19.7,,,,1.94,,,0,,
TH-02366,2026-06-16,C,19.7,,,,1.1,,,0,,OK
TH-02371,2026-06-16,C,19.7,,,49.7,1.21,,,0,,warn
TH-02375,2026-06-16,C,19.7,,,,1.93,,,0,,OK
TH-02379,2026-06-16,C,19.7,,,,0.97,,,0,,
TH-02380,2026-06-16,C,19.7,,,,1.77,,,0,,OK
TH-02381,2026-06-16,C,19.7,,,,1.11,,,0,,
TH-02383,2026-06-16,C,19.7,,,,1.98,,,0,,warn
TH-02384,2026-06-16,C,19.7,,,,1.67,,,0,,OK
TH-02385,2026-06-16,C,19.7,,,46.2,1.16,,,0,,warn
TH-02387,2026-06-16,C,19.7,,,,1.56,,,0,,warn
TH-02388,2026-06-16,C,19.7,,,,1.07,,,0,,
TH-02389,2026-06-16,C,19.7,,,,1.31,,,0,,OK
TH-02393,2026-06-16,C,19.7,,,,1.22,,,0,,warn
TH-02396,2026-06-16,C,19.7,,,,1.5,,,0,,OK
TH-02397,2026-06-16,C,19.7,,,,0.93,,,0,,warn
TH-02398,2026-06-16,C,19.7,,,,1.57,,,0,,OK
TH-02399,2026-06-16,C,19.7,,,,1.14,,,0,,OK
th-02036,2026-06-16,A,19.7,32.5,26.0,46.9,1.45,5.2,3,0,,ok
th-02081,2026-06-16,A,19.7,32.2,24.8,48.7,1.3,5.6,8,0,,ok
th-02083,2026-06-16,A,19.7,31.3,24.3,46.6,1.55,6.7,7,0,,OK
th-02109,2026-06-16,A,19.7,31.7,25.5,52.8,1.96,6.7,3,0,,ok
th-02126,2026-06-16,A,19.7,31.9,26.1,50.6,1.23,4.2,7,0,,OK
th-02130,2026-06-16,A,19.7,30.9,25.2,51.0,1.48,5.0,4,0,,OK
th-02152,2026-06-16,B,19.7,31.2,24.5,,22491.3,,12,0,6021,0
th-02169,2026-06-16,B,19.7,,,,18438.1,,2,0,,0
th-02176,2026-06-16,B,19.7,,,,5391.7,,8,0,,0
th-02181,2026-06-16,B,19.7,,,,18717.5,,6,0,6021,0
th-02189,2026-06-16,B,19.7,,,,19331.5,,14,0,6021,0
th-02230,2026-06-16,B,19.7,,,,25595.7,,9,0,,0
th-02242,2026-06-16,B,19.7,,,,14311.3,,4,0,,0
th-02249,2026-06-16,B,19.7,,,,6866.5,,10,0,,0
th-02280,2026-06-16,B,19.7,,,,17686.1,,12,0,6021,0
th-02283,2026-06-16,B,19.7,,,,21317.7,,13,0,,0
th-02290,2026-06-16,B,19.7,,,,7283.5,,6,0,,0
th-02292,2026-06-16,C,19.7,,,,1.88,,,0,,OK
th-02299,2026-06-16,C,19.7,,,,1.45,,,0,,OK
th-02302,2026-06-16,C,19.7,,,,1.44,,,0,,warn
th-02303,2026-06-16,C,19.7,,,,1.09,,,0,,
th-02307,2026-06-16,C,19.7,,,,1.05,,,0,,OK
th-02324,2026-06-16,C,19.7,,,,1.02,,,0,,
th-02343,2026-06-16,C,19.7,,,52.2,1.42,,,0,,warn
th-02352,2026-06-16,C,19.7,,,,1.3,,,0,,OK
th-02357,2026-06-16,C,19.7,,,,0.73,,,0,,OK
th-02374,2026-06-16,C,19.7,,,47.6,1.46,,,0,,OK
th-02395,2026-06-16,C,19.7,,,,1.59,,,0,,OK
 TH-02011,2026-06-17,A,20.1,32.3,26.0,0,1.41,5.9,7,0,,OK
 TH-02038,2026-06-17,A,20.1,33.4,26.8,52.9,2.13,7.2,7,0,E-317,ok
 TH-02046,2026-06-17,A,20.1,31.3,25.7,46.1,1.58,4.9,14,0,,ok
 TH-02050,2026-06-17,A,20.1,-999,24.3,47.5,1.48,5.0,11,0,,ok
 TH-02055,2026-06-17,A,20.1,32.2,27.2,52.7,1.31,4.3,10,0,,ok
 TH-02129,2026-06-17,A,20.1,32.4,25.2,52.6,1.62,6.3,6,0,,OK
 TH-02139,2026-06-17,A,20.1,30.6,23.4,52.6,1.27,4.5,12,0,,ok
 TH-02160,2026-06-17,B,20.1,,,,14914.6,,7,0,6021,0
 TH-02184,2026-06-17,B,20.1,31.3,25.0,,20262.2,,4,0,,0
 TH-02206,2026-06-17,B,20.1,,,,17367.4,,6,0,6021,0
 TH-02215,2026-06-17,B,20.1,,,,18226.8,,5,0,,0
 TH-02230,2026-06-17,B,20.1,,,,25596.8,,10,0,6021,0
 TH-02256,2026-06-17,B,20.1,,,,7820.6,,9,0,6021,0
 TH-02262,2026-06-17,B,20.1,,,,9151.7,,2,0,6021,0
 TH-02271,2026-06-17,B,20.1,,,,4915.0,,12,0,,0
 TH-02288,2026-06-17,B,20.1,,,,5407.4,,8,0,,0
 TH-02300,2026-06-17,C,20.1,,,,1.82,,,0,,
 TH-02303,2026-06-17,C,20.1,,,,1.34,,,0,,OK
 TH-02319,2026-06-17,C,20.1,,,,1.07,,,0,,warn
 TH-02367,2026-06-17,C,20.1,,,,0.82,,,0,,OK
TH-02001,2026-06-17,A,20.1,31.6,25.8,47.2,1.23,4.1,8,0,,OK
TH-02002,2026-06-17,A,20.1,32.8,26.9,52.5,1.22,4.6,3,0,,OK
TH-02004,2026-06-17,A,20.1,31.3,25.9,49.6,0.81,3.3,11,0,,ok
TH-02005,2026-06-17,A,20.1,32.8,25.9,50.0,1.7,6.2,12,0,,OK
TH-02006,2026-06-17,A,20.1,32.6,25.9,48.6,1.2,5.0,12,0,,ok
TH-02007,2026-06-17,A,20.1,30.9,23.5,50.0,1.18,4.7,11,0,,ok
TH-02012,2026-06-17,A,20.1,32.2,25.0,48.2,1.08,4.4,5,0,,OK
TH-02015,2026-06-17,A,20.1,30.7,24.1,51.4,1.49,5.8,3,0,,ok
TH-02016,2026-06-17,A,20.1,33.4,26.1,49.4,1.35,5.2,11,0,,OK
TH-02017,2026-06-17,A,20.1,33.5,28.9,46.8,0.85,3.4,4,0,,ok
TH-02019,2026-06-17,A,20.1,33.0,26.7,47.5,1.75,7.1,11,0,,ok
TH-02021,2026-06-17,A,20.1,32.5,25.3,46.2,1.86,6.0,11,0,,ok
TH-02025,2026-06-17,A,20.1,31.7,24.6,47.4,2.0,7.1,11,0,,OK
TH-02028,2026-06-17,A,20.1,33.4,26.3,49.6,1.36,4.7,12,0,,OK
TH-02031,2026-06-17,A,20.1,33.2,27.7,47.9,0.95,3.5,11,0,,ok
TH-02032,2026-06-17,A,20.1,31.0,23.5,48.1,1.45,6.0,11,0,,ok
TH-02033,2026-06-17,A,20.1,31.9,25.3,47.7,1.16,4.1,8,0,,OK
TH-02034,2026-06-17,A,20.1,30.5,24.6,52.4,1.21,4.0,8,0,,ok
TH-02035,2026-06-17,A,20.1,32.3,27.4,52.4,1.38,4.3,11,0,E-317,OK
TH-02037,2026-06-17,A,20.1,32.3,26.2,50.1,1.07,4.5,5,0,,OK
TH-02040,2026-06-17,A,20.1,-999,25.9,50.2,1.8,7.3,7,0,,ok
TH-02044,2026-06-17,A,20.1,30.9,25.7,48.5,1.76,7.2,9,0,,OK
TH-02045,2026-06-17,A,20.1,33.1,27.5,49.7,1.12,4.9,7,0,,OK
TH-02047,2026-06-17,A,20.1,31.5,26.5,50.7,0.96,3.9,10,0,,OK
TH-02048,2026-06-17,A,20.1,31.3,26.8,52.6,1.44,5.7,9,0,,ok
TH-02049,2026-06-17,A,20.1,31.5,26.3,52.7,1.0,3.2,8,0,,ok
TH-02051,2026-06-17,A,20.1,33.3,27.3,49.2,1.45,4.7,9,0,,ok
TH-02052,2026-06-17,A,20.1,31.2,25.7,52.8,1.44,6.0,8,0,,OK
TH-02053,2026-06-17,A,20.1,31.8,24.7,47.2,0.87,3.2,10,0,,ok
TH-02054,2026-06-17,A,20.1,31.3,26.2,51.4,1.62,5.7,9,0,,ok
TH-02056,2026-06-17,A,20.1,32.1,25.7,50.2,0.9,3.5,7,0,,ok
TH-02061,2026-06-17,A,20.1,30.7,24.4,47.5,1.33,4.9,2,0,,ok
TH-02063,2026-06-17,A,20.1,32.4,26.4,50.7,1.49,4.8,6,0,,OK
TH-02065,2026-06-17,A,20.1,32.7,27.1,50.3,1.06,3.4,5,0,,OK
TH-02068,2026-06-17,A,20.1,31.2,25.2,50.2,1.99,6.6,11,0,,ok
TH-02071,2026-06-17,A,20.1,30.6,23.3,47.8,1.72,6.7,5,0,,ok
TH-02073,2026-06-17,A,20.1,32.4,25.3,49.2,0.76,3.1,13,0,,ok
TH-02074,2026-06-17,A,20.1,31.0,24.8,47.7,2.11,7.0,8,0,,OK
TH-02075,2026-06-17,A,20.1,32.7,25.8,46.7,1.67,7.3,6,0,,OK
TH-02076,2026-06-17,A,20.1,31.2,24.9,49.5,1.26,4.6,11,0,,OK
TH-02077,2026-06-17,A,20.1,30.6,25.3,50.4,1.06,4.4,6,0,,OK
TH-02078,2026-06-17,A,20.1,30.7,26.0,51.0,1.66,7.1,11,0,,OK
TH-02080,2026-06-17,A,20.1,30.9,24.2,49.6,1.91,6.2,4,0,,OK
TH-02081,2026-06-17,A,20.1,31.3,24.7,46.1,1.52,6.5,13,0,,ok
TH-02083,2026-06-17,A,20.1,31.6,24.4,48.9,2.02,6.4,11,0,,OK
TH-02084,2026-06-17,A,20.1,31.5,25.1,50.7,1.38,4.7,5,0,,ok
TH-02086,2026-06-17,A,20.1,33.4,28.7,48.3,1.8,6.9,7,0,,OK
TH-02087,2026-06-17,A,20.1,31.2,24.9,49.9,0.82,3.4,11,0,,OK
TH-02090,2026-06-17,A,20.1,31.9,24.8,48.5,1.4,5.0,11,0,,OK
TH-02091,2026-06-17,A,20.1,31.7,24.7,50.9,1.01,4.1,7,0,,OK
TH-02093,2026-06-17,A,20.1,-999,24.5,52.9,1.56,6.5,11,0,,ok
TH-02095,2026-06-17,A,20.1,31.3,26.1,47.0,2.17,7.2,10,0,,ok
TH-02098,2026-06-17,A,20.1,30.6,25.8,48.7,1.22,5.2,10,0,,ok
TH-02099,2026-06-17,A,20.1,31.5,25.7,50.6,-0.69,3.2,9,0,,ok
TH-02100,2026-06-17,A,20.1,32.6,26.0,52.2,2.13,7.0,12,0,,OK
TH-02101,2026-06-17,A,20.1,32.0,26.1,0,0.97,3.9,6,0,,ok
TH-02109,2026-06-17,A,20.1,32.8,27.1,49.1,1.18,4.7,8,0,,ok
TH-02111,2026-06-17,A,20.1,32.7,26.6,47.4,1.28,4.5,6,0,,OK
TH-02112,2026-06-17,A,20.1,32.4,26.9,46.8,1.63,5.2,8,0,,OK
TH-02113,2026-06-17,A,20.1,32.7,26.6,49.4,2.25,7.2,2,0,,OK
TH-02114,2026-06-17,A,20.1,32.1,25.7,52.0,0.75,3.1,6,0,,ok
TH-02118,2026-06-17,A,20.1,33.5,26.0,49.6,0.83,3.1,11,0,,OK
TH-02120,2026-06-17,A,20.1,31.7,24.4,46.7,1.76,5.8,5,0,,ok
TH-02122,2026-06-17,A,20.1,32.3,27.2,48.0,1.63,7.1,12,0,,ok
TH-02124,2026-06-17,A,20.1,32.4,27.9,46.9,1.66,6.1,6,0,,ok
TH-02125,2026-06-17,A,20.1,32.7,25.9,49.8,1.24,5.1,8,0,,ok
TH-02126,2026-06-17,A,20.1,31.8,24.5,46.5,1.8,7.3,10,0,,ok
TH-02127,2026-06-17,A,20.1,32.7,27.9,47.9,1.35,5.4,6,0,,OK
TH-02130,2026-06-17,A,20.1,31.1,25.5,48.6,1.61,7.0,5,0,,OK
TH-02132,2026-06-17,A,20.1,32.8,26.2,46.6,1.04,4.0,13,0,,ok
TH-02133,2026-06-17,A,20.1,31.9,27.4,47.4,1.24,4.6,7,0,,OK
TH-02135,2026-06-17,A,20.1,33.2,27.0,52.6,0.92,3.7,6,0,,OK
TH-02136,2026-06-17,A,20.1,32.4,26.6,49.8,1.21,4.2,11,0,,OK
TH-02137,2026-06-17,A,20.1,31.4,24.6,49.5,1.24,5.3,9,0,,ok
TH-02138,2026-06-17,A,20.1,31.5,26.1,51.2,0.86,3.7,7,0,,ok
TH-02140,2026-06-17,A,20.1,30.9,25.9,51.1,1.78,5.6,6,0,,ok
TH-02141,2026-06-17,B,20.1,,,,17144.2,,8,0,,0
TH-02143,2026-06-17,B,20.1,,,,17894.9,,8,0,,0
TH-02144,2026-06-17,B,20.1,,,,12915.8,,9,0,,0
TH-02145,2026-06-17,B,20.1,32.6,25.5,,4787.9,,8,0,,0
TH-02146,2026-06-17,B,20.1,,,,24480.0,,8,0,6021,0
TH-02148,2026-06-17,B,20.1,,,,12880.1,,12,0,6021,0
TH-02152,2026-06-17,B,20.1,,,,22492.7,,4,0,,0
TH-02153,2026-06-17,B,20.1,,,,18999.6,,8,0,6021,0
TH-02155,2026-06-17,B,20.1,,,,4464.1,,4,0,,0
TH-02158,2026-06-17,B,20.1,,,,7041.1,,9,0,,0
TH-02159,2026-06-17,B,20.1,,,,12045.6,,12,0,6021,0
TH-02161,2026-06-17,B,20.1,,,,8264.1,,7,0,,0
TH-02162,2026-06-17,B,20.1,,,,14625.6,,11,0,,0
TH-02165,2026-06-17,B,20.1,,,,15083.0,,11,0,,0
TH-02168,2026-06-17,B,20.1,,,,13619.4,,8,0,6021,0
TH-02169,2026-06-17,B,20.1,,,,18439.5,,12,0,,0
TH-02170,2026-06-17,B,20.1,,,,11424.1,,3,0,,0
TH-02171,2026-06-17,B,20.1,,,,14047.2,,9,0,6021,0
TH-02175,2026-06-17,B,20.1,,,,12032.0,,8,0,,0
TH-02176,2026-06-17,B,20.1,,,,5392.6,,10,0,,0
TH-02177,2026-06-17,B,20.1,,,,12922.0,,7,0,6021,0
TH-02181,2026-06-17,B,20.1,,,,18719.2,,13,0,6021,0
TH-02182,2026-06-17,B,20.1,,,,20926.3,,6,0,6021,0
TH-02187,2026-06-17,B,20.1,,,,13590.6,,11,0,,0
TH-02188,2026-06-17,B,20.1,,,,24460.1,,5,0,,0
TH-02189,2026-06-17,B,20.1,,,,19333.4,,14,0,6021,0
TH-02192,2026-06-17,B,20.1,,,,23352.4,,4,0,,0
TH-02194,2026-06-17,B,20.1,,,,18988.0,,15,0,,0
TH-02195,2026-06-17,B,20.1,,,,14807.8,,8,0,,0
TH-02196,2026-06-17,B,20.1,32.1,25.0,,25192.7,,7,0,6021,0
TH-02202,2026-06-17,B,20.1,,,,13794.0,,8,0,,0
TH-02204,2026-06-17,B,20.1,,,,5154.3,,10,0,,0
TH-02207,2026-06-17,B,20.1,31.0,24.0,,13650.7,,8,0,6021,0
TH-02213,2026-06-17,B,20.1,,,,9295.6,,8,0,,0
TH-02214,2026-06-17,B,20.1,,,,9101.9,,2,0,,0
TH-02221,2026-06-17,B,20.1,,,,16169.3,,7,0,,0
TH-02223,2026-06-17,B,20.1,,,,22210.4,,5,0,6021,0
TH-02224,2026-06-17,B,20.1,,,,8732.3,,9,0,,0
TH-02226,2026-06-17,B,20.1,,,,9714.9,,12,0,,0
TH-02228,2026-06-17,B,20.1,,,,23913.2,,6,0,,0
TH-02231,2026-06-17,B,20.1,,,,7551.1,,6,0,6021,0
TH-02234,2026-06-17,B,20.1,,,,13262.3,,10,0,6021,0
TH-02235,2026-06-17,B,20.1,,,,22651.9,,8,0,,0
TH-02236,2026-06-17,B,20.1,,,,4208.8,,12,0,,0
TH-02238,2026-06-17,B,20.1,,,,7743.5,,15,0,6021,0
TH-02239,2026-06-17,B,20.1,,,,17179.9,,5,0,6021,0
TH-02240,2026-06-17,B,20.1,,,,8021.8,,3,0,,0
TH-02242,2026-06-17,B,20.1,,,,14312.6,,9,0,,0
TH-02244,2026-06-17,B,20.1,,,,16847.1,,2,0,6021,0
TH-02245,2026-06-17,B,20.1,,,,14901.6,,8,0,,0
TH-02246,2026-06-17,B,20.1,,,,15925.0,,8,0,6021,0
TH-02247,2026-06-17,B,20.1,,,,5450.6,,6,0,,0
TH-02249,2026-06-17,B,20.1,,,,6867.6,,3,0,6021,0
TH-02250,2026-06-17,B,20.1,,,,11154.6,,9,0,6021,0
TH-02251,2026-06-17,B,20.1,,,,24423.9,,3,0,6021,0
TH-02255,2026-06-17,B,20.1,,,,12900.8,,14,0,,0
TH-02257,2026-06-17,B,20.1,,,,21248.1,,7,0,,0
TH-02258,2026-06-17,B,20.1,31.8,26.4,,10324.9,,12,0,6021,0
TH-02259,2026-06-17,B,20.1,,,,12261.4,,10,0,,0
TH-02260,2026-06-17,B,20.1,,,,7309.1,,13,0,6021,0
TH-02265,2026-06-17,B,20.1,,,,22561.3,,11,0,6021,0
TH-02266,2026-06-17,B,20.1,,,,16083.2,,9,0,6021,0
TH-02267,2026-06-17,B,20.1,,,,11508.7,,8,0,,0
TH-02269,2026-06-17,B,20.1,,,,12369.2,,8,0,,0
TH-02270,2026-06-17,B,20.1,,,,21906.4,,7,0,6021,0
TH-02272,2026-06-17,B,20.1,,,,24823.1,,9,0,,0
TH-02275,2026-06-17,B,20.1,,,,12313.9,,12,0,,0
TH-02277,2026-06-17,B,20.1,,,,17853.3,,10,0,6021,0
TH-02278,2026-06-17,B,20.1,,,,14791.0,,9,0,,0
TH-02279,2026-06-17,B,20.1,,,,21060.4,,10,0,6021,0
TH-02280,2026-06-17,B,20.1,,,,17687.9,,11,0,,0
TH-02281,2026-06-17,B,20.1,,,,4230.2,,11,0,,0
TH-02283,2026-06-17,B,20.1,,,,21318.9,,11,0,,0
TH-02285,2026-06-17,B,20.1,,,,12794.7,,8,0,6021,0
TH-02286,2026-06-17,B,20.1,,,,7547.2,,5,0,,0
TH-02287,2026-06-17,B,20.1,,,,17996.1,,8,0,6021,0
TH-02294,2026-06-17,C,20.1,,,,1.64,,,0,,OK
TH-02296,2026-06-17,C,20.1,,,,1.49,,,0,,
TH-02297,2026-06-17,C,20.1,,,,1.89,,,0,,
TH-02299,2026-06-17,C,20.1,33.3,,,0.77,,,0,,warn
TH-02302,2026-06-17,C,20.1,,,,1.71,,,0,,warn
TH-02304,2026-06-17,C,20.1,,,,1.23,,,0,,OK
TH-02307,2026-06-17,C,20.1,32.5,,,1.48,,,0,,
TH-02308,2026-06-17,C,20.1,,,,1.4,,,0,,
TH-02309,2026-06-17,C,20.1,,,,0.74,,,0,ALM_SM_LINK,
TH-02311,2026-06-17,C,20.1,,,,1.62,,,0,,
TH-02312,2026-06-17,C,20.1,,,,1.23,,,0,,OK
TH-02313,2026-06-17,C,20.1,,,,1.75,,,0,,warn
TH-02314,2026-06-17,C,20.1,,,,1.78,,,0,,warn
TH-02316,2026-06-17,C,20.1,,,,1.82,,,0,,OK
TH-02317,2026-06-17,C,20.1,,,,1.41,,,0,,
TH-02322,2026-06-17,C,20.1,,,,1.34,,,0,,OK
TH-02323,2026-06-17,C,20.1,,,,1.0,,,0,,OK
TH-02324,2026-06-17,C,20.1,,,,1.75,,,0,,warn
TH-02331,2026-06-17,C,20.1,,,,0.71,,,0,,
TH-02334,2026-06-17,C,20.1,,,,1.21,,,0,,warn
TH-02335,2026-06-17,C,20.1,,,,1.02,,,0,,
TH-02336,2026-06-17,C,20.1,31.2,,,2.03,,,0,,OK
TH-02337,2026-06-17,C,20.1,,,,1.33,,,0,,OK
TH-02339,2026-06-17,C,20.1,,,,1.42,,,0,,OK
TH-02340,2026-06-17,C,20.1,,,,2.06,,,0,,OK
TH-02341,2026-06-17,C,20.1,,,,0.94,,,0,,warn
TH-02342,2026-06-17,C,20.1,,,,0.81,,,0,,OK
TH-02343,2026-06-17,C,20.1,,,,1.36,,,0,,OK
TH-02344,2026-06-17,C,20.1,,,,1.67,,,0,,
TH-02345,2026-06-17,C,20.1,,,,1.57,,,0,,warn
TH-02346,2026-06-17,C,20.1,,,,1.55,,,0,,warn
TH-02347,2026-06-17,C,20.1,,,,1.58,,,0,,
TH-02348,2026-06-17,C,20.1,,,,1.18,,,0,,
TH-02351,2026-06-17,C,20.1,,,,0.93,,,0,,OK
TH-02352,2026-06-17,C,20.1,,,,1.76,,,0,,
TH-02354,2026-06-17,C,20.1,,,,2.0,,,0,,
TH-02355,2026-06-17,C,20.1,,,,-3.9,,,0,,
TH-02357,2026-06-17,C,20.1,,,,1.68,,,0,,
TH-02358,2026-06-17,C,20.1,,,,1.65,,,0,,warn
TH-02359,2026-06-17,C,20.1,,,,1.84,,,0,,OK
TH-02360,2026-06-17,C,20.1,,,,1.45,,,0,,
TH-02361,2026-06-17,C,20.1,,,,1.8,,,0,,OK
TH-02363,2026-06-17,C,20.1,,,,2.16,,,0,,OK
TH-02365,2026-06-17,C,20.1,,,,1.18,,,0,,OK
TH-02371,2026-06-17,C,20.1,,,,1.02,,,0,,OK
TH-02374,2026-06-17,C,20.1,,,50.2,1.87,,,0,,OK
TH-02377,2026-06-17,C,20.1,,,,1.71,,,0,,
TH-02379,2026-06-17,C,20.1,,,,1.99,,,0,,OK
TH-02380,2026-06-17,C,20.1,,,,1.62,,,0,,OK
TH-02381,2026-06-17,C,20.1,,,,1.02,,,0,,
TH-02383,2026-06-17,C,20.1,,,,1.01,,,0,,OK
TH-02384,2026-06-17,C,20.1,,,,0.89,,,0,,
TH-02385,2026-06-17,C,20.1,,,,0.72,,,0,,OK
TH-02387,2026-06-17,C,20.1,,,,1.16,,,0,,OK
TH-02388,2026-06-17,C,20.1,,,,1.66,,,0,,warn
TH-02389,2026-06-17,C,20.1,30.8,,,0.84,,,0,,OK
TH-02393,2026-06-17,C,20.1,,,,1.34,,,0,,
TH-02395,2026-06-17,C,20.1,,,,1.81,,,0,,OK
TH-02396,2026-06-17,C,20.1,,,,1.23,,,0,,
TH-02397,2026-06-17,C,20.1,,,,1.08,,,0,,OK
TH-02398,2026-06-17,C,20.1,,,,1.71,,,0,,warn
TH-02399,2026-06-17,C,20.1,,,,0.85,,,0,,OK
TH-02400,2026-06-17,C,20.1,,,,1.86,,,0,,OK
TH-90000,2026-06-17,C,20.1,,,,6.16,,,0,,OK
TH-90001,2026-06-17,C,20.1,,,,12.06,,,0,,OK
TH-90002,2026-06-17,C,20.1,,,,9.93,,,0,,OK
TH-90003,2026-06-17,C,20.1,,,,13.23,,,0,,OK
TH-90004,2026-06-17,C,20.1,,,,11.27,,,0,,OK
th-02009,2026-06-17,A,20.1,33.4,27.0,49.6,2.08,6.9,14,0,,ok
th-02020,2026-06-17,A,20.1,32.3,27.6,48.1,1.14,4.6,6,0,,ok
th-02023,2026-06-17,A,20.1,31.4,25.3,46.1,1.65,5.2,3,0,,ok
th-02030,2026-06-17,A,20.1,31.7,24.4,51.6,1.33,5.7,14,0,,ok
th-02036,2026-06-17,A,20.1,31.8,26.4,50.4,1.69,6.3,7,0,,ok
th-02062,2026-06-17,A,20.1,32.0,25.7,47.0,2.09,6.6,9,0,,OK
th-02085,2026-06-17,A,20.1,32.4,25.0,46.1,1.46,5.2,8,0,,ok
th-02094,2026-06-17,A,20.1,31.5,26.5,46.6,1.6,6.5,14,0,,ok
th-02097,2026-06-17,A,20.1,32.4,25.9,48.3,2.23,7.0,8,0,,ok
th-02103,2026-06-17,A,20.1,32.3,27.5,46.6,2.22,6.9,3,0,,OK
th-02121,2026-06-17,A,20.1,32.6,25.3,49.8,2.05,6.7,11,0,,OK
th-02134,2026-06-17,A,20.1,30.8,23.9,51.7,1.31,4.7,10,0,,ok
th-02149,2026-06-17,B,20.1,,,,8051.4,,13,0,6021,0
th-02166,2026-06-17,B,20.1,,,,17512.7,,8,0,6021,0
th-02173,2026-06-17,B,20.1,,,,6929.9,,11,0,,0
th-02178,2026-06-17,B,20.1,,,,19473.1,,7,0,6021,0
th-02180,2026-06-17,B,20.1,32.9,25.7,,11580.2,,8,0,,0
th-02185,2026-06-17,B,20.1,,,,25199.2,,11,0,,0
th-02190,2026-06-17,B,20.1,,,,24648.6,,10,0,,0
th-02216,2026-06-17,B,20.1,,,,17138.5,,9,0,,0
th-02243,2026-06-17,B,20.1,,,,11651.5,,8,0,,0
th-02248,2026-06-17,B,20.1,,,,23255.5,,7,0,6021,0
th-02268,2026-06-17,B,20.1,,,,23794.4,,7,0,6021,0
th-02290,2026-06-17,B,20.1,,,,7285.3,,10,0,6021,0
th-02292,2026-06-17,C,20.1,,,,1.03,,,0,,OK
th-02298,2026-06-17,C,20.1,,,,1.13,,,0,,OK
th-02333,2026-06-17,C,20.1,,,,1.68,,,0,,
th-02338,2026-06-17,C,20.1,,,,0.82,,,0,,OK
th-02375,2026-06-17,C,20.1,,,,1.36,,,0,,
 TH-02034,2026-06-18,A,18.4,31.2,26.3,49.2,1.61,5.1,12,0,,OK
 TH-02076,2026-06-18,A,18.4,31.4,26.0,50.1,1.64,6.7,10,0,,ok
 TH-02101,2026-06-18,A,18.4,33.0,26.1,51.2,1.41,5.0,9,0,,ok
 TH-02127,2026-06-18,A,18.4,31.6,24.3,48.5,1.19,4.9,4,0,,ok
 TH-02138,2026-06-18,A,18.4,31.5,24.6,51.0,0.96,3.2,5,0,,OK
 TH-02140,2026-06-18,A,18.4,30.7,24.9,46.7,1.05,3.9,3,0,,OK
 TH-02158,2026-06-18,B,18.4,,,,7042.0,,3,0,,0
 TH-02171,2026-06-18,B,18.4,,,,14048.8,,11,0,,0
 TH-02178,2026-06-18,B,18.4,,,,19474.7,,9,0,,0
 TH-02195,2026-06-18,B,18.4,,,,14809.1,,12,0,,0
 TH-02230,2026-06-18,B,18.4,,,,25597.6,,10,0,6021,0
 TH-02257,2026-06-18,B,18.4,,,,21249.4,,10,0,,0
 TH-02269,2026-06-18,B,18.4,,,,12370.6,,5,0,,0
 TH-02279,2026-06-18,B,18.4,,,,21062.3,,9,0,6021,0
 TH-02281,2026-06-18,B,18.4,,,,4231.3,,6,0,6021,0
 TH-02285,2026-06-18,B,18.4,,,,12796.5,,11,0,6021,0
 TH-02287,2026-06-18,B,18.4,,,,17997.1,,7,0,,0
TH-02001,2026-06-18,A,18.4,33.0,26.9,46.6,1.25,4.5,5,0,,OK
TH-02002,2026-06-18,A,18.4,30.6,23.9,47.6,1.2,3.8,7,0,,OK
TH-02004,2026-06-18,A,18.4,31.1,24.7,53.0,1.48,5.8,11,0,,OK
TH-02005,2026-06-18,A,18.4,31.4,26.2,50.5,1.33,4.9,7,0,,ok
TH-02006,2026-06-18,A,18.4,30.8,24.8,50.3,0.74,3.0,13,0,,OK
TH-02007,2026-06-18,A,18.4,31.8,26.2,46.8,1.08,4.2,11,0,E-317,OK
TH-02008,2026-06-18,A,18.4,31.1,23.8,49.1,1.12,4.1,10,0,,OK
TH-02009,2026-06-18,A,18.4,32.2,26.4,50.6,1.45,4.9,10,0,E-211,OK
TH-02011,2026-06-18,A,18.4,30.6,24.4,51.7,1.86,7.2,2,0,,OK
TH-02012,2026-06-18,A,18.4,32.5,27.0,0,1.83,6.3,10,0,,ok
TH-02015,2026-06-18,A,18.4,31.3,26.6,48.9,1.43,4.9,6,0,,ok
TH-02016,2026-06-18,A,18.4,31.4,23.9,51.7,1.39,4.5,11,0,,ok
TH-02017,2026-06-18,A,18.4,32.6,27.5,46.1,1.53,6.0,7,0,,ok
TH-02019,2026-06-18,A,18.4,31.2,26.3,50.5,0.95,3.6,8,0,,OK
TH-02020,2026-06-18,A,18.4,31.9,25.3,49.3,2.12,7.0,10,0,,ok
TH-02023,2026-06-18,A,18.4,32.6,25.5,48.2,1.71,5.7,9,0,,ok
TH-02025,2026-06-18,A,18.4,32.2,26.7,50.8,2.07,6.8,8,0,,ok
TH-02028,2026-06-18,A,18.4,32.8,28.0,52.3,1.28,5.0,8,0,,OK
TH-02030,2026-06-18,A,18.4,31.4,24.9,47.8,1.59,6.0,12,0,,ok
TH-02032,2026-06-18,A,18.4,31.4,25.3,52.3,1.44,4.5,6,0,,OK
TH-02033,2026-06-18,A,18.4,-999,26.3,48.3,1.73,5.5,10,0,,OK
TH-02035,2026-06-18,A,18.4,33.2,28.5,51.5,2.24,7.4,12,0,,OK
TH-02037,2026-06-18,A,18.4,32.8,28.1,50.3,1.02,4.1,11,0,,OK
TH-02038,2026-06-18,A,18.4,33.2,26.2,49.8,1.51,5.3,11,0,,OK
TH-02040,2026-06-18,A,18.4,31.9,26.9,52.4,1.16,3.8,8,0,,OK
TH-02044,2026-06-18,A,18.4,30.6,24.7,47.0,1.03,3.3,7,0,,OK
TH-02045,2026-06-18,A,18.4,32.8,28.3,52.5,1.57,5.0,10,0,,OK
TH-02046,2026-06-18,A,18.4,32.4,27.5,47.1,1.1,3.6,7,0,,OK
TH-02047,2026-06-18,A,18.4,30.9,24.7,52.6,1.03,3.5,3,0,,ok
TH-02048,2026-06-18,A,18.4,32.4,25.9,52.9,1.3,4.9,9,0,,ok
TH-02049,2026-06-18,A,18.4,33.3,28.4,47.2,1.42,6.1,7,0,,OK
TH-02050,2026-06-18,A,18.4,31.1,25.0,50.6,1.55,6.5,10,0,,OK
TH-02051,2026-06-18,A,18.4,30.8,25.0,46.3,1.1,3.5,6,0,,OK
TH-02052,2026-06-18,A,18.4,32.2,26.5,51.9,2.03,6.6,4,0,,ok
TH-02053,2026-06-18,A,18.4,32.5,25.2,50.4,1.3,5.4,10,0,,OK
TH-02054,2026-06-18,A,18.4,32.3,25.2,50.8,1.77,6.6,9,0,,ok
TH-02055,2026-06-18,A,18.4,32.1,27.1,52.8,1.79,6.9,7,0,,OK
TH-02056,2026-06-18,A,18.4,32.5,27.1,50.8,1.79,6.5,8,0,,OK
TH-02061,2026-06-18,A,18.4,33.4,26.1,52.9,1.63,5.1,6,0,,OK
TH-02063,2026-06-18,A,18.4,33.3,26.1,52.6,1.89,7.0,5,0,,OK
TH-02068,2026-06-18,A,18.4,32.4,26.1,50.5,1.73,6.5,13,0,,ok
TH-02072,2026-06-18,A,18.4,32.8,25.9,51.0,1.23,4.2,8,0,,ok
TH-02073,2026-06-18,A,18.4,31.3,26.6,52.6,1.79,5.7,8,0,,OK
TH-02074,2026-06-18,A,18.4,31.2,26.0,51.8,1.82,6.5,13,0,,OK
TH-02077,2026-06-18,A,18.4,31.1,26.2,48.5,1.27,5.5,8,0,,ok
TH-02078,2026-06-18,A,18.4,31.2,25.4,46.6,1.57,5.3,11,0,,OK
TH-02081,2026-06-18,A,18.4,32.0,24.8,46.9,1.48,6.2,9,0,,OK
TH-02084,2026-06-18,A,18.4,31.8,24.3,52.0,1.14,4.7,8,0,,ok
TH-02086,2026-06-18,A,18.4,30.9,25.7,48.0,0.95,4.1,8,0,,OK
TH-02087,2026-06-18,A,18.4,30.6,23.2,48.6,1.55,6.3,7,0,,OK
TH-02090,2026-06-18,A,18.4,31.8,27.0,52.6,1.49,5.2,13,0,,ok
TH-02091,2026-06-18,A,18.4,33.2,26.9,51.1,1.56,6.8,11,0,,OK
TH-02093,2026-06-18,A,18.4,31.4,24.4,46.9,1.66,6.1,8,0,,OK
TH-02094,2026-06-18,A,18.4,30.7,25.9,52.9,1.32,5.5,6,0,,OK
TH-02095,2026-06-18,A,18.4,33.4,28.5,52.1,1.16,5.0,7,0,,ok
TH-02097,2026-06-18,A,18.4,33.2,26.3,49.6,1.21,5.2,8,0,,OK
TH-02098,2026-06-18,A,18.4,31.2,26.1,48.9,1.39,4.6,5,0,,OK
TH-02099,2026-06-18,A,18.4,32.5,25.3,49.5,1.41,5.2,6,0,,ok
TH-02100,2026-06-18,A,18.4,32.5,27.7,48.2,0.93,3.6,13,0,,ok
TH-02103,2026-06-18,A,18.4,33.5,27.4,48.7,1.92,7.1,8,0,,ok
TH-02109,2026-06-18,A,18.4,32.3,24.9,51.7,1.8,5.6,8,0,,ok
TH-02111,2026-06-18,A,18.4,30.6,23.9,49.1,1.08,4.7,3,0,,ok
TH-02114,2026-06-18,A,18.4,32.1,25.4,46.7,1.93,6.6,6,0,,OK
TH-02121,2026-06-18,A,18.4,32.3,25.4,51.3,1.44,5.7,5,0,E-211,warn
TH-02122,2026-06-18,A,18.4,32.8,28.1,51.3,1.5,5.6,12,0,,OK
TH-02124,2026-06-18,A,18.4,31.5,25.4,52.2,1.16,4.7,8,0,E-211,OK
TH-02126,2026-06-18,A,18.4,32.0,26.4,46.8,1.57,5.1,3,0,,OK
TH-02129,2026-06-18,A,18.4,33.0,25.7,48.3,1.54,6.7,13,0,,ok
TH-02130,2026-06-18,A,18.4,30.8,25.1,51.1,1.35,5.1,14,0,,ok
TH-02132,2026-06-18,A,18.4,32.8,27.2,49.3,1.14,4.3,10,0,,ok
TH-02133,2026-06-18,A,18.4,33.5,26.7,48.7,1.54,5.1,11,0,,OK
TH-02134,2026-06-18,A,18.4,32.6,26.3,49.5,1.67,6.6,7,0,,ok
TH-02135,2026-06-18,A,18.4,32.4,25.4,51.2,1.1,4.8,5,0,,ok
TH-02136,2026-06-18,A,18.4,33.3,27.9,48.0,2.19,7.0,9,0,,OK
TH-02137,2026-06-18,A,18.4,31.2,24.6,46.9,0.9,3.5,16,0,E-104,warn
TH-02139,2026-06-18,A,18.4,32.8,27.6,52.7,1.62,5.9,12,0,,OK
TH-02141,2026-06-18,B,18.4,,,,17145.7,,8,0,,0
TH-02143,2026-06-18,B,18.4,,,,17896.0,,7,0,6021,0
TH-02144,2026-06-18,B,18.4,,,,12916.6,,5,0,,0
TH-02145,2026-06-18,B,18.4,,,,4789.5,,4,0,,0
TH-02146,2026-06-18,B,18.4,,,,24480.9,,6,0,6021,0
TH-02148,2026-06-18,B,18.4,,,,12881.4,,10,0,6021,0
TH-02149,2026-06-18,B,18.4,,,,8052.6,,15,0,,0
TH-02152,2026-06-18,B,18.4,,,,22494.0,,12,0,,0
TH-02153,2026-06-18,B,18.4,,,,19001.5,,8,0,,0
TH-02155,2026-06-18,B,18.4,,,,4465.8,,7,0,6021,0
TH-02160,2026-06-18,B,18.4,,,,14915.8,,6,0,6021,0
TH-02161,2026-06-18,B,18.4,,,,8264.9,,7,0,,0
TH-02162,2026-06-18,B,18.4,,,,14626.5,,6,0,,0
TH-02165,2026-06-18,B,18.4,,,,15084.7,,3,0,6021,0
TH-02166,2026-06-18,B,18.4,,,,17514.2,,8,0,6021,0
TH-02168,2026-06-18,B,18.4,,,,13620.3,,6,0,6021,0
TH-02169,2026-06-18,B,18.4,31.6,25.2,,18440.8,,9,0,6021,0
TH-02170,2026-06-18,B,18.4,,,,11425.0,,9,0,6021,0
TH-02173,2026-06-18,B,18.4,,,,6931.0,,16,0,6021,0
TH-02175,2026-06-18,B,18.4,,,,12033.4,,6,0,6021,0
TH-02177,2026-06-18,B,18.4,,,,12923.9,,11,0,6021,0
TH-02181,2026-06-18,B,18.4,,,,18720.7,,14,0,,0
TH-02182,2026-06-18,B,18.4,,,,20928.0,,11,0,6021,0
TH-02184,2026-06-18,B,18.4,,,,20263.5,,6,0,6021,0
TH-02185,2026-06-18,B,18.4,,,,25200.1,,9,0,7702,2
TH-02187,2026-06-18,B,18.4,,,,13591.4,,11,0,,0
TH-02188,2026-06-18,B,18.4,,,,24461.4,,9,0,,0
TH-02189,2026-06-18,B,18.4,,,,19334.4,,12,0,,0
TH-02192,2026-06-18,B,18.4,,,,23354.0,,9,0,6021,0
TH-02194,2026-06-18,B,18.4,,,,18989.0,,9,0,,0
TH-02196,2026-06-18,B,18.4,,,,25193.8,,4,0,,0
TH-02202,2026-06-18,B,18.4,,,,13795.8,,10,0,,0
TH-02204,2026-06-18,B,18.4,,,,5155.6,,12,0,6021,0
TH-02206,2026-06-18,B,18.4,,,,17369.6,,14,0,1188,2
TH-02207,2026-06-18,B,18.4,,,,13651.5,,5,0,,0
TH-02213,2026-06-18,B,18.4,,,,9297.6,,11,0,,0
TH-02214,2026-06-18,B,18.4,,,,9103.4,,11,0,,0
TH-02216,2026-06-18,B,18.4,,,,17139.6,,8,0,,0
TH-02221,2026-06-18,B,18.4,,,,16170.9,,9,0,,0
TH-02223,2026-06-18,B,18.4,,,,22212.2,,13,0,6021,0
TH-02224,2026-06-18,B,18.4,,,,8734.0,,7,0,,0
TH-02226,2026-06-18,B,18.4,,,,9716.5,,2,0,6021,0
TH-02228,2026-06-18,B,18.4,,,,23914.0,,9,0,6021,0
TH-02231,2026-06-18,B,18.4,,,,7552.5,,11,0,,0
TH-02234,2026-06-18,B,18.4,,,,13263.1,,8,0,6021,0
TH-02235,2026-06-18,B,18.4,,,,22652.9,,2,0,,0
TH-02238,2026-06-18,B,18.4,,,,7744.4,,10,0,,0
TH-02239,2026-06-18,B,18.4,,,,17181.1,,9,0,,0
TH-02240,2026-06-18,B,18.4,,,,8022.8,,2,0,,0
TH-02242,2026-06-18,B,18.4,,,,14314.0,,13,0,,0
TH-02243,2026-06-18,B,18.4,,,,11652.7,,4,0,,0
TH-02245,2026-06-18,B,18.4,,,,14902.9,,8,0,,0
TH-02247,2026-06-18,B,18.4,,,,5452.5,,2,0,6021,0
TH-02248,2026-06-18,B,18.4,,,,23256.9,,9,0,,0
TH-02249,2026-06-18,B,18.4,,,,6869.3,,6,0,,0
TH-02250,2026-06-18,B,18.4,,,,11156.1,,6,0,6021,0
TH-02251,2026-06-18,B,18.4,,,,24425.5,,8,0,,0
TH-02255,2026-06-18,B,18.4,31.4,25.1,,12901.6,,8,0,,0
TH-02258,2026-06-18,B,18.4,,,,10326.2,,7,0,6021,0
TH-02259,2026-06-18,B,18.4,,,,12262.4,,8,0,,0
TH-02260,2026-06-18,B,18.4,,,,7310.3,,7,0,6021,0
TH-02262,2026-06-18,B,18.4,,,,9153.9,,5,0,,0
TH-02265,2026-06-18,B,18.4,,,,22563.3,,12,0,,0
TH-02266,2026-06-18,B,18.4,,,,16084.9,,17,0,,0
TH-02267,2026-06-18,B,18.4,,,,11510.3,,10,0,6021,0
TH-02268,2026-06-18,B,18.4,,,,23795.4,,10,0,3104,2
TH-02270,2026-06-18,B,18.4,30.8,25.0,,21908.5,,13,0,6021,0
TH-02271,2026-06-18,B,18.4,,,,4916.5,,10,0,,0
TH-02272,2026-06-18,B,18.4,,,,24824.1,,7,0,,0
TH-02273,2026-06-18,B,18.4,,,,19779.4,,12,0,6021,0
TH-02275,2026-06-18,B,18.4,,,,12315.3,,11,0,,0
TH-02277,2026-06-18,B,18.4,,,,17854.2,,2,0,6021,0
TH-02278,2026-06-18,B,18.4,,,,14792.5,,10,0,,0
TH-02280,2026-06-18,B,18.4,,,,17689.4,,13,0,6021,0
TH-02283,2026-06-18,B,18.4,,,,21320.1,,10,0,6021,0
TH-02286,2026-06-18,B,18.4,,,,7548.8,,6,0,,0
TH-02288,2026-06-18,B,18.4,,,,5408.6,,10,0,,0
TH-02290,2026-06-18,B,18.4,,,,7287.1,,8,0,,0
th-02021,2026-06-18,A,18.4,32.6,27.4,49.7,0.68,3.0,3,0,,ok
th-02062,2026-06-18,A,18.4,30.7,26.2,52.7,1.57,5.3,11,0,,ok
th-02071,2026-06-18,A,18.4,33.3,26.5,48.0,1.91,7.3,9,0,,OK
th-02075,2026-06-18,A,18.4,31.0,24.3,50.4,1.1,4.0,8,0,,ok
th-02080,2026-06-18,A,18.4,31.1,24.7,52.5,1.86,7.4,10,0,,ok
th-02085,2026-06-18,A,18.4,30.9,24.5,46.8,1.7,5.6,7,0,,ok
th-02112,2026-06-18,A,18.4,32.8,27.8,52.1,1.09,4.0,3,0,,ok
th-02113,2026-06-18,A,18.4,32.0,26.0,46.6,1.56,6.0,11,0,,ok
th-02118,2026-06-18,A,18.4,33.0,28.1,50.7,0.91,3.1,13,0,,OK
th-02120,2026-06-18,A,18.4,31.7,26.5,49.6,1.07,4.1,9,0,,ok
th-02159,2026-06-18,B,18.4,,,,12047.1,,7,0,6021,0
th-02176,2026-06-18,B,18.4,,,,5394.2,,11,0,6021,0
th-02180,2026-06-18,B,18.4,,,,11581.1,,7,0,,0
th-02190,2026-06-18,B,18.4,,,,24650.9,,8,0,,0
th-02215,2026-06-18,B,18.4,,,,18228.8,,11,0,,0
th-02236,2026-06-18,B,18.4,,,,4210.5,,6,0,,0
 TH-02021,2026-06-19,A,19.2,30.9,26.2,49.1,1.03,4.4,10,0,,OK
 TH-02076,2026-06-19,A,19.2,30.6,23.7,47.0,1.18,4.2,13,0,,ok
 TH-02078,2026-06-19,A,19.2,33.2,28.4,49.6,2.07,6.5,8,0,,ok
 TH-02085,2026-06-19,A,19.2,32.3,25.1,47.0,0.85,3.3,9,0,,OK
 TH-02093,2026-06-19,A,19.2,-999,25.4,52.8,1.2,3.9,11,0,,ok
 TH-02133,2026-06-19,A,19.2,32.0,26.9,48.6,1.4,4.6,8,0,,OK
 TH-02145,2026-06-19,B,19.2,,,,4790.9,,11,0,,0
 TH-02149,2026-06-19,B,19.2,,,,8054.5,,8,0,,0
 TH-02171,2026-06-19,B,19.2,,,,14049.6,,15,0,,0
 TH-02177,2026-06-19,B,19.2,,,,12924.7,,8,0,6021,0
 TH-02182,2026-06-19,B,19.2,,,,20929.6,,14,0,6021,0
 TH-02202,2026-06-19,B,19.2,,,,13797.8,,6,0,,0
 TH-02206,2026-06-19,B,19.2,,,,17371.3,,8,0,6021,0
 TH-02215,2026-06-19,B,19.2,,,,18229.8,,9,0,,0
 TH-02221,2026-06-19,B,19.2,,,,16171.8,,9,0,,0
 TH-02266,2026-06-19,B,19.2,,,,16086.2,,7,0,,0
 TH-02268,2026-06-19,B,19.2,,,,23796.4,,12,0,,0
TH-02001,2026-06-19,A,19.2,32.0,26.4,46.6,1.23,4.8,10,0,,ok
TH-02002,2026-06-19,A,19.2,32.6,26.4,52.3,1.58,6.8,10,0,,ok
TH-02004,2026-06-19,A,19.2,32.3,25.0,51.9,0.76,3.3,10,0,,ok
TH-02005,2026-06-19,A,19.2,32.1,27.4,51.3,1.95,6.9,3,0,,ok
TH-02006,2026-06-19,A,19.2,32.1,24.9,50.9,0.9,3.3,8,0,,OK
TH-02007,2026-06-19,A,19.2,32.5,27.5,49.4,1.98,6.3,5,0,,OK
TH-02008,2026-06-19,A,19.2,31.1,24.8,47.7,1.83,7.3,4,0,,ok
TH-02009,2026-06-19,A,19.2,31.0,24.2,51.1,1.43,5.1,10,0,,ok
TH-02011,2026-06-19,A,19.2,31.1,24.7,51.7,1.17,4.2,11,0,,OK
TH-02012,2026-06-19,A,19.2,32.2,26.6,51.4,1.1,3.8,10,0,,OK
TH-02015,2026-06-19,A,19.2,30.8,24.9,51.2,1.58,6.1,9,0,,ok
TH-02016,2026-06-19,A,19.2,31.4,25.6,48.3,1.21,4.2,5,0,,ok
TH-02017,2026-06-19,A,19.2,31.7,24.7,46.9,0.76,3.1,9,0,,ok
TH-02020,2026-06-19,A,19.2,31.3,26.6,50.0,1.7,6.9,11,0,,ok
TH-02023,2026-06-19,A,19.2,32.4,25.2,48.8,1.06,4.6,10,0,,OK
TH-02025,2026-06-19,A,19.2,33.0,26.6,47.7,1.52,4.8,13,0,,OK
TH-02028,2026-06-19,A,19.2,31.0,23.9,46.6,1.36,4.8,4,0,,OK
TH-02030,2026-06-19,A,19.2,32.4,26.6,47.7,1.09,4.5,4,0,,ok
TH-02031,2026-06-19,A,19.2,30.8,23.5,47.3,1.58,5.3,7,0,,ok
TH-02032,2026-06-19,A,19.2,32.6,26.3,49.8,1.94,6.1,4,0,,ok
TH-02033,2026-06-19,A,19.2,32.1,24.8,52.4,1.64,6.5,2,0,,ok
TH-02034,2026-06-19,A,19.2,-999,25.1,48.2,1.31,4.8,13,0,,OK
TH-02035,2026-06-19,A,19.2,32.7,27.7,49.8,1.74,6.8,9,0,,OK
TH-02036,2026-06-19,A,19.2,31.3,26.5,52.1,0.95,3.9,10,0,,ok
TH-02037,2026-06-19,A,19.2,30.8,25.8,48.1,1.19,4.9,8,0,,ok
TH-02044,2026-06-19,A,19.2,32.3,25.1,50.5,0.94,3.2,12,0,,OK
TH-02045,2026-06-19,A,19.2,30.5,25.8,46.1,2.17,6.9,10,0,,OK
TH-02047,2026-06-19,A,19.2,33.0,28.4,51.1,1.13,4.8,9,0,,ok
TH-02048,2026-06-19,A,19.2,32.5,25.8,47.7,1.7,5.8,11,0,,OK
TH-02049,2026-06-19,A,19.2,31.2,26.6,49.2,1.88,6.9,9,0,,ok
TH-02050,2026-06-19,A,19.2,32.2,27.2,48.5,1.71,6.8,7,0,,OK
TH-02051,2026-06-19,A,19.2,31.4,24.0,50.9,1.04,3.4,4,0,,OK
TH-02052,2026-06-19,A,19.2,30.9,25.9,48.3,1.54,5.8,9,0,,OK
TH-02053,2026-06-19,A,19.2,32.1,27.0,47.6,0.77,3.3,9,0,,OK
TH-02054,2026-06-19,A,19.2,32.9,27.8,50.1,1.24,4.9,14,0,,ok
TH-02055,2026-06-19,A,19.2,32.9,25.6,51.0,1.13,4.8,7,0,,OK
TH-02056,2026-06-19,A,19.2,32.2,25.3,50.6,1.65,5.9,9,0,,OK
TH-02061,2026-06-19,A,19.2,32.5,25.5,48.4,1.81,7.0,4,0,,OK
TH-02062,2026-06-19,A,19.2,33.3,27.7,47.1,1.79,6.9,6,0,,ok
TH-02063,2026-06-19,A,19.2,30.7,23.2,48.8,0.81,3.4,9,0,,OK
TH-02065,2026-06-19,A,19.2,33.4,26.4,53.0,1.26,4.0,10,0,,OK
TH-02068,2026-06-19,A,19.2,33.2,28.1,51.3,1.6,6.1,11,0,,ok
TH-02071,2026-06-19,A,19.2,33.1,26.2,46.2,1.84,5.9,16,0,,ok
TH-02072,2026-06-19,A,19.2,33.0,25.7,52.8,1.19,5.2,6,0,,OK
TH-02073,2026-06-19,A,19.2,32.1,25.0,48.4,1.16,3.7,6,0,,OK
TH-02074,2026-06-19,A,19.2,31.7,25.2,48.7,1.3,5.1,6,0,,ok
TH-02075,2026-06-19,A,19.2,31.7,24.5,51.7,1.26,4.0,6,0,,ok
TH-02077,2026-06-19,A,19.2,31.8,26.2,53.0,1.5,6.4,7,0,,ok
TH-02080,2026-06-19,A,19.2,31.5,26.1,52.0,1.12,4.0,13,0,,OK
TH-02081,2026-06-19,A,19.2,30.8,24.2,52.1,0.87,3.3,7,0,,OK
TH-02083,2026-06-19,A,19.2,33.4,26.5,47.3,1.56,6.7,11,0,,ok
TH-02084,2026-06-19,A,19.2,30.9,24.1,51.1,0.83,3.6,8,0,,ok
TH-02086,2026-06-19,A,19.2,31.6,24.4,50.4,1.27,4.9,5,0,,ok
TH-02087,2026-06-19,A,19.2,32.1,25.2,50.8,2.17,7.1,11,0,E-317,OK
TH-02090,2026-06-19,A,19.2,33.2,27.2,48.8,1.79,7.1,10,0,,OK
TH-02091,2026-06-19,A,19.2,33.4,26.9,47.7,1.35,5.8,9,0,,OK
TH-02094,2026-06-19,A,19.2,33.0,27.5,47.1,1.6,6.6,8,0,,OK
TH-02095,2026-06-19,A,19.2,31.4,24.4,48.4,1.25,4.9,12,0,,ok
TH-02097,2026-06-19,A,19.2,30.7,23.4,51.3,1.58,6.8,12,0,,ok
TH-02098,2026-06-19,A,19.2,31.2,25.3,49.7,1.03,3.3,7,0,,OK
TH-02099,2026-06-19,A,19.2,32.3,25.3,50.8,1.35,4.6,3,0,,ok
TH-02100,2026-06-19,A,19.2,32.1,27.1,49.8,1.27,5.4,10,0,,OK
TH-02103,2026-06-19,A,19.2,32.2,26.4,52.4,1.76,6.7,8,0,E-505,warn
TH-02109,2026-06-19,A,19.2,31.2,26.4,51.7,1.87,6.4,5,0,,OK
TH-02111,2026-06-19,A,19.2,32.3,27.6,46.9,1.31,4.2,4,0,,OK
TH-02112,2026-06-19,A,19.2,32.4,27.8,48.5,1.86,7.3,4,0,,OK
TH-02113,2026-06-19,A,19.2,33.1,25.8,46.1,1.66,7.2,14,0,,ok
TH-02114,2026-06-19,A,19.2,31.7,27.2,50.4,0.95,3.2,9,0,,ok
TH-02118,2026-06-19,A,19.2,31.3,25.5,47.0,0.83,3.5,10,0,,ok
TH-02120,2026-06-19,A,19.2,32.7,26.8,51.1,1.85,6.5,6,0,,OK
TH-02121,2026-06-19,A,19.2,30.7,26.1,46.9,1.0,4.3,3,0,,OK
TH-02122,2026-06-19,A,19.2,31.5,26.8,50.8,1.44,6.1,9,0,,ok
TH-02124,2026-06-19,A,19.2,30.6,24.6,52.0,1.4,5.3,9,0,,ok
TH-02126,2026-06-19,A,19.2,32.9,27.9,48.7,0.95,3.4,7,0,,OK
TH-02127,2026-06-19,A,19.2,31.0,23.9,50.6,1.48,5.2,4,0,,ok
TH-02129,2026-06-19,A,19.2,30.7,23.3,52.6,0.79,3.3,8,0,,OK
TH-02130,2026-06-19,A,19.2,30.8,25.9,47.2,1.73,6.2,8,0,,ok
TH-02132,2026-06-19,A,19.2,30.7,24.6,46.1,1.65,6.8,8,0,,OK
TH-02134,2026-06-19,A,19.2,33.5,27.5,48.6,1.41,5.8,10,0,,OK
TH-02135,2026-06-19,A,19.2,33.1,27.1,0,1.03,3.7,8,0,,ok
TH-02136,2026-06-19,A,19.2,32.3,26.8,49.2,1.33,5.8,11,0,,ok
TH-02137,2026-06-19,A,19.2,33.0,28.1,51.5,1.68,5.9,10,0,,OK
TH-02138,2026-06-19,A,19.2,32.2,25.2,46.5,1.59,5.8,6,0,,ok
TH-02139,2026-06-19,A,19.2,32.0,25.2,48.1,1.54,6.3,10,0,,ok
TH-02140,2026-06-19,A,19.2,-999,23.6,52.6,1.69,6.3,6,0,E-104,warn
TH-02141,2026-06-19,B,19.2,,,,17147.2,,5,0,6021,0
TH-02143,2026-06-19,B,19.2,,,,17897.7,,12,0,6021,0
TH-02144,2026-06-19,B,19.2,,,,12918.4,,11,0,,0
TH-02148,2026-06-19,B,19.2,,,,12882.8,,10,0,,0
TH-02152,2026-06-19,B,19.2,,,,22495.9,,10,0,6021,0
TH-02155,2026-06-19,B,19.2,,,,4467.8,,4,0,6021,0
TH-02158,2026-06-19,B,19.2,,,,7043.8,,6,0,6021,0
TH-02159,2026-06-19,B,19.2,,,,12048.1,,7,0,6021,0
TH-02160,2026-06-19,B,19.2,,,,14916.9,,9,0,6021,0
TH-02161,2026-06-19,B,19.2,,,,8266.4,,11,0,,0
TH-02162,2026-06-19,B,19.2,,,,14628.4,,8,0,,0
TH-02166,2026-06-19,B,19.2,,,,17515.9,,9,0,3104,2
TH-02168,2026-06-19,B,19.2,,,,13621.5,,7,0,6021,0
TH-02169,2026-06-19,B,19.2,,,,18441.9,,10,0,,0
TH-02170,2026-06-19,B,19.2,,,,11426.5,,11,0,,0
TH-02173,2026-06-19,B,19.2,,,,6932.7,,7,0,,0
TH-02175,2026-06-19,B,19.2,,,,12034.8,,6,0,6021,0
TH-02176,2026-06-19,B,19.2,,,,5395.3,,9,0,,0
TH-02178,2026-06-19,B,19.2,,,,19476.1,,11,0,,0
TH-02180,2026-06-19,B,19.2,,,,11582.9,,9,0,6021,0
TH-02181,2026-06-19,B,19.2,,,,18722.0,,11,0,,0
TH-02184,2026-06-19,B,19.2,,,,20264.9,,9,0,,0
TH-02185,2026-06-19,B,19.2,,,,25201.5,,11,0,6021,0
TH-02187,2026-06-19,B,19.2,,,,13593.6,,7,0,6021,0
TH-02188,2026-06-19,B,19.2,,,,24462.9,,7,0,6021,0
TH-02189,2026-06-19,B,19.2,,,,19335.5,,4,0,,0
TH-02190,2026-06-19,B,19.2,,,,24651.7,,7,0,6021,0
TH-02192,2026-06-19,B,19.2,,,,23355.8,,9,0,6021,0
TH-02194,2026-06-19,B,19.2,,,,18990.6,,12,0,,0
TH-02195,2026-06-19,B,19.2,,,,14809.9,,8,0,,0
TH-02196,2026-06-19,B,19.2,,,,25194.6,,13,0,,0
TH-02207,2026-06-19,B,19.2,31.1,24.0,,13653.5,,3,0,,0
TH-02214,2026-06-19,B,19.2,,,,9104.3,,2,0,6021,0
TH-02216,2026-06-19,B,19.2,,,,17141.0,,3,0,6021,0
TH-02223,2026-06-19,B,19.2,,,,22213.7,,8,0,7702,2
TH-02224,2026-06-19,B,19.2,,,,8735.2,,8,0,,0
TH-02226,2026-06-19,B,19.2,,,,9718.1,,11,0,6021,0
TH-02228,2026-06-19,B,19.2,,,,23915.4,,4,0,,0
TH-02230,2026-06-19,B,19.2,,,,25599.5,,9,0,6021,0
TH-02231,2026-06-19,B,19.2,,,,7553.5,,8,0,6021,0
TH-02234,2026-06-19,B,19.2,,,,13264.6,,16,0,7702,2
TH-02235,2026-06-19,B,19.2,,,,22654.2,,7,0,,0
TH-02236,2026-06-19,B,19.2,,,,4212.0,,8,0,6021,0
TH-02238,2026-06-19,B,19.2,,,,7746.4,,9,0,6021,0
TH-02239,2026-06-19,B,19.2,,,,17182.9,,5,0,7702,2
TH-02240,2026-06-19,B,19.2,,,,8024.2,,9,0,,0
TH-02242,2026-06-19,B,19.2,,,,14315.5,,10,0,,0
TH-02243,2026-06-19,B,19.2,,,,11654.0,,8,0,6021,0
TH-02245,2026-06-19,B,19.2,,,,14905.1,,8,0,6021,0
TH-02246,2026-06-19,B,19.2,,,,15926.3,,7,0,,0
TH-02247,2026-06-19,B,19.2,,,,5453.8,,8,0,6021,0
TH-02248,2026-06-19,B,19.2,,,,23257.9,,14,0,,0
TH-02249,2026-06-19,B,19.2,,,,6870.4,,9,0,6021,0
TH-02251,2026-06-19,B,19.2,,,,24427.6,,8,0,6021,0
TH-02255,2026-06-19,B,19.2,,,,12903.2,,9,0,6021,0
TH-02256,2026-06-19,B,19.2,33.1,27.0,,7821.6,,8,0,,0
TH-02257,2026-06-19,B,19.2,,,,21251.0,,8,0,,0
TH-02258,2026-06-19,B,19.2,,,,10327.5,,9,0,6021,0
TH-02259,2026-06-19,B,19.2,,,,12263.6,,12,0,,0
TH-02260,2026-06-19,B,19.2,,,,7312.6,,5,0,6021,0
TH-02262,2026-06-19,B,19.2,,,,9154.9,,7,0,6021,0
TH-02265,2026-06-19,B,19.2,,,,22564.9,,8,0,,0
TH-02267,2026-06-19,B,19.2,,,,11511.7,,11,0,6021,0
TH-02269,2026-06-19,B,19.2,,,,12372.2,,14,0,,0
TH-02271,2026-06-19,B,19.2,,,,4918.3,,6,0,,0
TH-02272,2026-06-19,B,19.2,,,,24825.4,,5,0,,0
TH-02273,2026-06-19,B,19.2,,,,19780.9,,6,0,,0
TH-02275,2026-06-19,B,19.2,,,,12316.8,,8,0,6021,0
TH-02277,2026-06-19,B,19.2,,,,17855.9,,10,0,7702,2
TH-02278,2026-06-19,B,19.2,,,,14793.4,,9,0,,0
TH-02279,2026-06-19,B,19.2,,,,21063.7,,11,0,,0
TH-02280,2026-06-19,B,19.2,,,,17690.9,,9,0,6021,0
TH-02281,2026-06-19,B,19.2,,,,4233.0,,8,0,,0
TH-02283,2026-06-19,B,19.2,,,,21321.7,,7,0,,0
TH-02285,2026-06-19,B,19.2,,,,12798.7,,9,0,,0
TH-02286,2026-06-19,B,19.2,,,,7550.0,,15,0,,0
TH-02288,2026-06-19,B,19.2,,,,5409.6,,8,0,6021,0
TH-02290,2026-06-19,B,19.2,,,,7288.9,,11,0,6021,0
th-02019,2026-06-19,A,19.2,32.6,26.6,48.5,1.15,4.2,4,0,,ok
th-02038,2026-06-19,A,19.2,32.2,27.5,52.2,1.52,4.8,5,0,,ok
th-02046,2026-06-19,A,19.2,32.4,27.0,52.5,1.12,4.0,14,0,,OK
th-02125,2026-06-19,A,19.2,31.4,24.2,50.8,1.13,4.3,8,0,,OK
th-02146,2026-06-19,B,19.2,,,,24482.1,,9,0,6021,0
th-02153,2026-06-19,B,19.2,,,,19003.2,,16,0,6021,0
th-02204,2026-06-19,B,19.2,,,,5156.7,,9,0,,0
th-02213,2026-06-19,B,19.2,,,,9298.8,,8,0,,0
th-02244,2026-06-19,B,19.2,,,,16848.8,,7,0,6021,0
th-02250,2026-06-19,B,19.2,,,,11157.3,,10,0,,0
th-02270,2026-06-19,B,19.2,,,,21909.4,,9,0,,0
th-02287,2026-06-19,B,19.2,,,,17998.7,,8,0,,0
 TH-02002,2026-06-20,A,20.6,32.0,27.2,50.8,0.9,3.9,10,0,,OK
 TH-02009,2026-06-20,A,20.6,32.1,27.3,49.8,1.75,5.5,9,0,,OK
 TH-02049,2026-06-20,A,20.6,33.3,26.0,51.5,1.13,4.8,9,0,,ok
 TH-02061,2026-06-20,A,20.6,33.0,27.0,53.0,1.19,4.4,7,0,,ok
 TH-02071,2026-06-20,A,20.6,32.0,24.6,52.4,1.67,5.6,5,0,,OK
 TH-02084,2026-06-20,A,20.6,33.5,28.7,50.2,1.31,4.2,5,0,,OK
 TH-02133,2026-06-20,A,20.6,33.4,26.2,52.3,1.08,4.3,7,0,,OK
 TH-02140,2026-06-20,A,20.6,30.9,25.7,50.9,1.84,6.5,3,0,,ok
 TH-02165,2026-06-20,B,20.6,,,,15085.9,,13,0,6021,0
 TH-02204,2026-06-20,B,20.6,,,,5158.7,,14,0,,0
 TH-02234,2026-06-20,B,20.6,32.9,27.1,,13266.2,,8,0,6021,0
 TH-02265,2026-06-20,B,20.6,,,,22566.3,,11,0,,0
 TH-02266,2026-06-20,B,20.6,,,,16087.5,,4,0,,0
 TH-02279,2026-06-20,B,20.6,,,,21065.7,,8,0,,0
TH-02001,2026-06-20,A,20.6,32.1,26.9,52.5,1.09,3.9,10,0,E-317,warn
TH-02004,2026-06-20,A,20.6,33.1,27.1,49.8,1.52,4.8,6,0,,ok
TH-02005,2026-06-20,A,20.6,31.6,26.3,52.1,1.73,5.8,5,0,,ok
TH-02006,2026-06-20,A,20.6,31.2,24.6,52.6,1.56,4.9,5,0,,OK
TH-02007,2026-06-20,A,20.6,33.1,27.2,49.8,1.9,7.3,5,0,,ok
TH-02008,2026-06-20,A,20.6,31.7,27.0,47.9,1.62,5.9,8,0,,ok
TH-02011,2026-06-20,A,20.6,32.9,27.4,51.3,0.98,3.3,13,0,,ok
TH-02012,2026-06-20,A,20.6,30.6,23.5,52.9,1.06,4.5,12,0,,ok
TH-02015,2026-06-20,A,20.6,31.3,26.8,49.1,1.34,4.2,7,0,E-505,OK
TH-02016,2026-06-20,A,20.6,32.6,26.8,50.7,1.54,6.4,7,0,,OK
TH-02017,2026-06-20,A,20.6,30.8,24.6,49.2,1.69,6.9,10,0,,ok
TH-02019,2026-06-20,A,20.6,31.6,26.3,49.8,1.96,7.4,11,0,,OK
TH-02020,2026-06-20,A,20.6,30.6,25.9,47.2,0.96,4.2,11,0,,ok
TH-02021,2026-06-20,A,20.6,33.0,26.6,47.2,1.49,6.3,7,0,,ok
TH-02023,2026-06-20,A,20.6,30.7,25.5,46.3,1.95,7.2,13,0,,ok
TH-02025,2026-06-20,A,20.6,31.6,26.3,52.6,0.75,3.0,11,0,,ok
TH-02028,2026-06-20,A,20.6,31.6,24.3,49.1,2.02,6.9,10,0,,ok
TH-02030,2026-06-20,A,20.6,31.0,26.4,49.6,1.92,7.1,14,0,,ok
TH-02031,2026-06-20,A,20.6,30.6,24.3,51.4,2.3,7.4,8,0,,OK
TH-02032,2026-06-20,A,20.6,32.5,25.5,46.7,1.33,4.6,10,0,,OK
TH-02033,2026-06-20,A,20.6,32.8,25.5,49.2,0.84,3.5,6,0,,ok
TH-02034,2026-06-20,A,20.6,30.7,24.1,49.2,0.89,3.9,8,0,,OK
TH-02035,2026-06-20,A,20.6,30.9,25.2,49.0,0.77,3.2,7,0,,OK
TH-02037,2026-06-20,A,20.6,30.9,25.1,47.7,1.35,5.9,5,0,,OK
TH-02038,2026-06-20,A,20.6,31.3,25.2,49.7,1.14,5.0,7,0,,OK
TH-02040,2026-06-20,A,20.6,33.2,26.9,47.3,2.01,7.5,7,0,,ok
TH-02044,2026-06-20,A,20.6,31.8,26.6,47.7,1.68,6.2,5,0,,OK
TH-02046,2026-06-20,A,20.6,32.6,27.4,47.3,1.52,5.2,5,0,,OK
TH-02047,2026-06-20,A,20.6,31.6,24.7,50.7,2.12,6.8,9,0,,OK
TH-02048,2026-06-20,A,20.6,32.1,25.4,52.8,1.87,6.0,10,0,,ok
TH-02050,2026-06-20,A,20.6,33.3,27.8,50.2,1.19,4.8,6,0,,ok
TH-02051,2026-06-20,A,20.6,31.7,26.1,51.2,1.38,4.8,7,0,,ok
TH-02052,2026-06-20,A,20.6,32.7,27.4,52.1,0.74,3.1,8,0,,ok
TH-02054,2026-06-20,A,20.6,31.7,26.3,46.9,1.1,3.9,17,0,,OK
TH-02055,2026-06-20,A,20.6,33.3,27.6,50.5,1.39,5.8,10,0,,OK
TH-02056,2026-06-20,A,20.6,32.4,26.8,49.1,2.06,7.0,7,0,,OK
TH-02062,2026-06-20,A,20.6,32.9,26.9,52.8,1.11,4.7,10,0,,ok
TH-02063,2026-06-20,A,20.6,31.1,24.0,47.0,1.49,4.9,11,0,,OK
TH-02065,2026-06-20,A,20.6,31.2,24.2,49.1,1.96,6.1,9,0,,OK
TH-02068,2026-06-20,A,20.6,32.6,28.0,52.8,1.06,4.3,7,0,,OK
TH-02072,2026-06-20,A,20.6,31.4,24.4,50.5,1.81,6.9,12,0,,OK
TH-02073,2026-06-20,A,20.6,31.6,25.9,51.6,1.87,6.1,12,0,,ok
TH-02074,2026-06-20,A,20.6,30.7,24.2,52.0,1.06,3.7,9,0,,OK
TH-02075,2026-06-20,A,20.6,31.1,25.5,46.6,1.71,7.3,12,0,,ok
TH-02078,2026-06-20,A,20.6,33.3,26.7,51.5,1.3,5.0,7,0,,ok
TH-02080,2026-06-20,A,20.6,31.3,25.2,50.1,1.83,6.5,10,0,,ok
TH-02081,2026-06-20,A,20.6,30.9,24.4,47.8,1.44,5.1,9,0,,ok
TH-02083,2026-06-20,A,20.6,32.2,26.4,49.4,1.18,4.2,11,0,,OK
TH-02086,2026-06-20,A,20.6,31.3,25.2,48.4,0.87,3.3,15,0,,OK
TH-02087,2026-06-20,A,20.6,33.1,26.2,51.5,1.07,4.4,8,0,,ok
TH-02090,2026-06-20,A,20.6,32.8,26.5,48.8,0.89,3.9,11,0,,ok
TH-02091,2026-06-20,A,20.6,32.1,26.9,50.2,1.12,3.8,13,0,,OK
TH-02093,2026-06-20,A,20.6,31.3,26.0,52.1,0.97,3.9,12,0,,ok
TH-02094,2026-06-20,A,20.6,32.0,24.7,46.8,1.76,6.8,6,0,,OK
TH-02095,2026-06-20,A,20.6,32.0,27.0,47.4,1.43,6.0,6,0,,OK
TH-02097,2026-06-20,A,20.6,32.2,25.8,52.1,0.75,3.1,2,0,,ok
TH-02098,2026-06-20,A,20.6,33.1,26.4,51.7,1.13,3.9,11,0,,OK
TH-02099,2026-06-20,A,20.6,32.9,27.9,49.3,1.66,6.5,8,0,,OK
TH-02101,2026-06-20,A,20.6,32.2,25.3,52.1,1.78,7.2,10,0,,ok
TH-02109,2026-06-20,A,20.6,31.5,25.6,49.3,1.64,5.9,2,0,,ok
TH-02111,2026-06-20,A,20.6,30.9,26.3,52.5,0.92,3.5,8,0,,OK
TH-02112,2026-06-20,A,20.6,31.7,25.6,46.9,1.54,5.7,7,0,,OK
TH-02114,2026-06-20,A,20.6,31.1,24.1,52.3,2.34,7.4,9,0,,ok
TH-02120,2026-06-20,A,20.6,33.0,25.7,50.7,1.11,4.1,7,0,,ok
TH-02121,2026-06-20,A,20.6,30.8,23.4,47.7,0.89,3.6,5,0,,ok
TH-02122,2026-06-20,A,20.6,32.4,26.2,46.1,2.18,7.1,7,0,,OK
TH-02124,2026-06-20,A,20.6,31.9,25.8,47.2,0.95,3.4,11,0,,OK
TH-02126,2026-06-20,A,20.6,31.2,26.4,49.0,0.76,3.1,4,0,,OK
TH-02129,2026-06-20,A,20.6,31.4,26.4,47.6,1.21,4.1,8,0,,OK
TH-02130,2026-06-20,A,20.6,32.2,24.8,46.3,0.91,3.8,8,0,,ok
TH-02132,2026-06-20,A,20.6,31.6,26.8,48.3,1.29,4.2,9,0,,OK
TH-02134,2026-06-20,A,20.6,33.1,27.7,49.1,2.08,6.7,6,0,,ok
TH-02135,2026-06-20,A,20.6,32.7,27.9,52.3,0.77,3.2,2,0,,OK
TH-02136,2026-06-20,A,20.6,32.2,25.2,49.6,1.6,6.0,7,0,,ok
TH-02137,2026-06-20,A,20.6,31.0,26.4,50.8,1.01,3.4,9,0,,ok
TH-02138,2026-06-20,A,20.6,33.1,27.6,52.0,1.39,5.7,7,0,,OK
TH-02139,2026-06-20,A,20.6,33.2,27.8,51.2,1.65,6.0,4,0,,OK
TH-02141,2026-06-20,B,20.6,,,,17148.7,,13,0,,0
TH-02143,2026-06-20,B,20.6,,,,17899.3,,10,0,,0
TH-02144,2026-06-20,B,20.6,,,,12920.6,,8,0,,0
TH-02145,2026-06-20,B,20.6,,,,4791.7,,4,0,,0
TH-02146,2026-06-20,B,20.6,,,,24482.9,,11,0,,0
TH-02148,2026-06-20,B,20.6,,,,12883.9,,7,0,,0
TH-02149,2026-06-20,B,20.6,,,,8056.5,,10,0,,0
TH-02152,2026-06-20,B,20.6,,,,22497.6,,8,0,,0
TH-02153,2026-06-20,B,20.6,,,,19004.9,,12,0,,0
TH-02155,2026-06-20,B,20.6,,,,4469.2,,13,0,6021,0
TH-02158,2026-06-20,B,20.6,,,,7045.8,,10,0,,0
TH-02160,2026-06-20,B,20.6,,,,14918.0,,11,0,,0
TH-02161,2026-06-20,B,20.6,,,,8268.4,,12,0,,0
TH-02162,2026-06-20,B,20.6,,,,14630.5,,13,0,6021,0
TH-02168,2026-06-20,B,20.6,,,,13622.6,,11,0,6021,0
TH-02169,2026-06-20,B,20.6,,,,18442.8,,8,0,6021,0
TH-02170,2026-06-20,B,20.6,,,,11428.0,,5,0,,0
TH-02171,2026-06-20,B,20.6,,,,14051.3,,7,0,,0
TH-02173,2026-06-20,B,20.6,,,,6933.7,,13,0,,0
TH-02175,2026-06-20,B,20.6,,,,12035.7,,8,0,,0
TH-02176,2026-06-20,B,20.6,,,,5396.3,,11,0,,0
TH-02177,2026-06-20,B,20.6,,,,12926.8,,11,0,,0
TH-02178,2026-06-20,B,20.6,,,,19477.9,,12,0,,0
TH-02180,2026-06-20,B,20.6,,,,11584.5,,9,0,6021,0
TH-02181,2026-06-20,B,20.6,,,,18723.3,,10,0,,0
TH-02182,2026-06-20,B,20.6,,,,20931.8,,8,0,,0
TH-02184,2026-06-20,B,20.6,,,,20266.8,,9,0,,0
TH-02185,2026-06-20,B,20.6,32.1,26.9,,25203.3,,4,0,6021,0
TH-02187,2026-06-20,B,20.6,,,,13595.6,,7,0,,0
TH-02188,2026-06-20,B,20.6,,,,24464.8,,14,0,6021,0
TH-02189,2026-06-20,B,20.6,,,,19336.8,,7,0,6021,0
TH-02190,2026-06-20,B,20.6,,,,24653.1,,7,0,,0
TH-02192,2026-06-20,B,20.6,,,,23357.5,,15,0,6021,0
TH-02194,2026-06-20,B,20.6,,,,18991.9,,8,0,6021,0
TH-02196,2026-06-20,B,20.6,,,,25196.0,,4,0,,0
TH-02202,2026-06-20,B,20.6,,,,13798.6,,8,0,,0
TH-02206,2026-06-20,B,20.6,,,,17373.0,,7,0,,0
TH-02207,2026-06-20,B,20.6,,,,13655.2,,12,0,6021,0
TH-02213,2026-06-20,B,20.6,,,,9300.8,,13,0,,0
TH-02214,2026-06-20,B,20.6,,,,9105.9,,14,0,6021,0
TH-02215,2026-06-20,B,20.6,,,,18230.9,,10,0,,0
TH-02223,2026-06-20,B,20.6,,,,22215.6,,7,0,,0
TH-02224,2026-06-20,B,20.6,,,,8736.5,,3,0,,0
TH-02226,2026-06-20,B,20.6,,,,9718.9,,9,0,,0
TH-02228,2026-06-20,B,20.6,,,,23916.9,,10,0,,0
TH-02230,2026-06-20,B,20.6,,,,25600.8,,5,0,,0
TH-02231,2026-06-20,B,20.6,,,,7554.9,,4,0,,0
TH-02235,2026-06-20,B,20.6,,,,22655.6,,6,0,,0
TH-02240,2026-06-20,B,20.6,,,,8025.7,,14,0,,0
TH-02242,2026-06-20,B,20.6,,,,14317.2,,4,0,,0
TH-02243,2026-06-20,B,20.6,,,,11654.9,,9,0,6021,0
TH-02244,2026-06-20,B,20.6,,,,16850.3,,9,0,,0
TH-02245,2026-06-20,B,20.6,,,,14906.1,,9,0,,0
TH-02248,2026-06-20,B,20.6,,,,23259.2,,4,0,6021,0
TH-02249,2026-06-20,B,20.6,,,,6872.3,,10,0,,0
TH-02250,2026-06-20,B,20.6,,,,11158.6,,5,0,,0
TH-02251,2026-06-20,B,20.6,,,,24429.6,,10,0,,0
TH-02255,2026-06-20,B,20.6,,,,12905.2,,8,0,,0
TH-02256,2026-06-20,B,20.6,,,,7823.4,,5,0,,0
TH-02257,2026-06-20,B,20.6,,,,21252.4,,8,0,,0
TH-02258,2026-06-20,B,20.6,,,,10328.5,,11,0,,0
TH-02259,2026-06-20,B,20.6,,,,12265.4,,12,0,,0
TH-02260,2026-06-20,B,20.6,,,,7314.4,,12,0,,0
TH-02262,2026-06-20,B,20.6,,,,9156.4,,9,0,6021,0
TH-02267,2026-06-20,B,20.6,,,,11513.2,,7,0,,0
TH-02268,2026-06-20,B,20.6,,,,23797.7,,4,0,6021,0
TH-02269,2026-06-20,B,20.6,,,,12373.0,,7,0,6021,0
TH-02270,2026-06-20,B,20.6,,,,21910.4,,2,0,,0
TH-02272,2026-06-20,B,20.6,,,,24827.0,,8,0,6021,0
TH-02273,2026-06-20,B,20.6,,,,19782.7,,9,0,6021,0
TH-02275,2026-06-20,B,20.6,,,,12317.9,,10,0,,0
TH-02277,2026-06-20,B,20.6,,,,17857.4,,9,0,,0
TH-02278,2026-06-20,B,20.6,,,,14795.0,,9,0,6021,0
TH-02280,2026-06-20,B,20.6,,,,17692.0,,13,0,,0
TH-02281,2026-06-20,B,20.6,,,,4234.2,,7,0,,0
TH-02283,2026-06-20,B,20.6,,,,21323.1,,9,0,6021,0
TH-02285,2026-06-20,B,20.6,,,,12800.8,,7,0,6021,0
TH-02286,2026-06-20,B,20.6,33.4,26.4,,7551.6,,9,0,,0
TH-02288,2026-06-20,B,20.6,,,,5411.1,,7,0,6021,0
TH-02290,2026-06-20,B,20.6,,,,7290.4,,10,0,,0
th-02036,2026-06-20,A,20.6,32.0,24.9,47.1,0.98,4.0,6,0,,ok
th-02045,2026-06-20,A,20.6,32.1,27.0,46.8,1.6,6.6,7,0,,OK
th-02053,2026-06-20,A,20.6,32.3,27.1,46.5,0.87,3.8,6,0,E-211,ok
th-02076,2026-06-20,A,20.6,32.9,26.7,49.9,1.48,5.5,7,0,,OK
th-02077,2026-06-20,A,20.6,32.7,26.7,50.0,0.99,4.1,14,0,,ok
th-02085,2026-06-20,A,20.6,30.7,24.0,49.7,1.52,5.8,8,0,,ok
th-02100,2026-06-20,A,20.6,32.6,27.0,51.2,1.3,5.4,7,0,,ok
th-02103,2026-06-20,A,20.6,33.1,27.2,0,1.27,5.2,7,0,,OK
th-02113,2026-06-20,A,20.6,33.0,28.0,47.3,2.04,6.9,12,0,,OK
th-02118,2026-06-20,A,20.6,33.1,26.1,52.3,0.71,3.1,7,0,E-104,OK
th-02125,2026-06-20,A,20.6,32.4,26.7,51.2,1.67,6.3,4,0,,OK
th-02127,2026-06-20,A,20.6,32.0,26.8,50.5,1.64,6.9,7,0,,ok
th-02159,2026-06-20,B,20.6,,,,12049.9,,6,0,,0
th-02166,2026-06-20,B,20.6,,,,17516.7,,10,0,6021,0
th-02216,2026-06-20,B,20.6,,,,17142.0,,12,0,,0
th-02221,2026-06-20,B,20.6,,,,16173.6,,6,0,6021,0
th-02236,2026-06-20,B,20.6,,,,4213.6,,5,0,6021,0
th-02238,2026-06-20,B,20.6,,,,7747.5,,3,0,,0
th-02239,2026-06-20,B,20.6,33.0,26.4,,17184.7,,10,0,6021,0
th-02246,2026-06-20,B,20.6,,,,15927.3,,10,0,,0
th-02247,2026-06-20,B,20.6,,,,5455.6,,4,0,,0
th-02287,2026-06-20,B,20.6,,,,18000.3,,13,0,6021,0
 TH-02033,2026-06-21,A,11.1,34.4,27.4,48.2,4.59,19.8,8,0,,OK
 TH-02046,2026-06-21,A,11.1,34.1,28.6,50.6,3.72,14.8,5,0,,ok
 TH-02050,2026-06-21,A,11.1,34.2,28.6,50.1,4.35,15.7,9,0,,ok
 TH-02054,2026-06-21,A,11.1,34.3,29.2,48.6,3.45,12.8,6,0,,ok
 TH-02099,2026-06-21,A,11.1,36.5,30.9,51.4,4.39,16.9,8,0,,OK
 TH-02112,2026-06-21,A,11.1,35.2,28.0,47.4,4.96,18.0,10,0,,OK
 TH-02118,2026-06-21,A,11.1,35.6,31.0,48.4,3.93,16.3,12,0,,OK
 TH-02173,2026-06-21,B,11.1,34.4,27.0,,6937.6,,9,0,,0
 TH-02182,2026-06-21,B,11.1,,,,20935.6,,5,0,,0
 TH-02188,2026-06-21,B,11.1,,,,24469.2,,8,0,,0
 TH-02195,2026-06-21,B,11.1,,,,14814.5,,5,0,,0
 TH-02214,2026-06-21,B,11.1,,,,9110.5,,6,0,,0
 TH-02239,2026-06-21,B,11.1,,,,17191.2,,13,0,6021,0
 TH-02268,2026-06-21,B,11.1,,,,23802.0,,7,0,6021,0
 TH-02277,2026-06-21,B,11.1,,,,17861.0,,12,0,,0
 TH-02286,2026-06-21,B,11.1,,,,7557.3,,7,0,6021,0
TH-02001,2026-06-21,A,11.1,36.5,29.8,52.1,4.9,17.7,6,0,,ok
TH-02002,2026-06-21,A,11.1,36.3,30.2,47.3,5.18,18.8,14,0,E-505,ok
TH-02004,2026-06-21,A,11.1,35.0,28.2,48.5,3.41,14.3,7,0,,ok
TH-02005,2026-06-21,A,11.1,34.4,27.1,48.7,4.91,18.9,7,0,,OK
TH-02006,2026-06-21,A,11.1,35.9,30.6,51.2,4.81,20.9,10,0,,OK
TH-02007,2026-06-21,A,11.1,36.8,31.0,48.0,4.61,15.3,11,0,,ok
TH-02008,2026-06-21,A,11.1,34.2,28.2,47.3,5.58,17.5,7,0,,OK
TH-02009,2026-06-21,A,11.1,34.9,29.6,51.9,4.28,17.4,11,0,,OK
TH-02011,2026-06-21,A,11.1,36.1,30.9,50.2,3.93,15.1,12,0,E-317,ok
TH-02015,2026-06-21,A,11.1,34.1,27.7,50.2,5.06,16.3,13,0,,ok
TH-02016,2026-06-21,A,11.1,35.7,28.6,47.6,5.04,16.4,9,0,,ok
TH-02020,2026-06-21,A,11.1,35.6,30.1,49.0,6.76,21.0,11,0,,ok
TH-02028,2026-06-21,A,11.1,35.3,30.3,52.4,3.57,15.1,8,0,,ok
TH-02030,2026-06-21,A,11.1,33.6,26.3,47.4,3.84,16.9,5,0,,ok
TH-02032,2026-06-21,A,11.1,33.5,27.6,51.1,4.15,16.3,6,0,,ok
TH-02034,2026-06-21,A,11.1,34.0,28.2,46.5,4.43,15.3,10,0,,ok
TH-02035,2026-06-21,A,11.1,35.8,28.6,51.0,4.62,15.9,13,0,,ok
TH-02036,2026-06-21,A,11.1,34.2,27.4,52.6,5.66,22.1,9,0,,ok
TH-02038,2026-06-21,A,11.1,34.1,27.6,48.9,4.14,17.2,10,0,,OK
TH-02040,2026-06-21,A,11.1,34.9,29.3,49.4,5.38,19.3,14,0,,ok
TH-02044,2026-06-21,A,11.1,35.9,30.7,51.5,3.36,13.8,14,0,,ok
TH-02045,2026-06-21,A,11.1,36.4,31.4,51.5,4.99,17.1,11,0,,ok
TH-02047,2026-06-21,A,11.1,34.1,29.3,48.0,4.85,16.2,5,0,,OK
TH-02049,2026-06-21,A,11.1,35.6,28.2,51.8,4.8,16.2,7,0,,ok
TH-02051,2026-06-21,A,11.1,36.3,30.7,48.6,4.76,15.2,4,0,,ok
TH-02052,2026-06-21,A,11.1,33.7,29.2,49.3,3.35,14.2,12,0,,ok
TH-02053,2026-06-21,A,11.1,34.5,27.8,47.3,4.56,17.0,10,0,,ok
TH-02055,2026-06-21,A,11.1,35.7,28.6,52.7,3.75,14.4,6,0,,OK
TH-02056,2026-06-21,A,11.1,35.1,27.6,51.1,5.52,17.9,14,0,,ok
TH-02061,2026-06-21,A,11.1,35.0,30.2,47.9,5.14,17.3,11,0,,ok
TH-02062,2026-06-21,A,11.1,34.1,27.9,50.9,5.81,21.3,3,0,E-317,OK
TH-02063,2026-06-21,A,11.1,36.2,30.3,48.1,4.47,15.1,12,0,,ok
TH-02065,2026-06-21,A,11.1,36.7,30.2,49.7,4.85,19.1,8,0,,OK
TH-02068,2026-06-21,A,11.1,33.6,27.7,47.7,4.22,15.9,11,0,,OK
TH-02071,2026-06-21,A,11.1,36.4,29.7,47.1,5.33,20.1,13,0,,ok
TH-02072,2026-06-21,A,11.1,35.2,29.4,52.0,3.44,14.9,3,0,,ok
TH-02073,2026-06-21,A,11.1,34.2,28.1,51.9,4.89,19.8,7,0,,OK
TH-02074,2026-06-21,A,11.1,35.1,28.8,52.4,6.37,20.6,11,0,,OK
TH-02076,2026-06-21,A,11.1,34.8,27.6,50.6,4.15,16.6,12,0,,ok
TH-02078,2026-06-21,A,11.1,34.7,27.2,50.6,4.04,15.8,10,0,,OK
TH-02080,2026-06-21,A,11.1,36.4,31.6,48.4,5.56,21.4,12,0,,OK
TH-02081,2026-06-21,A,11.1,36.1,31.1,48.4,4.78,15.6,14,0,,OK
TH-02083,2026-06-21,A,11.1,34.7,28.7,50.9,5.16,17.5,10,0,,OK
TH-02084,2026-06-21,A,11.1,33.6,26.5,48.6,6.13,19.4,5,0,,ok
TH-02085,2026-06-21,A,11.1,36.4,29.6,52.9,4.37,13.8,10,0,,ok
TH-02086,2026-06-21,A,11.1,35.2,28.2,52.2,6.14,20.8,14,0,,OK
TH-02087,2026-06-21,A,11.1,36.1,30.3,46.5,4.22,15.5,11,0,,ok
TH-02090,2026-06-21,A,11.1,35.5,28.6,46.1,4.89,17.8,9,0,,ok
TH-02091,2026-06-21,A,11.1,33.7,26.4,47.6,3.95,15.0,5,0,,ok
TH-02094,2026-06-21,A,11.1,36.1,30.8,48.9,4.73,16.4,9,0,,OK
TH-02095,2026-06-21,A,11.1,35.7,30.4,47.5,3.92,15.4,4,0,,OK
TH-02097,2026-06-21,A,11.1,33.9,29.0,47.7,4.11,16.6,11,0,,ok
TH-02098,2026-06-21,A,11.1,34.3,28.4,49.1,4.87,19.1,14,0,,OK
TH-02100,2026-06-21,A,11.1,36.6,30.9,48.4,4.96,17.9,10,0,,OK
TH-02101,2026-06-21,A,11.1,35.6,29.6,48.5,3.62,14.4,12,0,,OK
TH-02103,2026-06-21,A,11.1,35.3,29.9,46.5,4.27,16.4,9,0,,ok
TH-02109,2026-06-21,A,11.1,34.2,28.9,51.8,4.96,15.5,7,0,,OK
TH-02113,2026-06-21,A,11.1,36.3,30.2,50.2,4.59,17.3,10,0,,ok
TH-02122,2026-06-21,A,11.1,36.1,28.8,49.6,4.2,14.9,8,0,,OK
TH-02125,2026-06-21,A,11.1,-999,27.5,50.2,4.41,16.0,9,0,,OK
TH-02126,2026-06-21,A,11.1,36.2,29.8,48.1,4.64,19.3,7,0,,OK
TH-02127,2026-06-21,A,11.1,36.1,29.0,47.4,4.89,18.8,12,0,,OK
TH-02129,2026-06-21,A,11.1,36.6,29.9,47.2,4.57,15.8,5,0,,ok
TH-02130,2026-06-21,A,11.1,34.9,28.8,48.1,3.64,15.5,10,0,,ok
TH-02132,2026-06-21,A,11.1,33.8,29.2,51.4,4.56,16.4,13,0,,OK
TH-02133,2026-06-21,A,11.1,35.3,29.4,52.8,4.45,18.2,4,0,,OK
TH-02134,2026-06-21,A,11.1,34.8,27.5,47.4,4.52,19.2,15,0,,OK
TH-02135,2026-06-21,A,11.1,36.8,30.4,52.6,5.77,19.2,7,0,,OK
TH-02136,2026-06-21,A,11.1,36.9,31.3,47.9,4.12,17.4,11,0,,ok
TH-02137,2026-06-21,A,11.1,35.5,28.1,49.1,4.4,17.7,4,0,,ok
TH-02138,2026-06-21,A,11.1,36.1,29.1,49.4,5.15,19.7,7,0,,ok
TH-02139,2026-06-21,A,11.1,34.7,29.1,50.9,5.87,21.4,5,0,,OK
TH-02140,2026-06-21,A,11.1,35.5,28.6,48.3,4.59,18.4,7,0,,ok
TH-02141,2026-06-21,B,11.1,,,,17153.4,,12,0,,0
TH-02143,2026-06-21,B,11.1,,,,17903.2,,8,0,,0
TH-02144,2026-06-21,B,11.1,,,,12925.3,,7,0,,0
TH-02145,2026-06-21,B,11.1,,,,4795.8,,9,0,,0
TH-02148,2026-06-21,B,11.1,35.2,28.8,,12888.6,,6,0,,0
TH-02149,2026-06-21,B,11.1,,,,8060.7,,5,0,6021,0
TH-02152,2026-06-21,B,11.1,,,,22502.1,,13,0,6021,0
TH-02153,2026-06-21,B,11.1,,,,19008.8,,10,0,,0
TH-02155,2026-06-21,B,11.1,,,,4474.1,,12,0,6021,0
TH-02159,2026-06-21,B,11.1,,,,12054.8,,8,0,,0
TH-02160,2026-06-21,B,11.1,,,,14923.5,,6,0,,0
TH-02161,2026-06-21,B,11.1,,,,8273.1,,9,0,6021,0
TH-02165,2026-06-21,B,11.1,,,,15092.0,,11,0,,0
TH-02166,2026-06-21,B,11.1,,,,17520.7,,7,0,6021,0
TH-02168,2026-06-21,B,11.1,,,,13628.5,,7,0,6021,0
TH-02169,2026-06-21,B,11.1,,,,18448.0,,13,0,6021,0
TH-02170,2026-06-21,B,11.1,,,,11433.1,,10,0,,0
TH-02175,2026-06-21,B,11.1,,,,12040.3,,3,0,,0
TH-02176,2026-06-21,B,11.1,,,,5401.7,,4,0,6021,0
TH-02177,2026-06-21,B,11.1,36.3,30.5,,12930.9,,13,0,6021,0
TH-02178,2026-06-21,B,11.1,,,,19482.5,,13,0,,0
TH-02180,2026-06-21,B,11.1,,,,11590.5,,8,0,6021,0
TH-02181,2026-06-21,B,11.1,34.3,29.3,,18727.2,,9,0,6021,0
TH-02184,2026-06-21,B,11.1,,,,20272.3,,8,0,,0
TH-02185,2026-06-21,B,11.1,,,,25207.4,,10,0,,0
TH-02187,2026-06-21,B,11.1,,,,13600.0,,11,0,,0
TH-02189,2026-06-21,B,11.1,,,,19341.7,,8,0,6021,0
TH-02190,2026-06-21,B,11.1,,,,24658.0,,8,0,,0
TH-02192,2026-06-21,B,11.1,36.0,28.8,,23362.7,,10,0,,0
TH-02194,2026-06-21,B,11.1,,,,18997.0,,11,0,,0
TH-02196,2026-06-21,B,11.1,,,,25200.6,,8,0,6021,0
TH-02202,2026-06-21,B,11.1,,,,13802.6,,11,0,,0
TH-02204,2026-06-21,B,11.1,,,,5164.3,,8,0,,0
TH-02206,2026-06-21,B,11.1,,,,17377.9,,11,0,6021,0
TH-02207,2026-06-21,B,11.1,,,,13658.9,,6,0,,0
TH-02213,2026-06-21,B,11.1,,,,9304.8,,17,0,,0
TH-02216,2026-06-21,B,11.1,,,,17147.8,,13,0,,0
TH-02221,2026-06-21,B,11.1,,,,16178.0,,2,0,,0
TH-02224,2026-06-21,B,11.1,,,,8741.0,,12,0,,0
TH-02228,2026-06-21,B,11.1,,,,23921.6,,3,0,,0
TH-02230,2026-06-21,B,11.1,,,,25605.8,,6,0,6021,0
TH-02231,2026-06-21,B,11.1,,,,7559.8,,10,0,6021,0
TH-02234,2026-06-21,B,11.1,,,,13272.0,,13,0,,0
TH-02235,2026-06-21,B,11.1,,,,22659.2,,8,0,,0
TH-02236,2026-06-21,B,11.1,,,,4216.8,,12,0,6021,0
TH-02238,2026-06-21,B,11.1,,,,7753.5,,10,0,6021,0
TH-02240,2026-06-21,B,11.1,,,,8030.7,,10,0,,0
TH-02242,2026-06-21,B,11.1,,,,14322.4,,2,0,,0
TH-02243,2026-06-21,B,11.1,,,,11659.0,,7,0,6021,0
TH-02244,2026-06-21,B,11.1,,,,16856.6,,8,0,,0
TH-02245,2026-06-21,B,11.1,,,,14910.6,,8,0,1188,2
TH-02246,2026-06-21,B,11.1,,,,15930.6,,8,0,6021,0
TH-02247,2026-06-21,B,11.1,,,,5461.2,,10,0,6021,0
TH-02248,2026-06-21,B,11.1,,,,23264.8,,6,0,,0
TH-02249,2026-06-21,B,11.1,,,,6876.6,,12,0,6021,0
TH-02250,2026-06-21,B,11.1,,,,11163.7,,10,0,6021,0
TH-02251,2026-06-21,B,11.1,,,,24434.9,,9,0,6021,0
TH-02255,2026-06-21,B,11.1,,,,12909.8,,9,0,6021,0
TH-02256,2026-06-21,B,11.1,,,,7827.5,,11,0,6021,0
TH-02257,2026-06-21,B,11.1,,,,21256.7,,9,0,,0
TH-02258,2026-06-21,B,11.1,,,,10334.5,,12,0,,0
TH-02259,2026-06-21,B,11.1,,,,12269.1,,10,0,6021,0
TH-02260,2026-06-21,B,11.1,,,,7320.5,,5,0,6021,0
TH-02262,2026-06-21,B,11.1,34.7,29.6,,9161.8,,9,0,,0
TH-02265,2026-06-21,B,11.1,,,,22571.4,,10,0,,0
TH-02266,2026-06-21,B,11.1,,,,16093.6,,8,0,6021,0
TH-02267,2026-06-21,B,11.1,,,,11518.9,,6,0,,0
TH-02269,2026-06-21,B,11.1,,,,12377.6,,4,0,,0
TH-02271,2026-06-21,B,11.1,,,,4922.1,,9,0,6021,0
TH-02272,2026-06-21,B,11.1,,,,24832.1,,11,0,6021,0
TH-02273,2026-06-21,B,11.1,,,,19786.6,,7,0,6021,0
TH-02275,2026-06-21,B,11.1,,,,12322.2,,9,0,,0
TH-02278,2026-06-21,B,11.1,,,,14799.8,,9,0,,0
TH-02279,2026-06-21,B,11.1,,,,21070.5,,7,0,6021,0
TH-02280,2026-06-21,B,11.1,,,,17697.1,,7,0,6021,0
TH-02283,2026-06-21,B,11.1,,,,21327.8,,2,0,6021,0
TH-02285,2026-06-21,B,11.1,,,,12806.1,,10,0,,0
TH-02287,2026-06-21,B,11.1,,,,18004.6,,11,0,6021,0
TH-02288,2026-06-21,B,11.1,,,,5415.0,,10,0,6021,0
TH-02290,2026-06-21,B,11.1,,,,7295.7,,3,0,,0
th-02017,2026-06-21,A,11.1,36.3,28.9,52.8,4.1,17.7,10,0,,ok
th-02019,2026-06-21,A,11.1,36.0,29.3,49.4,4.51,17.7,12,0,,ok
th-02023,2026-06-21,A,11.1,36.5,30.3,46.1,4.55,18.8,4,0,,OK
th-02025,2026-06-21,A,11.1,36.3,29.6,49.9,4.83,17.7,15,0,E-104,warn
th-02031,2026-06-21,A,11.1,36.3,31.7,48.1,4.74,17.7,5,0,,OK
th-02037,2026-06-21,A,11.1,35.1,30.0,46.5,3.71,16.1,7,0,,ok
th-02048,2026-06-21,A,11.1,36.2,29.7,49.4,4.94,17.6,2,0,,OK
th-02075,2026-06-21,A,11.1,35.4,30.6,46.8,3.83,15.1,5,0,,ok
th-02077,2026-06-21,A,11.1,34.8,27.7,51.4,5.13,18.0,16,0,,ok
th-02093,2026-06-21,A,11.1,36.6,30.0,47.9,3.92,15.9,9,0,,OK
th-02111,2026-06-21,A,11.1,34.6,28.7,46.4,4.57,18.1,15,0,E-317,warn
th-02114,2026-06-21,A,11.1,36.4,29.2,49.8,4.2,13.9,8,0,,ok
th-02120,2026-06-21,A,11.1,34.6,28.3,52.0,4.35,16.9,6,0,,OK
th-02121,2026-06-21,A,11.1,35.2,29.7,46.3,3.9,16.4,10,0,,ok
th-02124,2026-06-21,A,11.1,35.2,29.7,51.3,3.11,13.3,11,0,,ok
th-02146,2026-06-21,B,11.1,,,,24489.1,,8,0,6021,0
th-02158,2026-06-21,B,11.1,,,,7051.6,,9,0,6021,0
th-02162,2026-06-21,B,11.1,34.6,27.2,,14634.5,,7,0,,0
th-02171,2026-06-21,B,11.1,,,,14056.2,,9,0,6021,0
th-02215,2026-06-21,B,11.1,,,,18235.6,,12,0,6021,0
th-02223,2026-06-21,B,11.1,,,,22219.6,,8,0,,0
th-02226,2026-06-21,B,11.1,,,,9723.9,,6,0,6021,0
th-02270,2026-06-21,B,11.1,,,,21914.0,,10,0,1188,2
 TH-02034,2026-06-22,A,12.4,33.1,25.7,48.3,3.94,16.7,12,0,,OK
 TH-02040,2026-06-22,A,12.4,34.4,28.2,49.2,3.36,13.9,7,0,,OK
 TH-02056,2026-06-22,A,12.4,34.8,28.4,47.4,5.0,18.7,7,0,,ok
 TH-02083,2026-06-22,A,12.4,35.8,29.8,49.1,3.59,12.4,11,0,,OK
 TH-02086,2026-06-22,A,12.4,34.2,27.8,51.4,4.17,14.9,10,0,,ok
 TH-02093,2026-06-22,A,12.4,35.4,29.5,46.4,4.13,14.4,12,0,E-211,warn
 TH-02132,2026-06-22,A,12.4,34.0,26.5,46.2,3.51,12.9,7,0,,OK
 TH-02143,2026-06-22,B,12.4,,,,17906.6,,9,0,6021,0
 TH-02148,2026-06-22,B,12.4,,,,12892.2,,12,0,7702,2
 TH-02149,2026-06-22,B,12.4,,,,8064.3,,6,0,,0
 TH-02185,2026-06-22,B,12.4,,,,25211.4,,4,0,6021,0
 TH-02187,2026-06-22,B,12.4,,,,13604.7,,12,0,6021,0
 TH-02190,2026-06-22,B,12.4,,,,24661.6,,8,0,,0
 TH-02234,2026-06-22,B,12.4,33.8,28.6,,13275.9,,4,0,,0
 TH-02251,2026-06-22,B,12.4,,,,24439.8,,13,0,,0
 TH-02272,2026-06-22,B,12.4,,,,24836.6,,6,0,,0
 TH-02280,2026-06-22,B,12.4,,,,17700.5,,9,0,6021,0
TH-02001,2026-06-22,A,12.4,33.7,27.4,47.6,3.67,15.1,8,0,,ok
TH-02005,2026-06-22,A,12.4,34.6,28.1,51.9,4.15,16.4,14,0,,ok
TH-02006,2026-06-22,A,12.4,33.7,26.9,51.0,3.42,12.5,7,0,,ok
TH-02008,2026-06-22,A,12.4,35.1,30.2,48.6,5.24,16.7,7,0,,ok
TH-02009,2026-06-22,A,12.4,33.2,27.8,48.2,3.91,16.1,10,0,,OK
TH-02011,2026-06-22,A,12.4,33.6,27.0,49.4,2.86,12.3,12,0,,OK
TH-02015,2026-06-22,A,12.4,33.5,26.7,52.4,3.71,15.1,11,0,,ok
TH-02016,2026-06-22,A,12.4,34.5,27.8,51.3,3.71,12.8,11,0,,OK
TH-02017,2026-06-22,A,12.4,35.0,28.1,47.7,3.36,13.9,6,0,,ok
TH-02019,2026-06-22,A,12.4,33.5,28.1,51.2,2.72,11.1,10,0,,ok
TH-02020,2026-06-22,A,12.4,35.1,30.3,47.2,3.7,12.9,9,0,,ok
TH-02021,2026-06-22,A,12.4,33.5,29.0,46.6,4.02,15.8,6,0,,OK
TH-02023,2026-06-22,A,12.4,33.2,28.6,51.5,3.68,14.4,12,0,,OK
TH-02025,2026-06-22,A,12.4,34.7,29.1,50.3,3.42,14.0,12,0,,OK
TH-02028,2026-06-22,A,12.4,35.6,29.0,47.2,4.01,15.0,10,0,,OK
TH-02030,2026-06-22,A,12.4,35.4,30.9,46.4,3.17,13.3,12,0,,ok
TH-02031,2026-06-22,A,12.4,33.5,26.6,52.3,4.12,17.5,12,0,,OK
TH-02032,2026-06-22,A,12.4,35.4,29.2,0,3.69,15.6,11,0,,ok
TH-02033,2026-06-22,A,12.4,35.8,30.7,48.6,4.91,17.4,8,0,,OK
TH-02035,2026-06-22,A,12.4,36.1,29.2,51.1,4.07,15.2,9,0,,ok
TH-02036,2026-06-22,A,12.4,33.4,28.5,48.1,4.81,16.6,3,0,,OK
TH-02037,2026-06-22,A,12.4,35.6,30.6,46.0,4.01,14.9,8,0,,ok
TH-02038,2026-06-22,A,12.4,35.3,29.9,51.7,4.3,14.9,10,0,,OK
TH-02044,2026-06-22,A,12.4,34.7,29.9,51.5,3.61,14.3,9,0,,ok
TH-02045,2026-06-22,A,12.4,33.5,29.0,47.2,4.32,14.1,5,0,,OK
TH-02046,2026-06-22,A,12.4,33.3,27.7,47.9,4.14,14.9,6,0,,OK
TH-02047,2026-06-22,A,12.4,34.9,29.4,49.1,3.9,15.9,9,0,,ok
TH-02048,2026-06-22,A,12.4,33.6,28.2,49.3,3.93,16.1,10,0,,ok
TH-02049,2026-06-22,A,12.4,35.3,28.0,51.8,3.89,14.9,5,0,,OK
TH-02050,2026-06-22,A,12.4,35.2,30.3,47.2,3.13,12.3,5,0,,OK
TH-02051,2026-06-22,A,12.4,34.0,28.1,50.4,3.33,12.0,14,0,,OK
TH-02052,2026-06-22,A,12.4,35.6,31.0,49.2,3.25,12.8,7,0,,ok
TH-02053,2026-06-22,A,12.4,33.3,26.6,51.9,3.64,13.7,2,0,,ok
TH-02054,2026-06-22,A,12.4,35.8,30.6,46.4,3.53,14.1,5,0,,ok
TH-02055,2026-06-22,A,12.4,-999,29.7,50.4,4.61,15.9,8,0,,ok
TH-02062,2026-06-22,A,12.4,34.6,28.6,52.0,3.67,15.0,4,0,,OK
TH-02063,2026-06-22,A,12.4,33.3,26.3,46.8,3.66,15.8,8,0,,ok
TH-02065,2026-06-22,A,12.4,35.8,28.7,49.2,3.69,13.2,8,0,,ok
TH-02068,2026-06-22,A,12.4,35.5,28.5,50.3,4.06,12.6,10,0,,ok
TH-02071,2026-06-22,A,12.4,33.7,27.4,50.3,4.01,15.4,13,0,,ok
TH-02072,2026-06-22,A,12.4,34.8,30.2,50.1,3.74,16.1,8,0,,OK
TH-02075,2026-06-22,A,12.4,35.5,29.5,49.4,3.79,13.6,7,0,,ok
TH-02076,2026-06-22,A,12.4,34.4,27.1,46.4,3.36,14.1,2,0,,ok
TH-02077,2026-06-22,A,12.4,34.3,27.5,48.8,3.99,16.2,10,0,,OK
TH-02078,2026-06-22,A,12.4,35.7,30.4,51.6,3.22,11.8,8,0,,OK
TH-02080,2026-06-22,A,12.4,33.7,27.6,47.0,3.33,12.5,4,0,,OK
TH-02081,2026-06-22,A,12.4,33.4,25.9,47.3,4.6,16.0,8,0,,OK
TH-02084,2026-06-22,A,12.4,34.1,28.7,51.0,4.82,15.4,8,0,,OK
TH-02085,2026-06-22,A,12.4,35.3,29.7,49.4,3.68,12.5,6,0,,OK
TH-02087,2026-06-22,A,12.4,35.2,28.9,49.7,3.16,13.9,10,0,,OK
TH-02090,2026-06-22,A,12.4,33.2,27.8,47.5,3.65,14.8,10,0,,ok
TH-02091,2026-06-22,A,12.4,35.7,28.5,51.8,3.36,11.7,8,0,,OK
TH-02094,2026-06-22,A,12.4,33.4,26.6,47.1,5.31,17.1,4,0,,OK
TH-02095,2026-06-22,A,12.4,35.7,28.2,48.4,3.98,16.1,9,0,,OK
TH-02097,2026-06-22,A,12.4,33.9,29.1,49.2,3.72,15.9,10,0,,OK
TH-02098,2026-06-22,A,12.4,35.1,29.7,46.5,3.2,13.7,5,0,,ok
TH-02099,2026-06-22,A,12.4,33.0,26.6,50.6,4.19,16.5,9,0,,OK
TH-02100,2026-06-22,A,12.4,34.4,29.6,51.5,3.91,14.2,3,0,,ok
TH-02101,2026-06-22,A,12.4,33.4,26.5,52.3,3.36,10.6,10,0,,OK
TH-02103,2026-06-22,A,12.4,34.1,28.9,48.8,4.64,17.7,9,0,,OK
TH-02111,2026-06-22,A,12.4,33.7,28.0,52.1,4.94,17.7,12,0,,OK
TH-02112,2026-06-22,A,12.4,34.6,28.7,46.8,3.38,14.6,6,0,,OK
TH-02113,2026-06-22,A,12.4,33.8,28.7,49.7,3.72,12.9,8,0,,OK
TH-02114,2026-06-22,A,12.4,34.6,29.5,47.0,4.21,15.1,6,0,,ok
TH-02118,2026-06-22,A,12.4,35.9,30.8,46.2,4.8,15.0,9,0,,OK
TH-02121,2026-06-22,A,12.4,35.7,29.6,46.4,4.18,13.7,3,0,,ok
TH-02122,2026-06-22,A,12.4,35.0,28.5,51.8,3.68,16.1,4,0,,ok
TH-02124,2026-06-22,A,12.4,34.8,27.6,47.1,4.11,13.3,9,0,,OK
TH-02126,2026-06-22,A,12.4,34.5,28.3,49.5,3.78,15.5,11,0,,ok
TH-02127,2026-06-22,A,12.4,33.7,29.0,51.9,4.19,14.8,10,0,,OK
TH-02129,2026-06-22,A,12.4,35.6,30.2,46.4,4.0,13.4,9,0,,ok
TH-02130,2026-06-22,A,12.4,34.7,28.5,48.6,3.42,11.0,5,0,,OK
TH-02134,2026-06-22,A,12.4,35.0,28.3,52.7,4.18,15.5,9,0,,OK
TH-02135,2026-06-22,A,12.4,35.9,30.5,50.0,5.41,17.5,7,0,,ok
TH-02136,2026-06-22,A,12.4,-999,28.5,49.5,3.76,14.4,7,0,,ok
TH-02138,2026-06-22,A,12.4,33.4,27.9,51.0,5.28,17.2,10,0,,ok
TH-02139,2026-06-22,A,12.4,33.7,27.8,46.5,3.66,15.6,4,0,,OK
TH-02140,2026-06-22,A,12.4,32.8,27.8,48.0,3.66,12.0,7,0,,OK
TH-02141,2026-06-22,B,12.4,,,,17157.8,,8,0,6021,0
TH-02145,2026-06-22,B,12.4,32.9,26.4,,4799.2,,11,0,,0
TH-02146,2026-06-22,B,12.4,,,,24493.3,,8,0,6021,0
TH-02152,2026-06-22,B,12.4,35.0,29.7,,22506.6,,11,0,6021,0
TH-02153,2026-06-22,B,12.4,,,,19013.0,,9,0,,0
TH-02155,2026-06-22,B,12.4,,,,4477.8,,10,0,,0
TH-02158,2026-06-22,B,12.4,,,,7055.5,,12,0,,0
TH-02159,2026-06-22,B,12.4,,,,12058.1,,15,0,,0
TH-02161,2026-06-22,B,12.4,,,,8276.3,,13,0,,0
TH-02162,2026-06-22,B,12.4,,,,14638.4,,9,0,,0
TH-02165,2026-06-22,B,12.4,,,,15097.0,,7,0,,0
TH-02166,2026-06-22,B,12.4,,,,17523.9,,11,0,,0
TH-02168,2026-06-22,B,12.4,,,,13631.8,,8,0,,0
TH-02169,2026-06-22,B,12.4,,,,18451.5,,12,0,1188,2
TH-02170,2026-06-22,B,12.4,,,,11437.4,,7,0,6021,0
TH-02173,2026-06-22,B,12.4,,,,6940.8,,3,0,6021,0
TH-02175,2026-06-22,B,12.4,,,,12044.2,,6,0,,0
TH-02176,2026-06-22,B,12.4,34.1,26.8,,5405.7,,4,0,,0
TH-02178,2026-06-22,B,12.4,,,,19486.7,,10,0,6021,0
TH-02180,2026-06-22,B,12.4,,,,11594.4,,7,0,,0
TH-02181,2026-06-22,B,12.4,,,,18732.0,,10,0,6021,0
TH-02182,2026-06-22,B,12.4,,,,20939.1,,8,0,6021,0
TH-02184,2026-06-22,B,12.4,,,,20276.0,,10,0,,0
TH-02188,2026-06-22,B,12.4,,,,24474.2,,7,0,6021,0
TH-02194,2026-06-22,B,12.4,,,,19000.7,,12,0,,0
TH-02196,2026-06-22,B,12.4,,,,25205.4,,2,0,6021,0
TH-02202,2026-06-22,B,12.4,,,,13806.5,,11,0,,0
TH-02204,2026-06-22,B,12.4,,,,5168.4,,12,0,,0
TH-02206,2026-06-22,B,12.4,,,,17382.3,,6,0,,0
TH-02207,2026-06-22,B,12.4,,,,13663.3,,5,0,,0
TH-02213,2026-06-22,B,12.4,,,,9307.9,,8,0,,0
TH-02214,2026-06-22,B,12.4,,,,9114.3,,7,0,,0
TH-02215,2026-06-22,B,12.4,,,,18239.7,,7,0,6021,0
TH-02216,2026-06-22,B,12.4,,,,17151.2,,9,0,,0
TH-02223,2026-06-22,B,12.4,,,,22223.9,,6,0,6021,0
TH-02224,2026-06-22,B,12.4,,,,8745.4,,15,0,,0
TH-02226,2026-06-22,B,12.4,,,,9728.5,,10,0,6021,0
TH-02228,2026-06-22,B,12.4,,,,23925.2,,10,0,6021,0
TH-02230,2026-06-22,B,12.4,,,,25609.5,,9,0,,0
TH-02231,2026-06-22,B,12.4,,,,7564.3,,5,0,,0
TH-02235,2026-06-22,B,12.4,,,,22663.7,,11,0,6021,0
TH-02236,2026-06-22,B,12.4,,,,4221.3,,6,0,,0
TH-02238,2026-06-22,B,12.4,,,,7756.4,,8,0,,0
TH-02240,2026-06-22,B,12.4,,,,8033.9,,6,0,6021,0
TH-02244,2026-06-22,B,12.4,,,,16860.6,,9,0,6021,0
TH-02245,2026-06-22,B,12.4,,,,14914.9,,9,0,,0
TH-02246,2026-06-22,B,12.4,34.7,29.7,,15933.4,,4,0,,0
TH-02247,2026-06-22,B,12.4,,,,5465.3,,5,0,,0
TH-02248,2026-06-22,B,12.4,35.6,29.5,,23268.3,,10,0,,0
TH-02250,2026-06-22,B,12.4,,,,11167.9,,10,0,,0
TH-02255,2026-06-22,B,12.4,,,,12913.4,,8,0,,0
TH-02256,2026-06-22,B,12.4,,,,7831.9,,10,0,,0
TH-02258,2026-06-22,B,12.4,,,,10337.6,,4,0,6021,0
TH-02259,2026-06-22,B,12.4,,,,12273.2,,6,0,6021,0
TH-02260,2026-06-22,B,12.4,,,,7324.2,,12,0,,0
TH-02262,2026-06-22,B,12.4,,,,9164.6,,5,0,6021,0
TH-02265,2026-06-22,B,12.4,,,,22575.2,,9,0,,0
TH-02266,2026-06-22,B,12.4,,,,16097.4,,9,0,,0
TH-02267,2026-06-22,B,12.4,,,,11522.6,,10,0,6021,0
TH-02268,2026-06-22,B,12.4,,,,23804.7,,10,0,,0
TH-02269,2026-06-22,B,12.4,,,,12380.8,,4,0,,0
TH-02271,2026-06-22,B,12.4,,,,4926.8,,5,0,,0
TH-02273,2026-06-22,B,12.4,,,,19791.1,,4,0,,0
TH-02275,2026-06-22,B,12.4,,,,12325.5,,7,0,,0
TH-02277,2026-06-22,B,12.4,,,,17865.1,,10,0,,0
TH-02278,2026-06-22,B,12.4,,,,14804.0,,2,0,6021,0
TH-02279,2026-06-22,B,12.4,,,,21075.3,,5,0,6021,0
TH-02281,2026-06-22,B,12.4,,,,4238.4,,6,0,,0
TH-02283,2026-06-22,B,12.4,,,,21331.0,,8,0,6021,0
TH-02285,2026-06-22,B,12.4,,,,12810.4,,8,0,,0
TH-02286,2026-06-22,B,12.4,,,,7561.2,,7,0,6021,0
TH-02287,2026-06-22,B,12.4,,,,18008.5,,13,0,6021,0
TH-02288,2026-06-22,B,12.4,,,,5418.1,,8,0,,0
TH-02290,2026-06-22,B,12.4,,,,7300.0,,9,0,6021,0
th-02002,2026-06-22,A,12.4,33.4,28.7,46.6,4.88,15.3,7,0,,ok
th-02004,2026-06-22,A,12.4,33.8,27.4,52.5,3.31,12.7,10,0,,ok
th-02012,2026-06-22,A,12.4,33.6,27.1,49.5,2.64,11.2,8,0,,ok
th-02061,2026-06-22,A,12.4,35.8,30.0,51.3,4.22,13.6,8,0,E-211,ok
th-02073,2026-06-22,A,12.4,34.0,28.5,52.6,4.23,17.6,5,0,,OK
th-02074,2026-06-22,A,12.4,34.9,28.7,46.0,4.11,15.0,9,0,,OK
th-02109,2026-06-22,A,12.4,35.1,28.4,49.8,3.57,14.8,11,0,,OK
th-02125,2026-06-22,A,12.4,35.0,29.5,48.9,3.86,16.6,9,0,,ok
th-02133,2026-06-22,A,12.4,33.6,27.1,48.7,4.32,14.5,10,0,,ok
th-02144,2026-06-22,B,12.4,,,,12929.2,,6,0,6021,0
th-02160,2026-06-22,B,12.4,,,,14926.8,,9,0,,0
th-02171,2026-06-22,B,12.4,,,,14061.0,,5,0,6021,0
th-02177,2026-06-22,B,12.4,,,,12934.3,,10,0,,0
th-02189,2026-06-22,B,12.4,,,,19346.7,,8,0,6021,0
th-02192,2026-06-22,B,12.4,,,,23368.1,,10,0,6021,0
th-02221,2026-06-22,B,12.4,,,,16181.8,,16,0,,0
th-02239,2026-06-22,B,12.4,,,,17194.2,,11,0,,0
th-02242,2026-06-22,B,12.4,,,,14326.0,,8,0,6021,0
th-02243,2026-06-22,B,12.4,,,,11663.1,,8,0,,0
th-02249,2026-06-22,B,12.4,,,,6879.8,,10,0,6021,0
th-02257,2026-06-22,B,12.4,,,,21261.3,,7,0,,0
th-02270,2026-06-22,B,12.4,,,,21917.1,,7,0,,0
 TH-02032,2026-06-23,A,10.7,36.4,29.8,49.6,5.35,17.0,7,0,,OK
 TH-02048,2026-06-23,A,10.7,36.0,30.8,49.0,4.77,20.2,10,0,,OK
 TH-02062,2026-06-23,A,10.7,34.4,28.0,47.9,5.62,20.1,10,0,,OK
 TH-02093,2026-06-23,A,10.7,33.9,29.0,47.9,3.53,14.4,6,0,,OK
 TH-02097,2026-06-23,A,10.7,35.0,28.8,50.7,4.79,20.2,11,0,,OK
 TH-02111,2026-06-23,A,10.7,35.9,29.1,51.3,5.35,21.4,6,0,,OK
 TH-02130,2026-06-23,A,10.7,36.7,32.0,47.8,4.93,20.3,11,0,,ok
 TH-02138,2026-06-23,A,10.7,37.0,29.8,49.8,4.49,19.4,11,0,,ok
 TH-02180,2026-06-23,B,10.7,,,,11599.5,,12,0,,0
 TH-02216,2026-06-23,B,10.7,,,,17155.7,,9,0,6021,0
 TH-02255,2026-06-23,B,10.7,,,,12917.4,,6,0,,0
TH-02001,2026-06-23,A,10.7,35.1,27.6,52.9,4.64,16.7,12,0,,OK
TH-02002,2026-06-23,A,10.7,35.8,28.9,48.7,3.61,13.7,8,0,,ok
TH-02004,2026-06-23,A,10.7,35.9,29.6,51.5,3.6,13.6,11,0,,ok
TH-02005,2026-06-23,A,10.7,36.7,29.6,46.3,4.36,18.1,2,0,,OK
TH-02006,2026-06-23,A,10.7,34.4,28.6,47.6,4.23,16.4,8,0,E-505,OK
TH-02007,2026-06-23,A,10.7,33.8,27.2,47.9,4.01,14.0,4,0,,ok
TH-02008,2026-06-23,A,10.7,34.5,29.7,51.6,4.97,18.6,10,0,,ok
TH-02009,2026-06-23,A,10.7,36.2,31.0,49.9,3.81,15.7,8,0,,ok
TH-02011,2026-06-23,A,10.7,35.0,30.0,49.6,4.42,18.3,8,0,,ok
TH-02015,2026-06-23,A,10.7,35.9,29.6,50.2,4.28,14.4,5,0,,OK
TH-02017,2026-06-23,A,10.7,35.7,29.4,52.9,3.86,16.2,12,0,,ok
TH-02020,2026-06-23,A,10.7,34.3,27.5,52.0,4.56,17.6,6,0,,ok
TH-02021,2026-06-23,A,10.7,36.1,31.3,48.9,4.01,17.6,7,0,,OK
TH-02025,2026-06-23,A,10.7,33.8,27.0,47.2,4.31,16.6,7,0,,ok
TH-02028,2026-06-23,A,10.7,34.9,27.4,48.9,4.81,15.0,7,0,,ok
TH-02030,2026-06-23,A,10.7,34.2,29.0,47.0,4.42,16.7,10,0,,OK
TH-02031,2026-06-23,A,10.7,35.4,29.8,51.8,4.63,14.9,10,0,,OK
TH-02033,2026-06-23,A,10.7,35.3,28.8,48.6,5.02,18.3,9,0,,OK
TH-02034,2026-06-23,A,10.7,37.0,31.8,47.5,5.13,17.7,13,0,,ok
TH-02035,2026-06-23,A,10.7,36.2,29.3,46.3,4.61,14.9,9,0,,ok
TH-02036,2026-06-23,A,10.7,36.1,29.3,48.1,4.44,16.5,10,0,,OK
TH-02037,2026-06-23,A,10.7,35.7,28.5,52.8,4.04,16.1,5,0,,ok
TH-02038,2026-06-23,A,10.7,36.3,30.0,50.7,5.65,18.0,6,0,,ok
TH-02040,2026-06-23,A,10.7,34.9,28.5,51.9,5.39,18.4,8,0,,ok
TH-02044,2026-06-23,A,10.7,35.4,28.8,46.9,3.58,15.2,6,0,,ok
TH-02045,2026-06-23,A,10.7,34.1,26.9,49.4,4.8,18.8,10,0,,OK
TH-02046,2026-06-23,A,10.7,35.2,30.1,52.6,5.18,19.7,7,0,,OK
TH-02047,2026-06-23,A,10.7,35.0,30.4,48.8,5.16,18.1,10,0,,OK
TH-02049,2026-06-23,A,10.7,34.7,27.9,51.1,3.83,15.1,14,0,,ok
TH-02050,2026-06-23,A,10.7,34.7,28.2,46.9,3.26,14.0,9,0,,OK
TH-02051,2026-06-23,A,10.7,35.6,28.8,47.3,3.92,14.3,9,0,,ok
TH-02052,2026-06-23,A,10.7,36.1,29.1,51.2,5.29,18.4,5,0,,OK
TH-02053,2026-06-23,A,10.7,34.3,28.9,50.6,4.27,17.3,9,0,,ok
TH-02054,2026-06-23,A,10.7,34.1,28.9,48.9,5.48,19.3,10,0,,ok
TH-02056,2026-06-23,A,10.7,35.0,28.1,47.3,4.42,16.7,10,0,,ok
TH-02063,2026-06-23,A,10.7,34.4,29.3,46.1,5.6,18.3,14,0,,ok
TH-02065,2026-06-23,A,10.7,34.1,29.3,51.1,4.78,15.4,9,0,,OK
TH-02071,2026-06-23,A,10.7,34.7,30.2,47.5,5.66,19.2,5,0,E-317,warn
TH-02073,2026-06-23,A,10.7,37.1,32.1,52.9,3.93,16.3,10,0,,ok
TH-02074,2026-06-23,A,10.7,34.1,28.0,48.2,4.46,17.5,10,0,,ok
TH-02075,2026-06-23,A,10.7,34.3,29.7,49.5,4.22,17.1,5,0,,OK
TH-02076,2026-06-23,A,10.7,35.8,30.2,48.1,4.61,17.5,4,0,,ok
TH-02077,2026-06-23,A,10.7,35.6,28.5,52.8,4.83,18.0,8,0,,ok
TH-02078,2026-06-23,A,10.7,35.7,30.3,46.6,4.81,16.3,13,0,,ok
TH-02080,2026-06-23,A,10.7,35.2,29.5,52.9,4.78,17.7,8,0,,OK
TH-02081,2026-06-23,A,10.7,-999,28.5,46.2,3.5,13.7,7,0,,OK
TH-02083,2026-06-23,A,10.7,35.6,30.4,51.2,5.51,21.0,8,0,,ok
TH-02084,2026-06-23,A,10.7,36.5,29.8,47.8,4.1,17.3,2,0,,OK
TH-02085,2026-06-23,A,10.7,35.4,30.8,52.4,5.78,18.5,2,0,,ok
TH-02086,2026-06-23,A,10.7,37.1,32.2,51.1,4.77,17.8,5,0,,OK
TH-02091,2026-06-23,A,10.7,34.2,27.9,47.3,3.62,14.5,14,0,,ok
TH-02094,2026-06-23,A,10.7,36.1,29.3,46.3,4.44,14.8,6,0,,OK
TH-02095,2026-06-23,A,10.7,37.0,31.2,52.2,4.78,15.5,6,0,,ok
TH-02098,2026-06-23,A,10.7,34.2,27.2,52.7,3.89,13.9,5,0,,OK
TH-02099,2026-06-23,A,10.7,34.2,27.0,52.4,6.03,19.0,10,0,,OK
TH-02100,2026-06-23,A,10.7,34.4,29.1,46.1,3.62,15.6,10,0,,ok
TH-02101,2026-06-23,A,10.7,35.7,31.1,51.3,6.71,21.9,9,0,,OK
TH-02109,2026-06-23,A,10.7,35.5,28.0,52.6,5.38,19.8,10,0,,ok
TH-02112,2026-06-23,A,10.7,35.7,30.0,49.7,4.27,18.3,8,0,,ok
TH-02113,2026-06-23,A,10.7,34.5,29.5,50.1,4.5,19.3,10,0,,ok
TH-02118,2026-06-23,A,10.7,35.3,30.1,51.8,4.38,15.7,11,0,,OK
TH-02120,2026-06-23,A,10.7,34.4,29.0,50.2,4.83,19.7,7,0,,OK
TH-02122,2026-06-23,A,10.7,36.4,29.7,51.4,4.7,15.0,8,0,,OK
TH-02124,2026-06-23,A,10.7,36.7,31.3,50.8,5.92,21.1,11,0,,OK
TH-02126,2026-06-23,A,10.7,34.7,29.6,52.4,4.49,16.9,11,0,,OK
TH-02127,2026-06-23,A,10.7,35.6,30.7,47.1,5.49,21.8,13,0,,ok
TH-02129,2026-06-23,A,10.7,35.3,30.4,51.9,5.69,18.0,11,0,,OK
TH-02133,2026-06-23,A,10.7,35.4,28.0,49.0,3.93,16.9,5,0,,ok
TH-02134,2026-06-23,A,10.7,34.9,29.6,52.5,5.92,20.4,5,0,,ok
TH-02135,2026-06-23,A,10.7,33.9,29.3,50.8,4.75,19.4,4,0,,ok
TH-02136,2026-06-23,A,10.7,36.1,31.0,51.5,4.68,18.3,6,0,,ok
TH-02137,2026-06-23,A,10.7,33.9,26.8,50.5,4.13,14.7,8,0,,ok
TH-02139,2026-06-23,A,10.7,34.0,26.9,48.8,5.13,16.9,5,0,,ok
TH-02140,2026-06-23,A,10.7,36.1,29.2,52.7,4.35,15.5,9,0,,ok
TH-02141,2026-06-23,B,10.7,,,,17162.9,,12,0,6021,0
TH-02143,2026-06-23,B,10.7,,,,17911.1,,7,0,,0
TH-02144,2026-06-23,B,10.7,,,,12933.5,,5,0,,0
TH-02145,2026-06-23,B,10.7,,,,4805.0,,14,0,6021,0
TH-02146,2026-06-23,B,10.7,,,,24498.0,,5,0,,0
TH-02148,2026-06-23,B,10.7,,,,12896.4,,12,0,,0
TH-02149,2026-06-23,B,10.7,,,,8068.2,,9,0,6021,0
TH-02152,2026-06-23,B,10.7,,,,22512.4,,3,0,6021,0
TH-02153,2026-06-23,B,10.7,,,,19017.5,,17,0,6021,0
TH-02158,2026-06-23,B,10.7,,,,7059.4,,7,0,6021,0
TH-02159,2026-06-23,B,10.7,36.4,31.2,,12063.5,,9,0,6021,0
TH-02160,2026-06-23,B,10.7,,,,14930.5,,6,0,6021,0
TH-02162,2026-06-23,B,10.7,,,,14643.4,,7,0,6021,0
TH-02165,2026-06-23,B,10.7,,,,15101.7,,5,0,6021,0
TH-02166,2026-06-23,B,10.7,,,,17528.0,,7,0,,0
TH-02168,2026-06-23,B,10.7,,,,13635.9,,10,0,,0
TH-02170,2026-06-23,B,10.7,,,,11441.8,,9,0,,0
TH-02171,2026-06-23,B,10.7,,,,14065.8,,12,0,,0
TH-02175,2026-06-23,B,10.7,,,,12049.5,,2,0,,0
TH-02178,2026-06-23,B,10.7,,,,19491.2,,12,0,6021,0
TH-02181,2026-06-23,B,10.7,,,,18735.6,,8,0,,0
TH-02182,2026-06-23,B,10.7,,,,20942.8,,12,0,,0
TH-02184,2026-06-23,B,10.7,,,,20280.7,,9,0,6021,0
TH-02185,2026-06-23,B,10.7,,,,25215.8,,9,0,6021,0
TH-02187,2026-06-23,B,10.7,,,,13609.8,,16,0,,0
TH-02188,2026-06-23,B,10.7,,,,24480.1,,10,0,,0
TH-02190,2026-06-23,B,10.7,,,,24665.9,,5,0,,0
TH-02192,2026-06-23,B,10.7,,,,23373.0,,6,0,6021,0
TH-02195,2026-06-23,B,10.7,,,,14819.6,,13,0,,0
TH-02196,2026-06-23,B,10.7,,,,25211.0,,10,0,,0
TH-02202,2026-06-23,B,10.7,,,,13811.8,,11,0,,0
TH-02204,2026-06-23,B,10.7,,,,5173.2,,10,0,6021,0
TH-02206,2026-06-23,B,10.7,,,,17386.5,,10,0,,0
TH-02207,2026-06-23,B,10.7,,,,13667.1,,16,0,,0
TH-02215,2026-06-23,B,10.7,,,,18246.0,,7,0,,0
TH-02223,2026-06-23,B,10.7,33.8,26.4,,22228.2,,13,0,6021,0
TH-02224,2026-06-23,B,10.7,,,,8748.8,,14,0,,0
TH-02226,2026-06-23,B,10.7,,,,9734.0,,3,0,6021,0
TH-02228,2026-06-23,B,10.7,,,,23928.4,,2,0,6021,0
TH-02230,2026-06-23,B,10.7,,,,25614.4,,8,0,,0
TH-02231,2026-06-23,B,10.7,,,,7569.6,,10,0,6021,0
TH-02234,2026-06-23,B,10.7,,,,13280.6,,4,0,,0
TH-02235,2026-06-23,B,10.7,,,,22668.8,,10,0,,0
TH-02236,2026-06-23,B,10.7,,,,4225.5,,5,0,6021,0
TH-02238,2026-06-23,B,10.7,,,,7761.2,,7,0,6021,0
TH-02239,2026-06-23,B,10.7,,,,17198.6,,13,0,,0
TH-02240,2026-06-23,B,10.7,,,,8037.7,,9,0,,0
TH-02243,2026-06-23,B,10.7,,,,11667.2,,6,0,,0
TH-02244,2026-06-23,B,10.7,,,,16864.9,,10,0,,0
TH-02245,2026-06-23,B,10.7,,,,14919.4,,12,0,,0
TH-02246,2026-06-23,B,10.7,,,,15937.6,,6,0,,0
TH-02247,2026-06-23,B,10.7,,,,5471.3,,2,0,,0
TH-02250,2026-06-23,B,10.7,,,,11172.3,,9,0,,0
TH-02251,2026-06-23,B,10.7,,,,24445.2,,3,0,1188,2
TH-02256,2026-06-23,B,10.7,,,,7838.2,,8,0,,0
TH-02257,2026-06-23,B,10.7,,,,21265.9,,6,0,,0
TH-02258,2026-06-23,B,10.7,,,,10341.7,,9,0,,0
TH-02260,2026-06-23,B,10.7,,,,7329.2,,4,0,,0
TH-02262,2026-06-23,B,10.7,,,,9168.7,,7,0,6021,0
TH-02265,2026-06-23,B,10.7,,,,22579.8,,4,0,6021,0
TH-02266,2026-06-23,B,10.7,,,,16103.0,,5,0,,0
TH-02267,2026-06-23,B,10.7,,,,11527.4,,10,0,,0
TH-02268,2026-06-23,B,10.7,,,,23810.2,,13,0,,0
TH-02269,2026-06-23,B,10.7,,,,12386.1,,12,0,,0
TH-02270,2026-06-23,B,10.7,,,,21921.6,,8,0,,0
TH-02271,2026-06-23,B,10.7,,,,4931.9,,8,0,6021,0
TH-02272,2026-06-23,B,10.7,,,,24840.2,,11,0,,0
TH-02273,2026-06-23,B,10.7,,,,19797.1,,9,0,6021,0
TH-02275,2026-06-23,B,10.7,,,,12330.4,,8,0,,0
TH-02277,2026-06-23,B,10.7,,,,17869.9,,13,0,6021,0
TH-02278,2026-06-23,B,10.7,,,,14810.8,,6,0,,0
TH-02279,2026-06-23,B,10.7,,,,21079.4,,8,0,6021,0
TH-02280,2026-06-23,B,10.7,,,,17705.6,,10,0,,0
TH-02283,2026-06-23,B,10.7,,,,21335.5,,9,0,,0
TH-02285,2026-06-23,B,10.7,,,,12815.2,,10,0,,0
TH-02286,2026-06-23,B,10.7,,,,7566.4,,10,0,,0
TH-02287,2026-06-23,B,10.7,,,,18013.7,,6,0,6021,0
TH-02288,2026-06-23,B,10.7,,,,5422.2,,6,0,,0
th-02012,2026-06-23,A,10.7,35.2,29.1,49.9,4.37,14.3,7,0,,OK
th-02016,2026-06-23,A,10.7,36.4,30.0,50.6,4.14,16.7,9,0,,OK
th-02019,2026-06-23,A,10.7,35.8,30.7,47.1,4.23,16.4,8,0,,ok
th-02023,2026-06-23,A,10.7,35.2,28.5,51.0,3.87,16.6,10,0,,ok
th-02055,2026-06-23,A,10.7,35.5,30.2,47.6,4.78,17.0,7,0,,OK
th-02061,2026-06-23,A,10.7,35.1,28.9,47.6,-0.73,19.4,2,0,,ok
th-02068,2026-06-23,A,10.7,36.2,31.1,49.6,4.74,20.8,9,0,,ok
th-02087,2026-06-23,A,10.7,35.0,30.4,50.4,4.69,17.3,3,0,,ok
th-02090,2026-06-23,A,10.7,-999,28.7,52.1,6.42,20.4,9,0,,ok
th-02103,2026-06-23,A,10.7,34.9,29.6,50.9,5.15,18.1,6,0,,OK
th-02121,2026-06-23,A,10.7,36.0,30.6,50.9,4.84,16.9,8,0,,OK
th-02125,2026-06-23,A,10.7,35.8,28.6,49.7,4.22,17.8,4,0,,OK
th-02132,2026-06-23,A,10.7,36.6,29.9,46.3,4.7,19.6,12,0,,OK
th-02155,2026-06-23,B,10.7,,,,4482.2,,9,0,,0
th-02169,2026-06-23,B,10.7,35.6,28.2,,18455.8,,9,0,6021,0
th-02173,2026-06-23,B,10.7,,,,6945.4,,4,0,,0
th-02176,2026-06-23,B,10.7,,,,5410.7,,8,0,6021,0
th-02177,2026-06-23,B,10.7,,,,12939.4,,9,0,,0
th-02189,2026-06-23,B,10.7,,,,19353.0,,5,0,,0
th-02213,2026-06-23,B,10.7,,,,9313.0,,10,0,6021,0
th-02214,2026-06-23,B,10.7,,,,9119.7,,9,0,,0
th-02221,2026-06-23,B,10.7,36.7,31.1,,16187.6,,8,0,6021,0
th-02242,2026-06-23,B,10.7,,,,14330.7,,8,0,,0
th-02248,2026-06-23,B,10.7,,,,23272.9,,10,0,6021,0
th-02249,2026-06-23,B,10.7,,,,6884.0,,7,0,6021,0
th-02259,2026-06-23,B,10.7,,,,12277.0,,13,0,,0
th-02281,2026-06-23,B,10.7,,,,4243.8,,14,0,,0
th-02290,2026-06-23,B,10.7,,,,7306.0,,4,0,6021,0
 TH-02005,2026-06-24,A,11.9,35.6,30.8,50.7,4.64,15.3,11,0,,ok
 TH-02006,2026-06-24,A,11.9,33.6,26.7,49.2,4.07,15.6,9,0,,ok
 TH-02009,2026-06-24,A,11.9,36.2,31.2,52.9,3.98,14.8,16,0,,ok
 TH-02015,2026-06-24,A,11.9,35.2,30.0,46.0,3.75,14.2,8,0,,ok
 TH-02023,2026-06-24,A,11.9,34.2,29.4,52.5,4.02,12.6,12,0,,OK
 TH-02030,2026-06-24,A,11.9,34.7,29.4,46.2,3.93,16.0,12,0,,ok
 TH-02052,2026-06-24,A,11.9,35.3,29.0,51.2,4.42,17.3,8,0,,ok
 TH-02053,2026-06-24,A,11.9,34.3,28.7,48.6,3.6,13.1,6,0,,ok
 TH-02081,2026-06-24,A,11.9,35.0,29.7,48.4,3.93,15.1,12,0,,OK
 TH-02083,2026-06-24,A,11.9,34.2,28.1,50.0,4.2,14.7,9,0,,ok
 TH-02086,2026-06-24,A,11.9,36.3,30.5,49.6,4.15,15.3,3,0,,ok
 TH-02090,2026-06-24,A,11.9,35.3,30.5,48.4,3.09,13.2,3,0,,ok
 TH-02114,2026-06-24,A,11.9,35.2,27.7,49.5,3.62,12.3,11,0,,OK
 TH-02118,2026-06-24,A,11.9,35.1,29.2,50.9,4.13,17.2,7,0,,ok
 TH-02122,2026-06-24,A,11.9,35.2,28.5,46.7,3.53,11.6,5,0,,OK
 TH-02139,2026-06-24,A,11.9,33.9,28.2,51.3,3.22,13.5,9,0,,OK
 TH-02141,2026-06-24,B,11.9,,,,17168.0,,8,0,6021,0
 TH-02143,2026-06-24,B,11.9,,,,17915.2,,6,0,6021,0
 TH-02175,2026-06-24,B,11.9,,,,12053.1,,11,0,,0
 TH-02188,2026-06-24,B,11.9,,,,24485.1,,4,0,,0
 TH-02192,2026-06-24,B,11.9,,,,23376.2,,7,0,6021,0
 TH-02239,2026-06-24,B,11.9,,,,17203.5,,4,0,6021,0
 TH-02240,2026-06-24,B,11.9,,,,8042.1,,4,0,,0
 TH-02259,2026-06-24,B,11.9,,,,12280.9,,11,0,6021,0
 TH-02267,2026-06-24,B,11.9,,,,11530.8,,9,0,6021,0
 TH-02280,2026-06-24,B,11.9,,,,17709.9,,8,0,3104,2
 TH-02299,2026-06-24,C,11.9,,,,3.75,,,0,,warn
 TH-02300,2026-06-24,C,11.9,,,,3.88,,,0,,
 TH-02314,2026-06-24,C,11.9,,,,4.41,,,0,,
 TH-02339,2026-06-24,C,11.9,,,,4.07,,,0,,OK
 TH-02341,2026-06-24,C,11.9,,,,4.89,,,0,,OK
 TH-02354,2026-06-24,C,11.9,,,,4.91,,,0,,warn
 TH-02365,2026-06-24,C,11.9,,,,4.11,,,0,,warn
 TH-02380,2026-06-24,C,11.9,,,,3.93,,,0,,
 TH-02384,2026-06-24,C,11.9,,,,3.5,,,0,,OK
 TH-02385,2026-06-24,C,11.9,,,,4.35,,,0,,
 TH-02396,2026-06-24,C,11.9,,,,4.43,,,0,,OK
 TH-02399,2026-06-24,C,11.9,,,,4.0,,,0,,OK
TH-02002,2026-06-24,A,11.9,35.1,29.0,52.2,3.91,15.9,7,0,,ok
TH-02004,2026-06-24,A,11.9,34.9,30.0,51.5,4.94,16.0,7,0,,OK
TH-02007,2026-06-24,A,11.9,34.5,28.6,49.1,4.88,18.0,7,0,,ok
TH-02008,2026-06-24,A,11.9,36.2,30.9,46.2,4.13,17.6,8,0,,OK
TH-02011,2026-06-24,A,11.9,36.1,29.6,52.5,3.47,14.5,4,0,,ok
TH-02012,2026-06-24,A,11.9,35.0,30.0,48.5,4.92,17.1,8,0,,ok
TH-02016,2026-06-24,A,11.9,35.4,28.3,52.1,3.48,14.4,9,0,,OK
TH-02017,2026-06-24,A,11.9,35.2,28.6,50.9,4.04,17.2,9,0,,OK
TH-02019,2026-06-24,A,11.9,36.1,28.8,52.4,5.5,17.1,11,0,,OK
TH-02020,2026-06-24,A,11.9,35.2,29.8,49.6,4.91,18.3,6,0,,ok
TH-02021,2026-06-24,A,11.9,34.6,29.2,48.5,3.4,14.2,10,0,,OK
TH-02028,2026-06-24,A,11.9,34.5,27.7,52.6,5.71,18.8,8,0,,ok
TH-02031,2026-06-24,A,11.9,35.0,29.8,48.7,5.22,16.8,8,0,,ok
TH-02033,2026-06-24,A,11.9,34.2,27.2,47.7,5.51,17.4,10,0,,OK
TH-02034,2026-06-24,A,11.9,35.6,29.5,47.2,3.53,13.7,6,0,,ok
TH-02035,2026-06-24,A,11.9,33.9,27.8,50.6,4.33,16.5,9,0,,ok
TH-02036,2026-06-24,A,11.9,35.2,30.7,47.2,4.48,15.2,5,0,,OK
TH-02037,2026-06-24,A,11.9,35.4,28.2,48.9,3.75,12.8,7,0,,ok
TH-02038,2026-06-24,A,11.9,35.4,29.8,52.6,3.3,13.2,9,0,,OK
TH-02040,2026-06-24,A,11.9,33.6,28.2,48.9,4.7,14.9,12,0,,OK
TH-02044,2026-06-24,A,11.9,33.8,28.8,46.2,3.82,15.2,12,0,,ok
TH-02045,2026-06-24,A,11.9,35.3,30.5,52.7,3.74,13.9,8,0,,OK
TH-02046,2026-06-24,A,11.9,35.3,29.6,46.1,3.09,13.2,5,0,,ok
TH-02047,2026-06-24,A,11.9,34.7,29.4,52.3,4.57,16.2,2,0,,ok
TH-02049,2026-06-24,A,11.9,35.2,30.3,46.8,3.0,13.0,10,0,,ok
TH-02050,2026-06-24,A,11.9,33.3,26.7,52.4,2.97,12.0,10,0,,ok
TH-02051,2026-06-24,A,11.9,35.9,29.6,50.2,4.08,15.8,5,0,,OK
TH-02054,2026-06-24,A,11.9,35.8,29.9,47.5,4.3,16.4,10,0,,ok
TH-02056,2026-06-24,A,11.9,35.4,29.4,49.7,3.81,14.0,8,0,,OK
TH-02062,2026-06-24,A,11.9,35.9,30.5,49.4,3.74,15.3,6,0,,OK
TH-02065,2026-06-24,A,11.9,34.3,28.0,48.7,4.13,16.0,3,0,,OK
TH-02068,2026-06-24,A,11.9,33.9,28.5,48.6,5.46,17.3,12,0,,ok
TH-02073,2026-06-24,A,11.9,36.4,31.3,47.3,4.55,16.9,8,0,,OK
TH-02075,2026-06-24,A,11.9,35.5,30.3,50.5,4.41,14.7,8,0,,ok
TH-02076,2026-06-24,A,11.9,36.0,30.4,49.8,4.69,16.5,5,0,,OK
TH-02084,2026-06-24,A,11.9,35.8,30.5,48.3,2.88,12.5,15,0,,OK
TH-02085,2026-06-24,A,11.9,34.6,29.7,48.8,4.34,14.2,5,0,,ok
TH-02087,2026-06-24,A,11.9,34.4,26.9,49.9,2.83,11.9,9,0,,ok
TH-02091,2026-06-24,A,11.9,33.9,28.9,46.8,2.59,11.1,10,0,,ok
TH-02093,2026-06-24,A,11.9,35.3,30.3,48.3,4.86,15.7,14,0,,OK
TH-02094,2026-06-24,A,11.9,35.3,28.1,50.5,4.0,16.3,9,0,,OK
TH-02095,2026-06-24,A,11.9,35.3,29.9,50.5,3.28,14.1,4,0,,ok
TH-02097,2026-06-24,A,11.9,35.3,28.5,46.3,4.94,16.4,11,0,,OK
TH-02098,2026-06-24,A,11.9,34.3,28.2,50.8,4.69,15.5,7,0,,OK
TH-02099,2026-06-24,A,11.9,35.2,30.4,46.3,5.34,17.8,5,0,,OK
TH-02100,2026-06-24,A,11.9,35.4,29.1,46.9,3.71,16.3,5,0,,OK
TH-02101,2026-06-24,A,11.9,35.5,31.0,49.8,3.5,13.4,9,0,,OK
TH-02103,2026-06-24,A,11.9,34.6,28.7,49.5,3.77,14.6,10,0,,ok
TH-02109,2026-06-24,A,11.9,35.8,30.0,0,3.96,16.8,7,0,,ok
TH-02111,2026-06-24,A,11.9,34.0,27.8,50.4,5.38,17.8,7,0,,OK
TH-02120,2026-06-24,A,11.9,34.4,28.7,51.3,5.05,17.4,12,0,,OK
TH-02121,2026-06-24,A,11.9,33.8,28.8,48.9,3.57,13.8,8,0,,OK
TH-02124,2026-06-24,A,11.9,33.3,26.6,52.2,3.39,14.0,15,0,,OK
TH-02125,2026-06-24,A,11.9,35.9,30.7,49.8,3.69,15.4,6,0,,ok
TH-02126,2026-06-24,A,11.9,33.7,26.3,48.5,5.37,20.2,8,0,,OK
TH-02127,2026-06-24,A,11.9,34.3,29.0,53.0,4.27,14.8,10,0,,OK
TH-02129,2026-06-24,A,11.9,35.5,28.1,49.0,4.99,17.3,8,0,,OK
TH-02130,2026-06-24,A,11.9,35.4,29.1,47.2,4.82,15.5,6,0,,ok
TH-02132,2026-06-24,A,11.9,33.6,28.9,52.6,3.63,14.7,9,0,,OK
TH-02133,2026-06-24,A,11.9,33.8,26.4,51.9,4.06,16.5,5,0,,OK
TH-02134,2026-06-24,A,11.9,34.9,30.1,47.6,3.75,15.7,12,0,,ok
TH-02135,2026-06-24,A,11.9,34.0,26.8,46.5,4.28,16.4,5,0,,OK
TH-02136,2026-06-24,A,11.9,35.9,30.1,49.9,3.6,13.7,6,0,E-317,OK
TH-02137,2026-06-24,A,11.9,34.4,27.8,47.6,4.87,15.5,7,0,,ok
TH-02138,2026-06-24,A,11.9,35.8,30.0,47.5,3.05,12.9,6,0,,ok
TH-02140,2026-06-24,A,11.9,34.6,27.4,52.0,5.76,18.1,8,0,,OK
TH-02145,2026-06-24,B,11.9,,,,4809.2,,8,0,6021,0
TH-02146,2026-06-24,B,11.9,,,,24500.9,,6,0,,0
TH-02148,2026-06-24,B,11.9,,,,12901.1,,2,0,,0
TH-02149,2026-06-24,B,11.9,,,,8071.2,,10,0,,0
TH-02152,2026-06-24,B,11.9,,,,22516.7,,7,0,6021,0
TH-02158,2026-06-24,B,11.9,,,,7063.3,,11,0,6021,0
TH-02159,2026-06-24,B,11.9,,,,12068.5,,5,0,,0
TH-02162,2026-06-24,B,11.9,,,,14648.0,,9,0,6021,0
TH-02165,2026-06-24,B,11.9,,,,15105.8,,11,0,6021,0
TH-02166,2026-06-24,B,11.9,,,,17532.6,,8,0,6021,0
TH-02168,2026-06-24,B,11.9,,,,13640.6,,7,0,,0
TH-02169,2026-06-24,B,11.9,,,,18460.2,,9,0,6021,0
TH-02170,2026-06-24,B,11.9,,,,11446.0,,11,0,,0
TH-02171,2026-06-24,B,11.9,,,,14069.6,,10,0,,0
TH-02173,2026-06-24,B,11.9,,,,6950.2,,11,0,,0
TH-02176,2026-06-24,B,11.9,,,,5414.1,,7,0,,0
TH-02177,2026-06-24,B,11.9,,,,12943.6,,7,0,6021,0
TH-02178,2026-06-24,B,11.9,,,,19496.0,,5,0,,0
TH-02180,2026-06-24,B,11.9,,,,11603.5,,9,0,,0
TH-02181,2026-06-24,B,11.9,,,,18738.7,,9,0,,0
TH-02182,2026-06-24,B,11.9,,,,20946.2,,7,0,,0
TH-02184,2026-06-24,B,11.9,,,,20286.1,,9,0,,0
TH-02185,2026-06-24,B,11.9,,,,25220.2,,4,0,6021,0
TH-02187,2026-06-24,B,11.9,,,,13614.8,,11,0,6021,0
TH-02189,2026-06-24,B,11.9,,,,19356.8,,6,0,,0
TH-02190,2026-06-24,B,11.9,,,,24670.6,,7,0,6021,0
TH-02195,2026-06-24,B,11.9,,,,14822.9,,9,0,,0
TH-02196,2026-06-24,B,11.9,,,,25216.2,,6,0,,0
TH-02202,2026-06-24,B,11.9,35.0,29.8,,13816.2,,12,0,6021,0
TH-02206,2026-06-24,B,11.9,,,,17390.0,,10,0,6021,0
TH-02207,2026-06-24,B,11.9,,,,13671.9,,8,0,6021,0
TH-02213,2026-06-24,B,11.9,,,,9317.0,,6,0,,0
TH-02214,2026-06-24,B,11.9,,,,9123.1,,4,0,,0
TH-02215,2026-06-24,B,11.9,,,,18250.3,,13,0,,0
TH-02216,2026-06-24,B,11.9,,,,17160.1,,3,0,,0
TH-02221,2026-06-24,B,11.9,,,,16192.4,,9,0,,0
TH-02224,2026-06-24,B,11.9,,,,8752.7,,11,0,6021,0
TH-02228,2026-06-24,B,11.9,,,,23933.4,,9,0,6021,0
TH-02230,2026-06-24,B,11.9,,,,25619.0,,7,0,6021,0
TH-02231,2026-06-24,B,11.9,,,,7573.8,,10,0,6021,0
TH-02234,2026-06-24,B,11.9,,,,13284.5,,11,0,,0
TH-02235,2026-06-24,B,11.9,,,,22673.2,,5,0,,0
TH-02236,2026-06-24,B,11.9,,,,4230.5,,4,0,6021,0
TH-02238,2026-06-24,B,11.9,,,,7765.9,,6,0,,0
TH-02242,2026-06-24,B,11.9,,,,14336.2,,10,0,6021,0
TH-02243,2026-06-24,B,11.9,,,,11671.0,,6,0,,0
TH-02244,2026-06-24,B,11.9,,,,16868.4,,9,0,,0
TH-02245,2026-06-24,B,11.9,,,,14924.6,,10,0,,0
TH-02246,2026-06-24,B,11.9,,,,15942.1,,8,0,,0
TH-02247,2026-06-24,B,11.9,,,,5475.2,,7,0,6021,0
TH-02248,2026-06-24,B,11.9,,,,23276.9,,7,0,6021,0
TH-02249,2026-06-24,B,11.9,,,,6888.1,,11,0,6021,0
TH-02251,2026-06-24,B,11.9,,,,24448.8,,13,0,,0
TH-02256,2026-06-24,B,11.9,,,,7841.7,,5,0,,0
TH-02257,2026-06-24,B,11.9,,,,21271.1,,10,0,6021,0
TH-02258,2026-06-24,B,11.9,,,,10346.1,,11,0,6021,0
TH-02262,2026-06-24,B,11.9,,,,9171.9,,5,0,6021,0
TH-02265,2026-06-24,B,11.9,,,,22584.2,,12,0,6021,0
TH-02268,2026-06-24,B,11.9,,,,23815.1,,6,0,6021,0
TH-02270,2026-06-24,B,11.9,,,,21925.0,,8,0,6021,0
TH-02271,2026-06-24,B,11.9,,,,4935.8,,7,0,,0
TH-02272,2026-06-24,B,11.9,,,,24844.8,,11,0,6021,0
TH-02273,2026-06-24,B,11.9,,,,19801.0,,9,0,6021,0
TH-02275,2026-06-24,B,11.9,,,,12334.9,,9,0,6021,0
TH-02278,2026-06-24,B,11.9,,,,14814.2,,2,0,,0
TH-02279,2026-06-24,B,11.9,,,,21083.5,,11,0,6021,0
TH-02281,2026-06-24,B,11.9,,,,4248.2,,10,0,,0
TH-02283,2026-06-24,B,11.9,,,,21338.8,,9,0,,0
TH-02285,2026-06-24,B,11.9,35.3,29.8,,12819.3,,8,0,7702,2
TH-02286,2026-06-24,B,11.9,,,,7570.5,,4,0,,0
TH-02287,2026-06-24,B,11.9,,,,18017.1,,8,0,6021,0
TH-02288,2026-06-24,B,11.9,,,,5427.9,,7,0,6021,0
TH-02290,2026-06-24,B,11.9,,,,7309.4,,14,0,6021,0
TH-02292,2026-06-24,C,11.9,36.2,,,4.11,,,0,,OK
TH-02294,2026-06-24,C,11.9,,,,3.86,,,0,,warn
TH-02296,2026-06-24,C,11.9,,,,3.5,,,0,,warn
TH-02297,2026-06-24,C,11.9,,,,3.7,,,0,,OK
TH-02298,2026-06-24,C,11.9,,,,4.84,,,0,,
TH-02302,2026-06-24,C,11.9,,,,3.83,,,0,,OK
TH-02303,2026-06-24,C,11.9,,,,3.53,,,0,,OK
TH-02304,2026-06-24,C,11.9,,,,3.65,,,0,,OK
TH-02307,2026-06-24,C,11.9,,,,4.39,,,0,,warn
TH-02308,2026-06-24,C,11.9,,,,4.03,,,0,,
TH-02311,2026-06-24,C,11.9,,,,4.53,,,0,,warn
TH-02312,2026-06-24,C,11.9,,,,5.08,,,0,,OK
TH-02313,2026-06-24,C,11.9,,,,4.53,,,0,,warn
TH-02316,2026-06-24,C,11.9,,,,4.78,,,0,,OK
TH-02319,2026-06-24,C,11.9,,,50.4,3.61,,,0,,warn
TH-02322,2026-06-24,C,11.9,,,,3.03,,,0,,warn
TH-02323,2026-06-24,C,11.9,,,,4.21,,,0,,warn
TH-02324,2026-06-24,C,11.9,,,,5.27,,,0,,warn
TH-02331,2026-06-24,C,11.9,,,50.6,6.13,,,0,,
TH-02333,2026-06-24,C,11.9,,,,3.47,,,0,,
TH-02334,2026-06-24,C,11.9,,,,3.78,,,0,,
TH-02335,2026-06-24,C,11.9,,,,3.62,,,0,,OK
TH-02336,2026-06-24,C,11.9,,,,3.66,,,0,,warn
TH-02338,2026-06-24,C,11.9,,,,2.86,,,0,,OK
TH-02340,2026-06-24,C,11.9,,,,3.43,,,0,,warn
TH-02342,2026-06-24,C,11.9,,,,3.27,,,0,,OK
TH-02343,2026-06-24,C,11.9,,,,5.07,,,0,,
TH-02344,2026-06-24,C,11.9,36.1,,,4.76,,,0,,warn
TH-02347,2026-06-24,C,11.9,,,,4.22,,,0,,
TH-02348,2026-06-24,C,11.9,,,,5.05,,,0,,OK
TH-02351,2026-06-24,C,11.9,,,,4.66,,,0,,warn
TH-02352,2026-06-24,C,11.9,,,,3.96,,,0,,
TH-02355,2026-06-24,C,11.9,,,,5.27,,,0,,
TH-02357,2026-06-24,C,11.9,,,,3.39,,,0,,OK
TH-02358,2026-06-24,C,11.9,,,50.3,3.98,,,0,,
TH-02359,2026-06-24,C,11.9,,,,4.07,,,0,,warn
TH-02361,2026-06-24,C,11.9,,,,5.57,,,0,,warn
TH-02363,2026-06-24,C,11.9,,,,4.6,,,0,,OK
TH-02366,2026-06-24,C,11.9,,,,3.68,,,0,,warn
TH-02371,2026-06-24,C,11.9,,,46.5,3.54,,,0,,OK
TH-02374,2026-06-24,C,11.9,,,,3.95,,,0,,
TH-02379,2026-06-24,C,11.9,,,,3.55,,,0,,OK
TH-02387,2026-06-24,C,11.9,,,,3.92,,,0,,warn
TH-02388,2026-06-24,C,11.9,,,,4.5,,,0,,OK
TH-02393,2026-06-24,C,11.9,,,,3.32,,,0,,OK
TH-02395,2026-06-24,C,11.9,,,,4.88,,,0,,
TH-02397,2026-06-24,C,11.9,,,,3.26,,,0,,warn
TH-02398,2026-06-24,C,11.9,,,,3.94,,,0,,warn
TH-02400,2026-06-24,C,11.9,,,48.2,4.92,,,0,,OK
th-02032,2026-06-24,A,11.9,34.0,28.7,52.4,3.81,14.5,8,0,,ok
th-02048,2026-06-24,A,11.9,33.4,27.3,50.9,5.29,17.7,4,0,E-317,OK
th-02055,2026-06-24,A,11.9,35.1,29.9,49.9,3.96,16.3,8,0,,OK
th-02071,2026-06-24,A,11.9,35.3,29.4,51.2,4.71,17.9,7,0,,ok
th-02074,2026-06-24,A,11.9,35.5,29.1,46.1,3.98,14.0,3,0,,OK
th-02112,2026-06-24,A,11.9,34.4,27.0,50.4,3.43,14.5,14,0,,OK
th-02113,2026-06-24,A,11.9,34.6,29.5,51.2,4.57,14.4,10,0,,OK
th-02144,2026-06-24,B,11.9,,,,12938.0,,10,0,,0
th-02153,2026-06-24,B,11.9,,,,19022.7,,6,0,6021,0
th-02155,2026-06-24,B,11.9,,,,4485.7,,4,0,6021,0
th-02160,2026-06-24,B,11.9,,,,14935.2,,12,0,,0
th-02161,2026-06-24,B,11.9,,,,8279.8,,9,0,6021,0
th-02194,2026-06-24,B,11.9,,,,19003.7,,12,0,3104,2
th-02204,2026-06-24,B,11.9,,,,5178.0,,2,0,,0
th-02223,2026-06-24,B,11.9,,,,22233.2,,13,0,6021,0
th-02226,2026-06-24,B,11.9,34.5,29.6,,9737.9,,12,0,3104,2
th-02266,2026-06-24,B,11.9,,,,16108.4,,8,0,6021,0
th-02269,2026-06-24,B,11.9,,,,12389.4,,8,0,,0
th-02277,2026-06-24,B,11.9,,,,17874.0,,10,0,,0
th-02309,2026-06-24,C,11.9,,,,3.16,,,0,,
th-02317,2026-06-24,C,11.9,,,,4.22,,,0,,warn
th-02337,2026-06-24,C,11.9,,,,3.45,,,0,,warn
th-02345,2026-06-24,C,11.9,,,,3.3,,,0,,OK
th-02346,2026-06-24,C,11.9,,,,3.33,,,0,,OK
th-02360,2026-06-24,C,11.9,,,,4.39,,,0,,
th-02367,2026-06-24,C,11.9,,,,4.46,,,0,,
th-02375,2026-06-24,C,11.9,,,,4.07,,,0,,OK
th-02377,2026-06-24,C,11.9,,,,4.56,,,0,,
th-02381,2026-06-24,C,11.9,,,,4.25,,,0,,
th-02383,2026-06-24,C,11.9,,,,5.83,,,0,,OK
 TH-02021,2026-06-25,A,15.3,32.2,25.4,48.8,1.99,7.9,12,0,,ok
 TH-02037,2026-06-25,A,15.3,31.5,26.9,48.5,2.6,10.8,5,0,,ok
 TH-02040,2026-06-25,A,15.3,32.7,27.1,48.6,2.56,10.7,9,0,,OK
 TH-02054,2026-06-25,A,15.3,31.6,26.8,48.6,2.18,9.3,4,0,,OK
 TH-02056,2026-06-25,A,15.3,32.5,26.1,51.4,1.73,7.3,11,0,,OK
 TH-02084,2026-06-25,A,15.3,32.3,25.3,48.0,1.93,8.4,4,0,,ok
 TH-02118,2026-06-25,A,15.3,32.7,26.7,47.9,2.46,9.5,7,0,,OK
 TH-02188,2026-06-25,B,15.3,,,,24487.6,,5,0,6021,0
 TH-02206,2026-06-25,B,15.3,,,,17392.3,,6,0,,0
 TH-02226,2026-06-25,B,15.3,,,,9740.3,,12,0,,0
 TH-02231,2026-06-25,B,15.3,,,,7575.8,,8,0,,0
 TH-02242,2026-06-25,B,15.3,,,,14338.5,,14,0,6021,0
 TH-02243,2026-06-25,B,15.3,,,,11673.0,,7,0,6021,0
 TH-02249,2026-06-25,B,15.3,,,,6890.9,,10,0,6021,0
 TH-02255,2026-06-25,B,15.3,,,,12920.3,,10,0,6021,0
 TH-02270,2026-06-25,B,15.3,,,,21927.0,,7,0,6021,0
 TH-02273,2026-06-25,B,15.3,,,,19802.8,,8,0,6021,0
 TH-02298,2026-06-25,C,15.3,32.8,,,2.56,,,0,,OK
 TH-02323,2026-06-25,C,15.3,,,,2.91,,,0,,
 TH-02337,2026-06-25,C,15.3,,,,2.79,,,0,,OK
 TH-02346,2026-06-25,C,15.3,,,,2.1,,,0,,
 TH-02351,2026-06-25,C,15.3,,,,2.43,,,0,,
 TH-02399,2026-06-25,C,15.3,,,,2.5,,,0,,OK
TH-02001,2026-06-25,A,15.3,33.0,28.5,50.9,2.44,10.4,11,0,,ok
TH-02002,2026-06-25,A,15.3,32.8,27.5,47.4,2.4,10.1,5,0,,OK
TH-02004,2026-06-25,A,15.3,32.3,25.1,50.2,1.8,6.9,10,0,,OK
TH-02005,2026-06-25,A,15.3,32.2,25.6,50.6,2.56,9.7,12,0,,OK
TH-02007,2026-06-25,A,15.3,32.6,28.0,48.2,1.87,7.3,8,0,,OK
TH-02008,2026-06-25,A,15.3,34.5,29.2,49.9,3.02,10.5,3,0,,OK
TH-02009,2026-06-25,A,15.3,32.5,26.4,51.8,1.85,7.6,10,0,,ok
TH-02011,2026-06-25,A,15.3,32.7,25.9,49.7,2.02,8.0,8,0,,OK
TH-02012,2026-06-25,A,15.3,32.2,24.8,52.6,2.08,7.6,6,0,E-317,ok
TH-02016,2026-06-25,A,15.3,32.1,27.0,46.9,2.61,10.1,11,0,,OK
TH-02019,2026-06-25,A,15.3,33.4,26.4,46.4,1.7,7.1,2,0,,ok
TH-02023,2026-06-25,A,15.3,32.8,27.3,52.2,2.54,9.4,4,0,,OK
TH-02025,2026-06-25,A,15.3,32.5,26.9,49.1,1.97,7.9,10,0,,ok
TH-02028,2026-06-25,A,15.3,31.4,26.5,52.2,2.38,7.8,13,0,,OK
TH-02030,2026-06-25,A,15.3,32.8,27.2,51.6,1.61,6.5,8,0,,ok
TH-02031,2026-06-25,A,15.3,34.3,27.4,50.9,2.03,7.8,14,0,,ok
TH-02032,2026-06-25,A,15.3,33.4,26.5,51.5,2.1,8.1,5,0,,OK
TH-02033,2026-06-25,A,15.3,32.0,25.1,48.4,1.8,7.6,8,0,,ok
TH-02034,2026-06-25,A,15.3,34.0,28.5,48.9,2.21,7.3,10,0,,OK
TH-02035,2026-06-25,A,15.3,33.8,27.5,53.0,2.31,9.2,9,0,,ok
TH-02036,2026-06-25,A,15.3,33.5,27.3,47.8,1.82,6.8,15,0,,ok
TH-02038,2026-06-25,A,15.3,33.4,28.2,51.0,2.41,9.0,8,0,,OK
TH-02044,2026-06-25,A,15.3,34.3,29.0,48.5,2.23,9.1,3,0,,ok
TH-02045,2026-06-25,A,15.3,33.5,27.3,48.2,2.63,8.6,6,0,,ok
TH-02046,2026-06-25,A,15.3,33.0,27.0,47.5,2.42,7.9,9,0,,OK
TH-02047,2026-06-25,A,15.3,33.0,26.5,50.6,3.21,11.0,8,0,,OK
TH-02048,2026-06-25,A,15.3,31.8,26.8,48.0,2.63,9.8,10,0,,ok
TH-02049,2026-06-25,A,15.3,32.8,27.2,46.8,3.23,11.0,12,0,,OK
TH-02050,2026-06-25,A,15.3,33.9,28.4,48.8,2.64,8.8,14,0,,OK
TH-02053,2026-06-25,A,15.3,33.8,27.2,47.2,1.56,6.2,9,0,,ok
TH-02055,2026-06-25,A,15.3,33.9,29.0,47.8,2.06,7.8,7,0,,OK
TH-02061,2026-06-25,A,15.3,33.7,28.3,49.9,2.39,8.7,11,0,,OK
TH-02062,2026-06-25,A,15.3,31.9,25.5,0,2.44,8.5,7,0,,ok
TH-02071,2026-06-25,A,15.3,32.9,25.8,48.3,2.83,8.8,8,0,,OK
TH-02072,2026-06-25,A,15.3,34.1,27.5,47.0,1.76,7.4,9,0,,ok
TH-02073,2026-06-25,A,15.3,32.1,27.3,50.2,2.96,10.5,11,0,,ok
TH-02074,2026-06-25,A,15.3,32.8,25.8,50.1,2.17,8.6,12,0,,ok
TH-02075,2026-06-25,A,15.3,33.9,26.7,52.4,1.87,8.0,4,0,,ok
TH-02076,2026-06-25,A,15.3,31.8,26.5,47.6,1.71,7.2,9,0,,ok
TH-02077,2026-06-25,A,15.3,31.6,26.9,51.7,2.12,7.0,6,0,,ok
TH-02078,2026-06-25,A,15.3,33.8,26.4,48.3,2.43,8.7,12,0,,ok
TH-02080,2026-06-25,A,15.3,33.5,27.2,51.5,2.47,10.4,5,0,,OK
TH-02083,2026-06-25,A,15.3,34.1,29.4,47.5,2.39,7.9,9,0,,OK
TH-02085,2026-06-25,A,15.3,33.5,27.4,46.9,2.7,11.0,6,0,,OK
TH-02086,2026-06-25,A,15.3,32.5,27.2,48.7,2.87,10.3,3,0,,OK
TH-02087,2026-06-25,A,15.3,32.7,26.0,46.3,2.28,7.3,6,0,,OK
TH-02090,2026-06-25,A,15.3,33.8,27.9,49.9,2.69,8.7,5,0,,ok
TH-02093,2026-06-25,A,15.3,33.1,26.4,46.9,2.84,9.3,9,0,,OK
TH-02094,2026-06-25,A,15.3,33.5,27.0,0,2.22,6.9,2,0,,OK
TH-02097,2026-06-25,A,15.3,32.1,24.8,52.0,2.82,10.1,9,0,,OK
TH-02098,2026-06-25,A,15.3,33.6,26.7,47.9,2.71,8.9,2,0,,OK
TH-02099,2026-06-25,A,15.3,32.2,26.6,47.0,2.29,9.2,11,0,,ok
TH-02100,2026-06-25,A,15.3,33.8,28.8,52.2,3.02,9.6,13,0,,ok
TH-02101,2026-06-25,A,15.3,33.1,28.3,46.2,2.27,8.4,9,0,,ok
TH-02103,2026-06-25,A,15.3,34.0,27.7,46.7,2.92,10.9,8,0,,OK
TH-02109,2026-06-25,A,15.3,31.9,26.7,48.6,2.02,7.5,13,0,,ok
TH-02111,2026-06-25,A,15.3,34.3,28.9,47.9,2.32,8.5,8,0,E-317,ok
TH-02112,2026-06-25,A,15.3,33.4,27.9,48.6,1.97,6.2,3,0,,OK
TH-02113,2026-06-25,A,15.3,31.7,26.5,50.6,2.67,10.6,8,0,E-505,OK
TH-02114,2026-06-25,A,15.3,33.0,27.9,46.7,2.06,8.0,12,0,,OK
TH-02120,2026-06-25,A,15.3,33.3,26.4,46.1,2.22,7.5,3,0,,ok
TH-02121,2026-06-25,A,15.3,32.1,24.8,49.2,2.42,8.2,14,0,,ok
TH-02124,2026-06-25,A,15.3,32.8,26.7,48.4,3.01,9.6,6,0,,ok
TH-02125,2026-06-25,A,15.3,32.6,26.6,48.5,2.44,9.3,3,0,,OK
TH-02126,2026-06-25,A,15.3,32.0,25.9,52.4,2.15,9.2,6,0,,OK
TH-02127,2026-06-25,A,15.3,32.0,25.9,49.3,1.71,7.1,5,0,,OK
TH-02129,2026-06-25,A,15.3,32.3,24.9,47.5,2.26,8.0,8,0,,ok
TH-02132,2026-06-25,A,15.3,31.8,27.1,49.5,1.84,8.0,6,0,,OK
TH-02133,2026-06-25,A,15.3,31.9,25.5,52.0,1.8,7.5,9,0,,ok
TH-02134,2026-06-25,A,15.3,33.6,28.6,51.8,2.55,10.6,10,0,,ok
TH-02135,2026-06-25,A,15.3,33.4,27.0,49.5,2.1,9.2,9,0,,ok
TH-02136,2026-06-25,A,15.3,33.7,28.1,51.6,3.02,9.6,9,0,,OK
TH-02137,2026-06-25,A,15.3,33.4,28.6,48.5,2.14,8.2,12,0,,OK
TH-02138,2026-06-25,A,15.3,34.2,27.8,51.7,2.39,9.8,12,0,,OK
TH-02139,2026-06-25,A,15.3,32.2,26.7,49.1,2.22,8.3,10,0,,OK
TH-02140,2026-06-25,A,15.3,33.6,26.4,46.0,2.19,8.1,8,0,,OK
TH-02141,2026-06-25,B,15.3,,,,17171.4,,8,0,,0
TH-02143,2026-06-25,B,15.3,,,,17917.0,,10,0,6021,0
TH-02144,2026-06-25,B,15.3,,,,12940.0,,8,0,6021,0
TH-02145,2026-06-25,B,15.3,,,,4810.8,,8,0,,0
TH-02146,2026-06-25,B,15.3,,,,24502.6,,9,0,6021,0
TH-02149,2026-06-25,B,15.3,,,,8073.3,,8,0,,0
TH-02152,2026-06-25,B,15.3,,,,22519.0,,7,0,6021,0
TH-02153,2026-06-25,B,15.3,,,,19025.2,,9,0,,0
TH-02155,2026-06-25,B,15.3,,,,4488.5,,9,0,,0
TH-02158,2026-06-25,B,15.3,,,,7065.7,,10,0,,0
TH-02159,2026-06-25,B,15.3,,,,12070.3,,9,0,,0
TH-02160,2026-06-25,B,15.3,,,,14938.5,,6,0,6021,0
TH-02161,2026-06-25,B,15.3,,,,8282.0,,5,0,,0
TH-02165,2026-06-25,B,15.3,,,,15107.7,,8,0,,0
TH-02166,2026-06-25,B,15.3,,,,17535.0,,10,0,,0
TH-02168,2026-06-25,B,15.3,,,,13642.5,,7,0,6021,0
TH-02169,2026-06-25,B,15.3,,,,18462.8,,10,0,,0
TH-02171,2026-06-25,B,15.3,,,,14071.7,,7,0,,0
TH-02173,2026-06-25,B,15.3,,,,6952.3,,6,0,,0
TH-02175,2026-06-25,B,15.3,,,,12055.6,,13,0,,0
TH-02176,2026-06-25,B,15.3,,,,5416.0,,10,0,6021,0
TH-02177,2026-06-25,B,15.3,,,,12945.4,,10,0,,0
TH-02178,2026-06-25,B,15.3,,,,19498.4,,10,0,6021,0
TH-02180,2026-06-25,B,15.3,,,,11606.1,,6,0,,0
TH-02181,2026-06-25,B,15.3,,,,18741.9,,9,0,6021,0
TH-02182,2026-06-25,B,15.3,,,,20949.0,,12,0,,0
TH-02184,2026-06-25,B,15.3,32.2,27.4,,20287.7,,4,0,6021,0
TH-02185,2026-06-25,B,15.3,,,,25222.0,,3,0,,0
TH-02187,2026-06-25,B,15.3,,,,13617.3,,6,0,7702,2
TH-02189,2026-06-25,B,15.3,,,,19359.0,,3,0,6021,0
TH-02190,2026-06-25,B,15.3,,,,24673.6,,7,0,3104,2
TH-02192,2026-06-25,B,15.3,,,,23378.7,,5,0,,0
TH-02194,2026-06-25,B,15.3,,,,19005.2,,5,0,6021,0
TH-02195,2026-06-25,B,15.3,,,,14825.0,,4,0,,0
TH-02196,2026-06-25,B,15.3,,,,25219.3,,8,0,,0
TH-02202,2026-06-25,B,15.3,,,,13818.9,,11,0,,0
TH-02204,2026-06-25,B,15.3,,,,5180.2,,5,0,,0
TH-02207,2026-06-25,B,15.3,,,,13674.7,,6,0,6021,0
TH-02213,2026-06-25,B,15.3,,,,9319.5,,2,0,6021,0
TH-02214,2026-06-25,B,15.3,,,,9125.5,,9,0,,0
TH-02215,2026-06-25,B,15.3,,,,18252.2,,11,0,6021,0
TH-02216,2026-06-25,B,15.3,,,,17162.7,,9,0,6021,0
TH-02223,2026-06-25,B,15.3,,,,22235.2,,10,0,6021,0
TH-02224,2026-06-25,B,15.3,,,,8754.5,,2,0,7702,2
TH-02230,2026-06-25,B,15.3,,,,25621.2,,4,0,6021,0
TH-02234,2026-06-25,B,15.3,,,,13286.7,,7,0,6021,0
TH-02235,2026-06-25,B,15.3,,,,22675.2,,5,0,6021,0
TH-02238,2026-06-25,B,15.3,33.4,26.7,,7768.3,,8,0,6021,0
TH-02239,2026-06-25,B,15.3,,,,17205.5,,6,0,,0
TH-02244,2026-06-25,B,15.3,,,,16871.3,,8,0,7702,2
TH-02245,2026-06-25,B,15.3,,,,14927.8,,7,0,,0
TH-02246,2026-06-25,B,15.3,,,,15944.5,,8,0,6021,0
TH-02247,2026-06-25,B,15.3,,,,5477.7,,10,0,6021,0
TH-02250,2026-06-25,B,15.3,,,,11175.1,,10,0,6021,0
TH-02251,2026-06-25,B,15.3,,,,24451.4,,10,0,6021,0
TH-02256,2026-06-25,B,15.3,,,,7844.1,,8,0,,0
TH-02258,2026-06-25,B,15.3,,,,10348.3,,6,0,,0
TH-02260,2026-06-25,B,15.3,,,,7331.3,,12,0,,0
TH-02265,2026-06-25,B,15.3,,,,22586.5,,8,0,,0
TH-02266,2026-06-25,B,15.3,,,,16110.5,,10,0,,0
TH-02267,2026-06-25,B,15.3,,,,11533.2,,7,0,6021,0
TH-02268,2026-06-25,B,15.3,,,,23818.1,,12,0,,0
TH-02269,2026-06-25,B,15.3,,,,12391.8,,7,0,6021,0
TH-02271,2026-06-25,B,15.3,,,,4938.6,,7,0,,0
TH-02275,2026-06-25,B,15.3,,,,12337.6,,9,0,6021,0
TH-02279,2026-06-25,B,15.3,,,,21085.9,,12,0,,0
TH-02280,2026-06-25,B,15.3,,,,17712.0,,7,0,6021,0
TH-02283,2026-06-25,B,15.3,,,,21341.5,,9,0,6021,0
TH-02285,2026-06-25,B,15.3,,,,12822.1,,15,0,6021,0
TH-02286,2026-06-25,B,15.3,,,,7572.7,,8,0,,0
TH-02288,2026-06-25,B,15.3,,,,5430.1,,4,0,,0
TH-02290,2026-06-25,B,15.3,,,,7311.9,,5,0,6021,0
TH-02294,2026-06-25,C,15.3,,,,2.27,,,0,,
TH-02299,2026-06-25,C,15.3,,,,2.68,,,0,ALM_SM_LINK,warn
TH-02300,2026-06-25,C,15.3,,,,1.9,,,0,,OK
TH-02303,2026-06-25,C,15.3,,,,2.61,,,0,,
TH-02304,2026-06-25,C,15.3,,,,2.78,,,0,,warn
TH-02307,2026-06-25,C,15.3,,,,1.89,,,0,ALM_HP_HP_SWITCH,
TH-02308,2026-06-25,C,15.3,,,,2.56,,,0,,OK
TH-02309,2026-06-25,C,15.3,,,,2.82,,,0,,
TH-02311,2026-06-25,C,15.3,,,,2.91,,,0,,warn
TH-02312,2026-06-25,C,15.3,,,,-3.68,,,0,ALM_HP_HP_SWITCH,
TH-02313,2026-06-25,C,15.3,31.4,,,1.86,,,0,,warn
TH-02314,2026-06-25,C,15.3,,,,1.52,,,0,,warn
TH-02317,2026-06-25,C,15.3,,,,2.29,,,0,,OK
TH-02319,2026-06-25,C,15.3,,,,2.8,,,0,,warn
TH-02322,2026-06-25,C,15.3,,,,2.32,,,0,,OK
TH-02324,2026-06-25,C,15.3,,,,1.74,,,0,,
TH-02331,2026-06-25,C,15.3,,,,2.02,,,0,,
TH-02334,2026-06-25,C,15.3,,,,2.35,,,0,,warn
TH-02335,2026-06-25,C,15.3,,,,2.13,,,0,,
TH-02336,2026-06-25,C,15.3,,,,2.83,,,0,,
TH-02338,2026-06-25,C,15.3,,,,2.04,,,0,,
TH-02339,2026-06-25,C,15.3,,,,2.36,,,0,,
TH-02340,2026-06-25,C,15.3,,,,2.54,,,0,,
TH-02341,2026-06-25,C,15.3,,,,2.66,,,0,,OK
TH-02342,2026-06-25,C,15.3,,,,2.03,,,0,,OK
TH-02343,2026-06-25,C,15.3,,,,2.51,,,0,,OK
TH-02344,2026-06-25,C,15.3,,,,2.22,,,0,,warn
TH-02345,2026-06-25,C,15.3,,,,2.05,,,0,,warn
TH-02347,2026-06-25,C,15.3,,,,1.61,,,0,,warn
TH-02348,2026-06-25,C,15.3,,,,2.32,,,0,,
TH-02352,2026-06-25,C,15.3,,,,1.64,,,0,,
TH-02354,2026-06-25,C,15.3,,,,2.4,,,0,,
TH-02355,2026-06-25,C,15.3,,,,2.22,,,0,,warn
TH-02357,2026-06-25,C,15.3,,,,1.71,,,0,,warn
TH-02358,2026-06-25,C,15.3,,,,2.16,,,0,,warn
TH-02359,2026-06-25,C,15.3,,,,2.17,,,0,,OK
TH-02360,2026-06-25,C,15.3,,,,2.25,,,0,,
TH-02361,2026-06-25,C,15.3,,,,1.83,,,0,,warn
TH-02363,2026-06-25,C,15.3,,,,2.07,,,0,,OK
TH-02365,2026-06-25,C,15.3,,,,2.54,,,0,,OK
TH-02366,2026-06-25,C,15.3,,,,3.23,,,0,,warn
TH-02367,2026-06-25,C,15.3,,,,2.22,,,0,,warn
TH-02371,2026-06-25,C,15.3,,,,2.05,,,0,,warn
TH-02374,2026-06-25,C,15.3,,,,1.63,,,0,,warn
TH-02375,2026-06-25,C,15.3,,,,2.59,,,0,,OK
TH-02377,2026-06-25,C,15.3,,,,1.45,,,0,,warn
TH-02379,2026-06-25,C,15.3,,,,1.47,,,0,,OK
TH-02380,2026-06-25,C,15.3,,,,2.97,,,0,,OK
TH-02381,2026-06-25,C,15.3,,,,1.61,,,0,,warn
TH-02383,2026-06-25,C,15.3,,,,1.42,,,0,,warn
TH-02385,2026-06-25,C,15.3,,,,1.8,,,0,,OK
TH-02387,2026-06-25,C,15.3,,,,2.02,,,0,,OK
TH-02389,2026-06-25,C,15.3,,,,2.59,,,0,,warn
TH-02393,2026-06-25,C,15.3,,,,-1.29,,,0,,
TH-02395,2026-06-25,C,15.3,,,,2.21,,,0,,
TH-02396,2026-06-25,C,15.3,,,,1.81,,,0,,
TH-02397,2026-06-25,C,15.3,,,48.5,2.29,,,0,,
TH-02400,2026-06-25,C,15.3,,,,2.07,,,0,,
TH-90000,2026-06-25,C,15.3,,,,5.05,,,0,,OK
TH-90001,2026-06-25,C,15.3,,,,13.87,,,0,,OK
TH-90002,2026-06-25,C,15.3,,,,13.42,,,0,,OK
TH-90003,2026-06-25,C,15.3,,,,4.84,,,0,,OK
TH-90004,2026-06-25,C,15.3,,,,13.12,,,0,,OK
th-02006,2026-06-25,A,15.3,33.0,26.7,48.3,2.91,10.4,10,0,,OK
th-02017,2026-06-25,A,15.3,31.4,25.2,47.8,2.17,9.5,7,0,,ok
th-02020,2026-06-25,A,15.3,33.4,26.5,50.7,1.42,5.8,12,0,,OK
th-02051,2026-06-25,A,15.3,32.6,27.4,46.6,1.44,5.9,8,0,,ok
th-02063,2026-06-25,A,15.3,34.3,28.6,48.6,2.61,11.2,7,0,,OK
th-02065,2026-06-25,A,15.3,31.7,27.0,50.0,2.6,10.6,9,0,,ok
th-02068,2026-06-25,A,15.3,33.0,28.4,50.3,2.98,11.3,10,0,,OK
th-02081,2026-06-25,A,15.3,34.2,27.3,51.4,2.74,10.5,6,0,,OK
th-02091,2026-06-25,A,15.3,31.9,27.3,50.4,2.24,7.9,3,0,,ok
th-02095,2026-06-25,A,15.3,34.2,26.8,51.5,2.47,9.1,11,0,,ok
th-02122,2026-06-25,A,15.3,31.8,25.3,50.2,2.59,8.6,10,0,,OK
th-02148,2026-06-25,B,15.3,,,,12902.8,,7,0,,0
th-02162,2026-06-25,B,15.3,,,,14651.1,,6,0,6021,0
th-02221,2026-06-25,B,15.3,,,,16194.9,,4,0,,0
th-02236,2026-06-25,B,15.3,,,,4232.8,,11,0,,0
th-02240,2026-06-25,B,15.3,,,,8045.3,,7,0,6021,0
th-02248,2026-06-25,B,15.3,,,,23280.0,,8,0,6021,0
th-02257,2026-06-25,B,15.3,,,,21273.1,,2,0,6021,0
th-02272,2026-06-25,B,15.3,,,,24847.1,,11,0,6021,0
th-02277,2026-06-25,B,15.3,,,,17876.5,,10,0,,0
th-02278,2026-06-25,B,15.3,,,,14816.1,,10,0,6021,0
th-02281,2026-06-25,B,15.3,,,,4251.0,,11,0,,0
th-02287,2026-06-25,B,15.3,,,,18019.3,,4,0,,0
th-02296,2026-06-25,C,15.3,,,,2.23,,,0,,warn
th-02297,2026-06-25,C,15.3,,,,2.81,,,0,,OK
th-02302,2026-06-25,C,15.3,,,,3.08,,,0,,OK
th-02316,2026-06-25,C,15.3,,,,2.09,,,0,,OK
th-02333,2026-06-25,C,15.3,31.4,,,2.74,,,0,,warn
th-02384,2026-06-25,C,15.3,,,,1.71,,,0,,warn
th-02388,2026-06-25,C,15.3,,,,2.45,,,0,,OK
th-02398,2026-06-25,C,15.3,,,,2.41,,,0,,warn
 TH-02012,2026-06-26,A,12.5,34.1,28.3,49.1,3.65,12.6,8,0,,ok
 TH-02032,2026-06-26,A,12.5,34.4,28.8,48.1,4.09,12.9,4,0,,OK
 TH-02049,2026-06-26,A,12.5,33.8,27.6,0,4.24,13.6,15,0,,OK
 TH-02050,2026-06-26,A,12.5,34.3,29.5,50.9,4.75,15.6,3,0,,OK
 TH-02091,2026-06-26,A,12.5,35.4,28.9,49.3,3.7,14.2,4,0,,ok
 TH-02114,2026-06-26,A,12.5,33.3,27.9,50.8,5.14,17.2,7,0,,OK
 TH-02122,2026-06-26,A,12.5,34.0,28.7,51.6,3.52,14.3,8,0,,ok
 TH-02155,2026-06-26,B,12.5,,,,4492.9,,4,0,,0
 TH-02189,2026-06-26,B,12.5,,,,19362.2,,7,0,6021,0
 TH-02204,2026-06-26,B,12.5,,,,5183.9,,3,0,,0
 TH-02223,2026-06-26,B,12.5,,,,22239.6,,7,0,,0
 TH-02234,2026-06-26,B,12.5,,,,13289.9,,5,0,6021,0
 TH-02239,2026-06-26,B,12.5,,,,17210.0,,13,0,,0
 TH-02251,2026-06-26,B,12.5,,,,24455.8,,5,0,,0
 TH-02256,2026-06-26,B,12.5,,,,7848.3,,6,0,,0
 TH-02262,2026-06-26,B,12.5,,,,9175.5,,7,0,,0
 TH-02271,2026-06-26,B,12.5,,,,4942.8,,6,0,,0
 TH-02280,2026-06-26,B,12.5,,,,17715.6,,8,0,6021,0
 TH-02287,2026-06-26,B,12.5,,,,18022.1,,2,0,6021,0
 TH-02299,2026-06-26,C,12.5,,,,3.54,,,0,,
 TH-02331,2026-06-26,C,12.5,,,,3.02,,,0,,warn
 TH-02347,2026-06-26,C,12.5,,,,4.93,,,0,,OK
 TH-02351,2026-06-26,C,12.5,,,,3.42,,,0,,OK
 TH-02366,2026-06-26,C,12.5,,,,5.07,,,0,,warn
TH-02001,2026-06-26,A,12.5,33.7,26.4,48.6,4.14,17.1,9,0,,ok
TH-02002,2026-06-26,A,12.5,35.3,30.1,50.1,3.58,15.5,7,0,,OK
TH-02004,2026-06-26,A,12.5,35.5,30.1,52.3,4.31,13.8,10,0,,OK
TH-02006,2026-06-26,A,12.5,33.4,26.7,47.2,2.76,11.4,11,0,E-505,OK
TH-02007,2026-06-26,A,12.5,35.1,29.0,51.3,3.42,13.8,9,0,,OK
TH-02008,2026-06-26,A,12.5,34.2,27.9,51.9,3.18,12.8,5,0,,ok
TH-02009,2026-06-26,A,12.5,35.1,30.5,52.0,3.29,14.4,11,0,,ok
TH-02011,2026-06-26,A,12.5,35.8,30.2,48.9,4.02,13.1,14,0,,OK
TH-02016,2026-06-26,A,12.5,34.6,30.0,47.6,4.5,14.3,9,0,,OK
TH-02017,2026-06-26,A,12.5,35.1,29.8,46.8,4.18,14.0,4,0,,ok
TH-02019,2026-06-26,A,12.5,35.6,29.1,47.1,3.95,13.4,7,0,,ok
TH-02020,2026-06-26,A,12.5,34.2,27.6,46.3,3.67,12.4,5,0,,ok
TH-02021,2026-06-26,A,12.5,34.4,29.8,50.1,3.85,14.1,5,0,,OK
TH-02023,2026-06-26,A,12.5,33.3,27.6,46.8,3.97,13.6,12,0,,OK
TH-02025,2026-06-26,A,12.5,34.4,29.8,47.6,4.15,15.5,7,0,,ok
TH-02028,2026-06-26,A,12.5,35.6,28.2,47.7,4.11,16.0,11,0,,OK
TH-02030,2026-06-26,A,12.5,35.6,28.9,49.4,3.68,13.7,5,0,,ok
TH-02031,2026-06-26,A,12.5,33.4,26.1,53.0,4.48,17.3,7,0,,ok
TH-02033,2026-06-26,A,12.5,34.2,29.4,48.5,3.72,15.1,5,0,,OK
TH-02034,2026-06-26,A,12.5,33.7,26.5,50.0,4.48,14.6,6,0,,OK
TH-02035,2026-06-26,A,12.5,33.3,27.5,47.9,4.02,14.2,12,0,,ok
TH-02036,2026-06-26,A,12.5,34.5,27.7,48.9,3.52,14.8,8,0,,OK
TH-02038,2026-06-26,A,12.5,34.6,29.5,49.0,4.24,17.2,6,0,,ok
TH-02040,2026-06-26,A,12.5,33.3,27.3,48.3,3.76,13.9,5,0,,ok
TH-02045,2026-06-26,A,12.5,35.9,28.5,52.2,3.63,12.4,10,0,,ok
TH-02047,2026-06-26,A,12.5,35.5,30.1,47.0,3.67,14.5,10,0,,OK
TH-02048,2026-06-26,A,12.5,33.5,26.2,46.2,3.6,15.4,12,0,E-211,warn
TH-02051,2026-06-26,A,12.5,34.7,28.5,51.4,2.82,11.4,5,0,,ok
TH-02052,2026-06-26,A,12.5,35.6,29.0,52.2,4.12,14.5,6,0,,ok
TH-02054,2026-06-26,A,12.5,35.9,31.3,52.6,4.12,13.9,2,0,,OK
TH-02055,2026-06-26,A,12.5,35.8,30.2,52.6,4.39,15.7,7,0,,OK
TH-02056,2026-06-26,A,12.5,33.7,28.3,49.9,4.7,16.9,9,0,,OK
TH-02061,2026-06-26,A,12.5,34.1,27.5,50.9,3.05,11.4,9,0,,ok
TH-02062,2026-06-26,A,12.5,33.6,28.6,47.5,4.05,16.5,12,0,,ok
TH-02063,2026-06-26,A,12.5,33.3,26.7,52.4,5.62,17.8,9,0,,ok
TH-02065,2026-06-26,A,12.5,33.7,26.9,46.4,3.96,13.2,9,0,,OK
TH-02068,2026-06-26,A,12.5,34.1,28.2,50.1,3.34,11.7,9,0,,ok
TH-02072,2026-06-26,A,12.5,33.6,27.0,51.7,3.73,14.6,10,0,,ok
TH-02073,2026-06-26,A,12.5,33.3,26.5,46.1,3.84,13.7,9,0,,OK
TH-02074,2026-06-26,A,12.5,34.0,28.8,46.9,4.1,13.4,10,0,,OK
TH-02075,2026-06-26,A,12.5,33.2,28.7,47.4,4.51,16.4,11,0,,ok
TH-02080,2026-06-26,A,12.5,33.5,28.4,48.1,4.13,16.6,5,0,,ok
TH-02081,2026-06-26,A,12.5,34.8,28.9,46.5,4.32,15.6,14,0,,ok
TH-02083,2026-06-26,A,12.5,35.0,29.3,49.6,4.11,15.5,4,0,,ok
TH-02084,2026-06-26,A,12.5,35.0,29.7,48.3,3.29,12.9,14,0,,OK
TH-02085,2026-06-26,A,12.5,35.6,29.9,47.3,4.4,16.1,4,0,,ok
TH-02086,2026-06-26,A,12.5,35.4,28.5,49.6,3.94,15.1,8,0,,OK
TH-02087,2026-06-26,A,12.5,33.6,27.3,49.1,2.86,12.2,8,0,,ok
TH-02090,2026-06-26,A,12.5,34.5,27.7,46.2,2.66,11.3,7,0,,ok
TH-02093,2026-06-26,A,12.5,33.5,27.5,51.6,4.59,15.7,6,0,,OK
TH-02094,2026-06-26,A,12.5,33.8,27.2,51.5,3.18,13.9,5,0,,OK
TH-02095,2026-06-26,A,12.5,33.5,27.8,49.7,3.92,12.8,8,0,,ok
TH-02097,2026-06-26,A,12.5,35.5,30.7,51.5,3.83,14.1,2,0,,OK
TH-02099,2026-06-26,A,12.5,33.2,25.7,47.5,4.46,14.2,9,0,,ok
TH-02100,2026-06-26,A,12.5,35.1,28.0,50.8,4.12,14.4,8,0,,ok
TH-02111,2026-06-26,A,12.5,33.3,28.4,50.9,3.42,12.3,9,0,,ok
TH-02113,2026-06-26,A,12.5,34.6,29.4,52.3,4.98,17.7,10,0,,ok
TH-02120,2026-06-26,A,12.5,33.4,26.3,48.9,3.56,14.9,7,0,,ok
TH-02121,2026-06-26,A,12.5,35.9,31.0,50.8,3.75,12.9,8,0,,OK
TH-02124,2026-06-26,A,12.5,34.6,29.6,47.0,4.93,15.3,4,0,,OK
TH-02125,2026-06-26,A,12.5,34.6,29.0,46.6,4.18,15.0,9,0,,ok
TH-02127,2026-06-26,A,12.5,35.0,30.4,51.0,3.82,14.5,7,0,,OK
TH-02129,2026-06-26,A,12.5,35.5,29.7,47.4,3.15,13.1,3,0,,ok
TH-02130,2026-06-26,A,12.5,32.8,27.3,50.7,2.75,12.1,10,0,,ok
TH-02132,2026-06-26,A,12.5,34.8,30.1,50.5,3.67,13.9,9,0,,OK
TH-02133,2026-06-26,A,12.5,33.1,26.3,50.4,4.3,15.5,2,0,E-211,warn
TH-02134,2026-06-26,A,12.5,34.3,29.0,47.4,4.09,15.8,5,0,,ok
TH-02135,2026-06-26,A,12.5,35.7,29.5,47.1,4.68,14.8,6,0,,OK
TH-02136,2026-06-26,A,12.5,34.8,28.5,51.5,2.48,10.8,7,0,,OK
TH-02137,2026-06-26,A,12.5,35.5,28.1,48.1,3.79,15.2,5,0,,OK
TH-02138,2026-06-26,A,12.5,35.2,30.0,48.3,3.19,13.5,13,0,E-317,OK
TH-02140,2026-06-26,A,12.5,35.7,30.3,48.4,4.17,13.6,13,0,,OK
TH-02141,2026-06-26,B,12.5,,,,17175.4,,10,0,,0
TH-02144,2026-06-26,B,12.5,,,,12944.1,,6,0,,0
TH-02145,2026-06-26,B,12.5,,,,4815.7,,9,0,,0
TH-02146,2026-06-26,B,12.5,,,,24505.9,,7,0,,0
TH-02148,2026-06-26,B,12.5,,,,12906.8,,12,0,6021,0
TH-02149,2026-06-26,B,12.5,,,,8077.4,,4,0,,0
TH-02152,2026-06-26,B,12.5,,,,22523.1,,11,0,6021,0
TH-02153,2026-06-26,B,12.5,,,,19028.6,,10,0,6021,0
TH-02158,2026-06-26,B,12.5,,,,7069.0,,9,0,,0
TH-02159,2026-06-26,B,12.5,,,,12073.9,,3,0,,0
TH-02160,2026-06-26,B,12.5,,,,14943.1,,3,0,6021,0
TH-02161,2026-06-26,B,12.5,,,,8284.9,,10,0,6021,0
TH-02162,2026-06-26,B,12.5,,,,14654.3,,11,0,,0
TH-02165,2026-06-26,B,12.5,,,,15111.6,,12,0,,0
TH-02166,2026-06-26,B,12.5,,,,17538.5,,4,0,,0
TH-02168,2026-06-26,B,12.5,,,,13647.4,,10,0,,0
TH-02169,2026-06-26,B,12.5,,,,18466.3,,13,0,,0
TH-02175,2026-06-26,B,12.5,,,,12060.0,,12,0,,0
TH-02176,2026-06-26,B,12.5,,,,5419.9,,8,0,,0
TH-02177,2026-06-26,B,12.5,,,,12948.3,,9,0,3104,2
TH-02178,2026-06-26,B,12.5,,,,19502.5,,10,0,6021,0
TH-02180,2026-06-26,B,12.5,35.1,30.4,,11609.9,,9,0,,0
TH-02181,2026-06-26,B,12.5,,,,18745.7,,6,0,6021,0
TH-02182,2026-06-26,B,12.5,,,,20954.3,,5,0,,0
TH-02184,2026-06-26,B,12.5,,,,20292.6,,15,0,6021,0
TH-02187,2026-06-26,B,12.5,,,,13620.6,,6,0,,0
TH-02188,2026-06-26,B,12.5,,,,24492.2,,3,0,,0
TH-02190,2026-06-26,B,12.5,,,,24677.2,,2,0,6021,0
TH-02192,2026-06-26,B,12.5,,,,23382.4,,9,0,,0
TH-02194,2026-06-26,B,12.5,,,,19009.2,,8,0,,0
TH-02195,2026-06-26,B,12.5,,,,14829.6,,9,0,6021,0
TH-02196,2026-06-26,B,12.5,,,,25222.8,,8,0,6021,0
TH-02202,2026-06-26,B,12.5,,,,13823.8,,7,0,,0
TH-02206,2026-06-26,B,12.5,,,,17396.1,,8,0,6021,0
TH-02207,2026-06-26,B,12.5,,,,13678.7,,8,0,6021,0
TH-02213,2026-06-26,B,12.5,,,,9323.4,,6,0,,0
TH-02214,2026-06-26,B,12.5,,,,9129.5,,12,0,6021,0
TH-02215,2026-06-26,B,12.5,34.3,29.3,,18255.9,,11,0,,0
TH-02216,2026-06-26,B,12.5,,,,17167.1,,9,0,6021,0
TH-02221,2026-06-26,B,12.5,,,,16197.6,,7,0,,0
TH-02226,2026-06-26,B,12.5,,,,9743.9,,8,0,,0
TH-02230,2026-06-26,B,12.5,,,,25625.0,,4,0,6021,0
TH-02231,2026-06-26,B,12.5,,,,7580.4,,8,0,6021,0
TH-02235,2026-06-26,B,12.5,,,,22679.5,,6,0,6021,0
TH-02238,2026-06-26,B,12.5,,,,7773.7,,11,0,6021,0
TH-02240,2026-06-26,B,12.5,,,,8049.3,,11,0,6021,0
TH-02242,2026-06-26,B,12.5,,,,14342.5,,8,0,,0
TH-02244,2026-06-26,B,12.5,,,,16875.4,,5,0,,0
TH-02245,2026-06-26,B,12.5,,,,14931.1,,11,0,,0
TH-02246,2026-06-26,B,12.5,,,,15947.6,,5,0,6021,0
TH-02247,2026-06-26,B,12.5,,,,5481.8,,5,0,,0
TH-02248,2026-06-26,B,12.5,,,,23284.2,,11,0,,0
TH-02250,2026-06-26,B,12.5,,,,11178.6,,5,0,,0
TH-02257,2026-06-26,B,12.5,,,,21277.3,,12,0,,0
TH-02258,2026-06-26,B,12.5,,,,10352.9,,6,0,,0
TH-02259,2026-06-26,B,12.5,,,,12284.3,,10,0,6021,0
TH-02260,2026-06-26,B,12.5,,,,7334.8,,9,0,6021,0
TH-02265,2026-06-26,B,12.5,,,,22589.8,,6,0,6021,0
TH-02266,2026-06-26,B,12.5,,,,16114.2,,12,0,6021,0
TH-02267,2026-06-26,B,12.5,,,,11537.3,,3,0,6021,0
TH-02268,2026-06-26,B,12.5,,,,23822.4,,11,0,,0
TH-02269,2026-06-26,B,12.5,,,,12396.7,,4,0,6021,0
TH-02270,2026-06-26,B,12.5,,,,21931.6,,11,0,,0
TH-02272,2026-06-26,B,12.5,,,,24850.1,,9,0,6021,0
TH-02273,2026-06-26,B,12.5,,,,19806.3,,12,0,,0
TH-02275,2026-06-26,B,12.5,,,,12342.6,,9,0,6021,0
TH-02277,2026-06-26,B,12.5,,,,17879.7,,2,0,,0
TH-02279,2026-06-26,B,12.5,,,,21089.2,,6,0,,0
TH-02281,2026-06-26,B,12.5,,,,4255.1,,6,0,6021,0
TH-02283,2026-06-26,B,12.5,,,,21345.6,,14,0,,0
TH-02285,2026-06-26,B,12.5,,,,12825.2,,13,0,,0
TH-02286,2026-06-26,B,12.5,,,,7576.6,,5,0,,0
TH-02288,2026-06-26,B,12.5,,,,5433.0,,2,0,6021,0
TH-02290,2026-06-26,B,12.5,,,,7315.5,,5,0,3104,2
TH-02292,2026-06-26,C,12.5,,,46.6,5.28,,,0,,
TH-02294,2026-06-26,C,12.5,,,,3.32,,,0,,OK
TH-02296,2026-06-26,C,12.5,,,,3.78,,,0,,
TH-02297,2026-06-26,C,12.5,,,,4.05,,,0,,
TH-02298,2026-06-26,C,12.5,,,,2.95,,,0,,
TH-02300,2026-06-26,C,12.5,,,,4.5,,,0,,
TH-02302,2026-06-26,C,12.5,,,47.6,3.75,,,0,,OK
TH-02303,2026-06-26,C,12.5,,,,4.74,,,0,,OK
TH-02307,2026-06-26,C,12.5,,,,4.43,,,0,,OK
TH-02308,2026-06-26,C,12.5,34.9,,,4.43,,,0,,warn
TH-02309,2026-06-26,C,12.5,,,,2.84,,,0,,OK
TH-02311,2026-06-26,C,12.5,,,,3.7,,,0,,warn
TH-02312,2026-06-26,C,12.5,,,48.2,2.51,,,0,,warn
TH-02313,2026-06-26,C,12.5,,,,3.86,,,0,,OK
TH-02314,2026-06-26,C,12.5,,,,4.54,,,0,,warn
TH-02316,2026-06-26,C,12.5,,,,2.9,,,0,,OK
TH-02317,2026-06-26,C,12.5,,,,3.13,,,0,,OK
TH-02319,2026-06-26,C,12.5,,,,4.14,,,0,,warn
TH-02322,2026-06-26,C,12.5,,,,4.43,,,0,,OK
TH-02323,2026-06-26,C,12.5,,,,4.53,,,0,,
TH-02324,2026-06-26,C,12.5,,,,3.18,,,0,,warn
TH-02333,2026-06-26,C,12.5,,,,3.02,,,0,,OK
TH-02335,2026-06-26,C,12.5,,,,4.19,,,0,,
TH-02336,2026-06-26,C,12.5,,,,3.32,,,0,,
TH-02337,2026-06-26,C,12.5,,,,4.76,,,0,,
TH-02338,2026-06-26,C,12.5,,,,4.56,,,0,,
TH-02339,2026-06-26,C,12.5,,,,4.8,,,0,,
TH-02340,2026-06-26,C,12.5,,,,3.9,,,0,,warn
TH-02341,2026-06-26,C,12.5,,,,4.03,,,0,,OK
TH-02342,2026-06-26,C,12.5,,,,3.62,,,0,,warn
TH-02343,2026-06-26,C,12.5,,,,3.54,,,0,,OK
TH-02345,2026-06-26,C,12.5,,,,4.0,,,0,,
TH-02346,2026-06-26,C,12.5,,,,4.43,,,0,,
TH-02348,2026-06-26,C,12.5,,,,3.66,,,0,,
TH-02352,2026-06-26,C,12.5,,,,4.07,,,0,,
TH-02354,2026-06-26,C,12.5,33.7,,,3.9,,,0,,
TH-02355,2026-06-26,C,12.5,,,,4.32,,,0,,OK
TH-02357,2026-06-26,C,12.5,,,,3.63,,,0,,warn
TH-02358,2026-06-26,C,12.5,,,,3.22,,,0,,warn
TH-02359,2026-06-26,C,12.5,,,,3.37,,,0,,
TH-02360,2026-06-26,C,12.5,,,,3.1,,,0,,warn
TH-02361,2026-06-26,C,12.5,,,,3.17,,,0,,OK
TH-02365,2026-06-26,C,12.5,,,,3.69,,,0,,warn
TH-02367,2026-06-26,C,12.5,,,,3.35,,,0,,
TH-02375,2026-06-26,C,12.5,33.4,,,2.84,,,0,,warn
TH-02377,2026-06-26,C,12.5,,,,3.33,,,0,,
TH-02380,2026-06-26,C,12.5,,,,4.17,,,0,,
TH-02383,2026-06-26,C,12.5,,,,3.5,,,0,,OK
TH-02387,2026-06-26,C,12.5,,,,3.9,,,0,,
TH-02388,2026-06-26,C,12.5,,,,4.58,,,0,,OK
TH-02389,2026-06-26,C,12.5,,,,4.02,,,0,,
TH-02395,2026-06-26,C,12.5,,,,3.32,,,0,,warn
TH-02396,2026-06-26,C,12.5,,,,3.37,,,0,,OK
TH-02397,2026-06-26,C,12.5,,,,5.44,,,0,,OK
TH-02399,2026-06-26,C,12.5,,,,3.35,,,0,,warn
TH-02400,2026-06-26,C,12.5,,,,3.59,,,0,,OK
th-02005,2026-06-26,A,12.5,33.8,27.5,46.3,3.23,14.0,6,0,,ok
th-02015,2026-06-26,A,12.5,33.3,27.7,50.3,4.88,17.0,9,0,,ok
th-02037,2026-06-26,A,12.5,34.7,29.9,51.7,4.92,15.6,5,0,,ok
th-02044,2026-06-26,A,12.5,35.2,28.1,46.5,3.81,13.8,8,0,,OK
th-02046,2026-06-26,A,12.5,33.0,26.0,47.1,4.17,16.0,8,0,,ok
th-02053,2026-06-26,A,12.5,35.3,28.7,51.8,4.61,15.4,8,0,,OK
th-02071,2026-06-26,A,12.5,34.1,29.3,49.8,4.68,17.1,9,0,,OK
th-02076,2026-06-26,A,12.5,33.1,28.5,52.3,3.21,11.7,12,0,,ok
th-02077,2026-06-26,A,12.5,35.7,30.2,49.5,3.35,12.3,12,0,,OK
th-02078,2026-06-26,A,12.5,34.9,28.7,52.7,4.29,17.1,3,0,,OK
th-02098,2026-06-26,A,12.5,35.5,28.9,48.1,3.68,14.3,7,0,,OK
th-02101,2026-06-26,A,12.5,33.9,27.1,52.9,2.48,10.8,9,0,,ok
th-02103,2026-06-26,A,12.5,35.2,28.7,48.2,3.66,15.3,7,0,,ok
th-02109,2026-06-26,A,12.5,35.3,29.7,46.9,3.48,14.9,7,0,,ok
th-02112,2026-06-26,A,12.5,34.2,27.3,50.7,3.28,13.5,10,0,,OK
th-02118,2026-06-26,A,12.5,35.2,28.7,49.2,3.83,15.0,13,0,,OK
th-02126,2026-06-26,A,12.5,35.5,28.7,49.6,3.83,15.7,7,0,,ok
th-02139,2026-06-26,A,12.5,34.9,29.1,52.5,4.99,17.9,11,0,,OK
th-02143,2026-06-26,B,12.5,,,,17921.2,,9,0,,0
th-02170,2026-06-26,B,12.5,,,,11450.8,,11,0,,0
th-02173,2026-06-26,B,12.5,,,,6955.7,,7,0,,0
th-02185,2026-06-26,B,12.5,35.1,28.8,,25224.9,,11,0,6021,0
th-02236,2026-06-26,B,12.5,,,,4235.6,,6,0,6021,0
th-02243,2026-06-26,B,12.5,,,,11677.5,,10,0,,0
th-02249,2026-06-26,B,12.5,,,,6894.4,,12,0,,0
th-02255,2026-06-26,B,12.5,,,,12923.8,,10,0,6021,0
th-02278,2026-06-26,B,12.5,,,,14820.0,,10,0,,0
th-02304,2026-06-26,C,12.5,,,,3.74,,,0,,OK
th-02334,2026-06-26,C,12.5,35.1,,,3.77,,,0,,warn
th-02344,2026-06-26,C,12.5,,,,3.98,,,0,,OK
th-02363,2026-06-26,C,12.5,,,,5.25,,,0,,warn
th-02371,2026-06-26,C,12.5,,,,4.11,,,0,,OK
th-02374,2026-06-26,C,12.5,,,,4.47,,,0,,
th-02379,2026-06-26,C,12.5,,,,4.21,,,0,,warn
th-02381,2026-06-26,C,12.5,,,,4.05,,,0,,OK
th-02384,2026-06-26,C,12.5,,,,4.03,,,0,,
th-02393,2026-06-26,C,12.5,,,,3.44,,,0,ALM_SM_LINK,warn
th-02398,2026-06-26,C,12.5,,,,3.99,,,0,,
 TH-02021,2026-06-27,A,11.7,34.6,28.2,49.8,3.94,16.3,6,0,,ok
 TH-02032,2026-06-27,A,11.7,34.9,28.9,48.6,3.29,12.7,7,0,,ok
 TH-02052,2026-06-27,A,11.7,35.8,31.0,49.1,3.53,15.4,8,0,,ok
 TH-02078,2026-06-27,A,11.7,34.2,26.8,49.4,5.44,17.6,9,0,,OK
 TH-02098,2026-06-27,A,11.7,35.2,30.4,50.3,4.16,16.5,8,0,,OK
 TH-02195,2026-06-27,B,11.7,,,,14833.8,,10,0,,0
 TH-02204,2026-06-27,B,11.7,,,,5188.1,,7,0,6021,0
 TH-02224,2026-06-27,B,11.7,,,,8759.1,,11,0,,0
 TH-02251,2026-06-27,B,11.7,,,,24461.1,,8,0,6021,0
 TH-02257,2026-06-27,B,11.7,,,,21282.1,,8,0,,0
 TH-02258,2026-06-27,B,11.7,,,,10356.0,,7,0,6021,0
 TH-02259,2026-06-27,B,11.7,,,,12287.0,,2,0,6021,0
 TH-02260,2026-06-27,B,11.7,,,,7340.0,,8,0,6021,0
 TH-02269,2026-06-27,B,11.7,,,,12401.2,,5,0,,0
 TH-02272,2026-06-27,B,11.7,,,,24854.7,,9,0,,0
 TH-02292,2026-06-27,C,11.7,,,,4.81,,,0,,OK
 TH-02303,2026-06-27,C,11.7,,,,4.29,,,0,,
 TH-02309,2026-06-27,C,11.7,,,,4.21,,,0,,OK
 TH-02336,2026-06-27,C,11.7,,,,3.87,,,0,,
 TH-02339,2026-06-27,C,11.7,,,,4.7,,,0,,
 TH-02344,2026-06-27,C,11.7,,,,5.4,,,0,,warn
 TH-02345,2026-06-27,C,11.7,,,,4.11,,,0,,warn
 TH-02371,2026-06-27,C,11.7,,,,4.86,,,0,,OK
 TH-02381,2026-06-27,C,11.7,,,,4.46,,,0,,warn
 TH-02399,2026-06-27,C,11.7,,,,3.93,,,0,ALM_HP_HP_SWITCH,warn
TH-02002,2026-06-27,A,11.7,35.5,28.1,46.5,2.89,12.3,6,0,,ok
TH-02004,2026-06-27,A,11.7,35.7,30.2,48.1,4.8,17.2,8,0,,OK
TH-02005,2026-06-27,A,11.7,34.0,27.9,51.8,4.82,18.4,10,0,,OK
TH-02006,2026-06-27,A,11.7,34.4,28.4,49.9,4.37,17.0,9,0,E-211,OK
TH-02007,2026-06-27,A,11.7,35.9,30.1,50.6,3.46,14.3,13,0,,OK
TH-02008,2026-06-27,A,11.7,33.8,26.5,47.0,3.84,16.4,13,0,,ok
TH-02009,2026-06-27,A,11.7,35.5,30.2,50.2,5.29,16.8,9,0,,ok
TH-02011,2026-06-27,A,11.7,36.0,29.0,50.8,3.87,16.7,9,0,,ok
TH-02012,2026-06-27,A,11.7,35.4,30.7,46.6,3.63,15.6,7,0,,OK
TH-02015,2026-06-27,A,11.7,36.0,29.9,46.3,4.32,14.7,12,0,,ok
TH-02016,2026-06-27,A,11.7,35.9,29.4,51.3,4.43,15.0,11,0,,OK
TH-02017,2026-06-27,A,11.7,35.2,28.9,49.1,5.35,19.3,10,0,,OK
TH-02019,2026-06-27,A,11.7,33.9,29.3,46.9,3.35,14.2,7,0,,OK
TH-02023,2026-06-27,A,11.7,34.3,28.6,47.8,3.22,12.9,13,0,,OK
TH-02025,2026-06-27,A,11.7,35.4,30.8,48.4,4.37,18.8,11,0,,OK
TH-02028,2026-06-27,A,11.7,34.0,28.2,47.6,3.2,13.7,8,0,,ok
TH-02030,2026-06-27,A,11.7,-999,29.6,47.1,4.61,15.9,3,0,,OK
TH-02031,2026-06-27,A,11.7,35.9,30.2,48.5,4.13,16.3,10,0,,OK
TH-02033,2026-06-27,A,11.7,34.0,26.7,51.9,3.8,15.3,13,0,,ok
TH-02034,2026-06-27,A,11.7,35.8,30.8,49.7,3.56,13.8,8,0,E-211,OK
TH-02038,2026-06-27,A,11.7,33.5,27.3,47.1,3.04,13.2,8,0,E-104,ok
TH-02040,2026-06-27,A,11.7,34.0,29.3,50.3,3.7,15.9,6,0,,OK
TH-02044,2026-06-27,A,11.7,35.2,30.0,52.4,5.23,19.5,11,0,,OK
TH-02045,2026-06-27,A,11.7,35.9,29.6,47.5,3.8,16.3,9,0,,ok
TH-02047,2026-06-27,A,11.7,34.8,29.0,51.4,4.67,16.1,4,0,,OK
TH-02049,2026-06-27,A,11.7,34.8,29.6,52.6,3.32,13.5,10,0,,OK
TH-02050,2026-06-27,A,11.7,34.3,29.5,52.8,5.08,18.5,7,0,,ok
TH-02051,2026-06-27,A,11.7,34.0,27.2,52.6,6.02,19.4,4,0,,OK
TH-02053,2026-06-27,A,11.7,35.0,28.9,50.1,4.29,17.3,6,0,,ok
TH-02054,2026-06-27,A,11.7,35.7,29.0,48.0,3.79,15.8,5,0,,OK
TH-02055,2026-06-27,A,11.7,34.4,27.4,47.6,5.74,18.8,5,0,E-211,warn
TH-02056,2026-06-27,A,11.7,34.5,28.8,48.7,3.78,13.3,5,0,,ok
TH-02061,2026-06-27,A,11.7,36.2,30.3,50.6,3.64,12.0,11,0,,ok
TH-02062,2026-06-27,A,11.7,35.7,29.0,49.3,4.96,15.6,7,0,,ok
TH-02063,2026-06-27,A,11.7,35.1,29.2,51.8,4.11,16.6,8,0,,OK
TH-02068,2026-06-27,A,11.7,34.1,27.4,52.9,3.92,14.9,11,0,,OK
TH-02071,2026-06-27,A,11.7,35.8,30.5,51.2,5.85,19.9,7,0,,ok
TH-02072,2026-06-27,A,11.7,34.2,28.5,49.8,4.8,17.7,12,0,,OK
TH-02073,2026-06-27,A,11.7,36.3,31.2,50.5,5.19,18.4,6,0,,OK
TH-02074,2026-06-27,A,11.7,35.3,28.6,47.5,5.36,17.5,9,0,,OK
TH-02075,2026-06-27,A,11.7,35.6,30.7,48.8,4.35,16.5,9,0,,OK
TH-02076,2026-06-27,A,11.7,35.0,28.1,52.0,3.22,12.2,6,0,,ok
TH-02077,2026-06-27,A,11.7,35.1,30.5,47.5,3.71,14.8,7,0,,OK
TH-02080,2026-06-27,A,11.7,33.6,29.1,50.8,3.67,15.6,8,0,,OK
TH-02081,2026-06-27,A,11.7,35.8,29.2,48.6,4.19,14.4,10,0,,OK
TH-02084,2026-06-27,A,11.7,35.0,28.0,51.9,3.84,13.5,8,0,,OK
TH-02085,2026-06-27,A,11.7,33.9,27.5,48.8,2.96,12.7,11,0,,ok
TH-02086,2026-06-27,A,11.7,35.7,30.6,46.5,3.62,13.4,10,0,,ok
TH-02087,2026-06-27,A,11.7,34.5,29.0,0,5.29,17.1,8,0,,OK
TH-02090,2026-06-27,A,11.7,35.9,28.6,49.1,4.1,15.0,7,0,E-104,OK
TH-02091,2026-06-27,A,11.7,34.2,27.3,48.7,4.73,14.8,10,0,,ok
TH-02093,2026-06-27,A,11.7,34.9,27.5,50.2,4.91,16.7,13,0,,OK
TH-02094,2026-06-27,A,11.7,33.8,26.6,47.9,6.29,19.8,2,0,,OK
TH-02097,2026-06-27,A,11.7,36.3,30.2,49.1,4.87,20.0,5,0,,OK
TH-02099,2026-06-27,A,11.7,35.1,30.2,49.9,3.9,13.2,12,0,,ok
TH-02100,2026-06-27,A,11.7,33.6,28.0,46.7,4.85,17.1,8,0,,ok
TH-02101,2026-06-27,A,11.7,35.4,29.9,47.7,4.18,13.6,4,0,,OK
TH-02103,2026-06-27,A,11.7,36.1,30.3,52.5,3.96,14.8,5,0,,OK
TH-02109,2026-06-27,A,11.7,35.7,30.6,50.9,4.73,17.4,10,0,,ok
TH-02111,2026-06-27,A,11.7,34.4,28.5,52.1,4.72,18.5,9,0,,ok
TH-02113,2026-06-27,A,11.7,33.7,26.2,50.6,4.53,15.2,12,0,,ok
TH-02114,2026-06-27,A,11.7,33.3,27.2,51.4,3.61,15.6,12,0,,OK
TH-02118,2026-06-27,A,11.7,34.4,28.2,52.8,4.04,15.5,7,0,,OK
TH-02121,2026-06-27,A,11.7,34.2,26.9,52.5,5.16,18.2,12,0,E-505,warn
TH-02122,2026-06-27,A,11.7,36.3,29.3,49.5,5.13,17.7,6,0,,ok
TH-02125,2026-06-27,A,11.7,33.9,27.7,50.4,5.22,18.3,12,0,,ok
TH-02126,2026-06-27,A,11.7,34.0,29.4,50.0,4.3,14.3,4,0,,ok
TH-02127,2026-06-27,A,11.7,35.4,29.3,52.8,3.91,14.7,10,0,,OK
TH-02129,2026-06-27,A,11.7,36.3,30.1,52.8,4.05,15.5,5,0,,ok
TH-02132,2026-06-27,A,11.7,35.8,30.4,49.7,4.71,16.6,11,0,,OK
TH-02133,2026-06-27,A,11.7,33.9,28.7,46.6,4.28,14.4,7,0,,OK
TH-02134,2026-06-27,A,11.7,35.0,28.1,52.5,3.9,16.5,10,0,,OK
TH-02135,2026-06-27,A,11.7,34.3,29.0,49.4,5.23,16.3,10,0,,ok
TH-02136,2026-06-27,A,11.7,33.5,27.8,50.9,3.98,15.7,5,0,,ok
TH-02138,2026-06-27,A,11.7,34.3,28.2,47.4,4.47,18.7,6,0,,ok
TH-02139,2026-06-27,A,11.7,33.4,26.2,47.9,4.21,14.7,10,0,,OK
TH-02141,2026-06-27,B,11.7,,,,17180.0,,9,0,6021,0
TH-02143,2026-06-27,B,11.7,,,,17925.2,,2,0,6021,0
TH-02145,2026-06-27,B,11.7,,,,4819.8,,8,0,,0
TH-02146,2026-06-27,B,11.7,,,,24510.8,,11,0,,0
TH-02148,2026-06-27,B,11.7,,,,12910.7,,9,0,6021,0
TH-02152,2026-06-27,B,11.7,,,,22526.8,,7,0,,0
TH-02153,2026-06-27,B,11.7,,,,19032.6,,6,0,,0
TH-02158,2026-06-27,B,11.7,,,,7074.1,,11,0,,0
TH-02159,2026-06-27,B,11.7,,,,12077.7,,6,0,,0
TH-02160,2026-06-27,B,11.7,,,,14947.1,,13,0,6021,0
TH-02161,2026-06-27,B,11.7,,,,8290.1,,3,0,6021,0
TH-02162,2026-06-27,B,11.7,,,,14657.1,,12,0,6021,0
TH-02165,2026-06-27,B,11.7,,,,15115.1,,9,0,6021,0
TH-02168,2026-06-27,B,11.7,,,,13652.1,,4,0,6021,0
TH-02170,2026-06-27,B,11.7,,,,11455.1,,10,0,,0
TH-02171,2026-06-27,B,11.7,,,,14076.3,,6,0,6021,0
TH-02173,2026-06-27,B,11.7,,,,6960.5,,8,0,6021,0
TH-02175,2026-06-27,B,11.7,,,,12064.8,,7,0,6021,0
TH-02176,2026-06-27,B,11.7,,,,5424.6,,10,0,,0
TH-02177,2026-06-27,B,11.7,34.4,29.1,,12952.9,,12,0,,0
TH-02178,2026-06-27,B,11.7,,,,19506.7,,7,0,,0
TH-02180,2026-06-27,B,11.7,,,,11615.9,,8,0,6021,0
TH-02181,2026-06-27,B,11.7,,,,18749.8,,9,0,,0
TH-02182,2026-06-27,B,11.7,,,,20958.6,,12,0,6021,0
TH-02184,2026-06-27,B,11.7,,,,20298.4,,12,0,6021,0
TH-02185,2026-06-27,B,11.7,,,,25228.7,,11,0,,0
TH-02187,2026-06-27,B,11.7,,,,13624.2,,11,0,,0
TH-02190,2026-06-27,B,11.7,,,,24682.7,,7,0,,0
TH-02194,2026-06-27,B,11.7,,,,19012.5,,9,0,,0
TH-02202,2026-06-27,B,11.7,,,,13828.3,,7,0,6021,0
TH-02206,2026-06-27,B,11.7,,,,17400.8,,9,0,,0
TH-02207,2026-06-27,B,11.7,35.4,30.5,,13681.9,,13,0,,0
TH-02214,2026-06-27,B,11.7,,,,9135.2,,6,0,6021,0
TH-02215,2026-06-27,B,11.7,,,,18260.1,,5,0,,0
TH-02216,2026-06-27,B,11.7,,,,17171.0,,9,0,6021,0
TH-02221,2026-06-27,B,11.7,,,,16201.5,,6,0,,0
TH-02223,2026-06-27,B,11.7,,,,22244.7,,9,0,6021,0
TH-02226,2026-06-27,B,11.7,,,,9749.0,,13,0,,0
TH-02228,2026-06-27,B,11.7,,,,23937.5,,7,0,,0
TH-02230,2026-06-27,B,11.7,,,,25631.4,,6,0,,0
TH-02231,2026-06-27,B,11.7,33.4,27.4,,7584.9,,11,0,,0
TH-02234,2026-06-27,B,11.7,,,,13293.9,,7,0,6021,0
TH-02236,2026-06-27,B,11.7,,,,4239.0,,2,0,,0
TH-02239,2026-06-27,B,11.7,,,,17215.0,,7,0,3104,2
TH-02242,2026-06-27,B,11.7,,,,14346.9,,6,0,6021,0
TH-02243,2026-06-27,B,11.7,,,,11682.9,,10,0,6021,0
TH-02244,2026-06-27,B,11.7,,,,16878.5,,7,0,,0
TH-02245,2026-06-27,B,11.7,,,,14935.1,,11,0,,0
TH-02246,2026-06-27,B,11.7,,,,15952.1,,7,0,6021,0
TH-02247,2026-06-27,B,11.7,,,,5486.2,,6,0,6021,0
TH-02248,2026-06-27,B,11.7,,,,23289.3,,6,0,,0
TH-02250,2026-06-27,B,11.7,,,,11184.3,,7,0,,0
TH-02255,2026-06-27,B,11.7,,,,12928.3,,9,0,6021,0
TH-02256,2026-06-27,B,11.7,,,,7853.9,,9,0,,0
TH-02265,2026-06-27,B,11.7,,,,22593.9,,7,0,,0
TH-02267,2026-06-27,B,11.7,,,,11541.6,,9,0,,0
TH-02270,2026-06-27,B,11.7,,,,21936.0,,11,0,6021,0
TH-02271,2026-06-27,B,11.7,,,,4947.4,,8,0,,0
TH-02273,2026-06-27,B,11.7,34.4,28.6,,19811.0,,6,0,6021,0
TH-02275,2026-06-27,B,11.7,,,,12346.2,,2,0,,0
TH-02277,2026-06-27,B,11.7,,,,17884.4,,8,0,,0
TH-02279,2026-06-27,B,11.7,33.9,27.3,,21094.0,,9,0,6021,0
TH-02280,2026-06-27,B,11.7,,,,17719.9,,8,0,,0
TH-02283,2026-06-27,B,11.7,,,,21349.7,,8,0,,0
TH-02285,2026-06-27,B,11.7,,,,12829.5,,10,0,6021,0
TH-02286,2026-06-27,B,11.7,,,,7581.1,,7,0,6021,0
TH-02287,2026-06-27,B,11.7,,,,18027.0,,9,0,6021,0
TH-02288,2026-06-27,B,11.7,,,,5436.9,,10,0,,0
TH-02290,2026-06-27,B,11.7,,,,7320.2,,2,0,6021,0
TH-02294,2026-06-27,C,11.7,,,,4.38,,,0,,OK
TH-02296,2026-06-27,C,11.7,,,,4.43,,,0,,
TH-02298,2026-06-27,C,11.7,,,,3.67,,,0,ALM_SM_LINK,
TH-02299,2026-06-27,C,11.7,,,,3.55,,,0,,OK
TH-02300,2026-06-27,C,11.7,,,,4.75,,,0,,OK
TH-02302,2026-06-27,C,11.7,,,,3.49,,,0,,OK
TH-02304,2026-06-27,C,11.7,,,,3.49,,,0,,warn
TH-02307,2026-06-27,C,11.7,,,,4.9,,,0,,
TH-02308,2026-06-27,C,11.7,,,,5.52,,,0,,OK
TH-02311,2026-06-27,C,11.7,,,47.7,3.98,,,0,,warn
TH-02312,2026-06-27,C,11.7,,,,4.63,,,0,,warn
TH-02313,2026-06-27,C,11.7,,,,5.98,,,0,,OK
TH-02314,2026-06-27,C,11.7,,,48.9,3.52,,,0,,warn
TH-02317,2026-06-27,C,11.7,,,,3.88,,,0,,
TH-02319,2026-06-27,C,11.7,,,,3.13,,,0,,
TH-02322,2026-06-27,C,11.7,,,50.7,5.08,,,0,,
TH-02323,2026-06-27,C,11.7,,,48.5,3.76,,,0,,OK
TH-02324,2026-06-27,C,11.7,,,,3.9,,,0,,OK
TH-02331,2026-06-27,C,11.7,,,,5.1,,,0,,OK
TH-02333,2026-06-27,C,11.7,,,,4.11,,,0,,OK
TH-02334,2026-06-27,C,11.7,,,,-3.83,,,0,,OK
TH-02335,2026-06-27,C,11.7,,,,4.21,,,0,ALM_HP_HP_SWITCH,
TH-02337,2026-06-27,C,11.7,,,,3.58,,,0,,
TH-02338,2026-06-27,C,11.7,,,,4.72,,,0,,
TH-02340,2026-06-27,C,11.7,,,,5.1,,,0,,warn
TH-02341,2026-06-27,C,11.7,,,,4.62,,,0,,warn
TH-02342,2026-06-27,C,11.7,,,,5.68,,,0,,
TH-02343,2026-06-27,C,11.7,,,,5.81,,,0,,OK
TH-02346,2026-06-27,C,11.7,,,,4.31,,,0,,OK
TH-02347,2026-06-27,C,11.7,,,,5.82,,,0,,
TH-02348,2026-06-27,C,11.7,,,,4.4,,,0,,OK
TH-02351,2026-06-27,C,11.7,,,,5.5,,,0,,warn
TH-02352,2026-06-27,C,11.7,,,,3.82,,,0,,OK
TH-02354,2026-06-27,C,11.7,,,,4.77,,,0,,warn
TH-02357,2026-06-27,C,11.7,,,,3.9,,,0,,
TH-02358,2026-06-27,C,11.7,,,,5.99,,,0,,
TH-02359,2026-06-27,C,11.7,,,,4.44,,,0,,warn
TH-02360,2026-06-27,C,11.7,,,,5.01,,,0,,
TH-02361,2026-06-27,C,11.7,,,,3.73,,,0,,
TH-02365,2026-06-27,C,11.7,,,,3.32,,,0,,warn
TH-02374,2026-06-27,C,11.7,,,,3.79,,,0,,
TH-02375,2026-06-27,C,11.7,,,,4.53,,,0,,
TH-02379,2026-06-27,C,11.7,,,,5.07,,,0,,OK
TH-02380,2026-06-27,C,11.7,,,,3.6,,,0,,warn
TH-02383,2026-06-27,C,11.7,,,,3.49,,,0,,warn
TH-02384,2026-06-27,C,11.7,,,,4.62,,,0,,OK
TH-02387,2026-06-27,C,11.7,,,,4.19,,,0,,
TH-02388,2026-06-27,C,11.7,,,,5.45,,,0,,
TH-02389,2026-06-27,C,11.7,,,,3.86,,,0,,
TH-02393,2026-06-27,C,11.7,,,,4.65,,,0,,warn
TH-02395,2026-06-27,C,11.7,,,,4.92,,,0,,warn
TH-02397,2026-06-27,C,11.7,,,,5.7,,,0,,warn
TH-02398,2026-06-27,C,11.7,,,,3.72,,,0,,warn
TH-02400,2026-06-27,C,11.7,,,,3.66,,,0,,
TH-90000,2026-06-27,C,11.7,,,,11.89,,,0,,OK
TH-90001,2026-06-27,C,11.7,,,,7.66,,,0,,OK
TH-90002,2026-06-27,C,11.7,,,,7.79,,,0,,OK
TH-90003,2026-06-27,C,11.7,,,,8.48,,,0,,OK
TH-90004,2026-06-27,C,11.7,,,,12.65,,,0,,OK
th-02001,2026-06-27,A,11.7,35.6,29.8,46.6,4.37,16.8,7,0,,ok
th-02035,2026-06-27,A,11.7,35.9,28.6,51.7,4.41,15.6,13,0,,OK
th-02036,2026-06-27,A,11.7,33.9,28.9,48.3,4.45,14.9,7,0,,ok
th-02037,2026-06-27,A,11.7,35.8,30.5,51.8,3.87,13.1,10,0,,ok
th-02046,2026-06-27,A,11.7,33.5,27.3,48.7,4.32,16.7,6,0,,OK
th-02048,2026-06-27,A,11.7,34.7,28.1,52.2,5.02,16.6,10,0,,OK
th-02065,2026-06-27,A,11.7,35.9,29.1,52.4,4.57,15.8,11,0,,OK
th-02095,2026-06-27,A,11.7,36.2,29.0,46.3,4.11,16.2,13,0,,ok
th-02112,2026-06-27,A,11.7,35.4,30.9,49.7,4.49,17.4,8,0,,ok
th-02120,2026-06-27,A,11.7,36.2,29.1,46.5,4.56,14.2,5,0,,OK
th-02124,2026-06-27,A,11.7,36.0,29.9,51.9,2.97,12.5,10,0,,OK
th-02130,2026-06-27,A,11.7,33.6,26.3,52.3,4.23,17.1,10,0,,ok
th-02137,2026-06-27,A,11.7,35.1,28.8,50.9,5.5,19.1,11,0,,OK
th-02140,2026-06-27,A,11.7,33.9,29.4,51.9,4.73,14.9,10,0,,OK
th-02144,2026-06-27,B,11.7,,,,12948.9,,7,0,6021,0
th-02149,2026-06-27,B,11.7,,,,8081.3,,9,0,6021,0
th-02155,2026-06-27,B,11.7,,,,4497.1,,7,0,,0
th-02166,2026-06-27,B,11.7,,,,17542.1,,10,0,,0
th-02169,2026-06-27,B,11.7,,,,18469.9,,7,0,6021,0
th-02188,2026-06-27,B,11.7,,,,24496.3,,10,0,6021,0
th-02189,2026-06-27,B,11.7,,,,19365.9,,14,0,,0
th-02192,2026-06-27,B,11.7,,,,23385.6,,12,0,6021,0
th-02196,2026-06-27,B,11.7,,,,25227.5,,8,0,6021,0
th-02213,2026-06-27,B,11.7,,,,9327.2,,6,0,6021,0
th-02235,2026-06-27,B,11.7,,,,22683.0,,8,0,,0
th-02238,2026-06-27,B,11.7,,,,7777.5,,7,0,6021,0
th-02240,2026-06-27,B,11.7,,,,8054.0,,8,0,6021,0
th-02249,2026-06-27,B,11.7,,,,6897.0,,9,0,,0
th-02262,2026-06-27,B,11.7,,,,9180.1,,8,0,,0
th-02266,2026-06-27,B,11.7,36.0,29.5,,16118.2,,5,0,6021,0
th-02268,2026-06-27,B,11.7,,,,23825.9,,6,0,,0
th-02278,2026-06-27,B,11.7,,,,14824.5,,6,0,,0
th-02281,2026-06-27,B,11.7,,,,4258.9,,7,0,,0
th-02297,2026-06-27,C,11.7,,,,4.38,,,0,,OK
th-02316,2026-06-27,C,11.7,,,,4.15,,,0,,
th-02355,2026-06-27,C,11.7,,,,4.91,,,0,,OK
th-02363,2026-06-27,C,11.7,,,,2.94,,,0,,warn
th-02366,2026-06-27,C,11.7,,,,-0.63,,,0,,OK
th-02367,2026-06-27,C,11.7,,,,3.05,,,0,,OK
th-02377,2026-06-27,C,11.7,,,,4.85,,,0,ALM_HP_HP_SWITCH,
th-02385,2026-06-27,C,11.7,,,,3.31,,,0,,OK
th-02396,2026-06-27,C,11.7,,,,3.46,,,0,,OK
 TH-02025,2026-06-28,A,11.1,35.6,28.2,53.0,4.79,15.4,12,0,,OK
 TH-02028,2026-06-28,A,11.1,34.1,28.1,50.8,4.87,19.4,10,0,,OK
 TH-02047,2026-06-28,A,11.1,35.3,30.1,52.2,3.77,16.1,7,0,,OK
 TH-02052,2026-06-28,A,11.1,36.2,30.0,49.6,5.65,19.1,6,0,,OK
 TH-02063,2026-06-28,A,11.1,34.5,27.4,49.7,3.95,16.3,7,0,,OK
 TH-02074,2026-06-28,A,11.1,34.6,27.8,48.5,4.33,14.8,7,0,,ok
 TH-02078,2026-06-28,A,11.1,36.5,29.7,47.6,5.12,19.2,8,0,,ok
 TH-02121,2026-06-28,A,11.1,33.8,28.0,49.6,5.16,17.5,10,0,,OK
 TH-02136,2026-06-28,A,11.1,34.9,27.5,47.5,3.96,14.8,2,0,,OK
 TH-02148,2026-06-28,B,11.1,,,,12915.3,,5,0,,0
 TH-02155,2026-06-28,B,11.1,,,,4501.8,,3,0,,0
 TH-02159,2026-06-28,B,11.1,,,,12081.7,,12,0,,0
 TH-02165,2026-06-28,B,11.1,,,,15119.4,,9,0,3104,2
 TH-02242,2026-06-28,B,11.1,,,,14350.5,,12,0,,0
 TH-02256,2026-06-28,B,11.1,,,,7859.0,,7,0,6021,0
 TH-02267,2026-06-28,B,11.1,,,,11546.0,,8,0,6021,0
 TH-02277,2026-06-28,B,11.1,,,,17889.4,,7,0,,0
 TH-02298,2026-06-28,C,11.1,,,,5.68,,,0,,warn
 TH-02302,2026-06-28,C,11.1,,,,4.4,,,0,,warn
 TH-02338,2026-06-28,C,11.1,,,,4.65,,,0,,
 TH-02340,2026-06-28,C,11.1,,,,3.7,,,0,,
 TH-02345,2026-06-28,C,11.1,,,,3.63,,,0,,OK
 TH-02357,2026-06-28,C,11.1,,,,5.39,,,0,,OK
 TH-02365,2026-06-28,C,11.1,,,,3.93,,,0,,warn
 TH-02400,2026-06-28,C,11.1,,,,4.74,,,0,,warn
TH-02001,2026-06-28,A,11.1,35.0,29.2,51.9,5.11,16.7,11,0,,ok
TH-02004,2026-06-28,A,11.1,36.4,29.3,50.2,4.76,18.6,8,0,,OK
TH-02006,2026-06-28,A,11.1,35.0,28.7,49.7,5.03,16.4,11,0,,ok
TH-02007,2026-06-28,A,11.1,34.9,28.4,52.7,4.13,17.7,12,0,,ok
TH-02015,2026-06-28,A,11.1,35.4,28.1,50.1,3.03,13.2,12,0,,OK
TH-02016,2026-06-28,A,11.1,34.9,29.4,49.6,3.88,16.1,8,0,,OK
TH-02019,2026-06-28,A,11.1,36.0,29.9,48.5,4.16,15.3,7,0,,OK
TH-02020,2026-06-28,A,11.1,34.0,26.5,46.3,4.43,16.2,7,0,,ok
TH-02021,2026-06-28,A,11.1,35.4,29.6,51.1,3.82,15.6,11,0,,OK
TH-02030,2026-06-28,A,11.1,36.5,31.1,51.9,5.02,19.0,8,0,,ok
TH-02031,2026-06-28,A,11.1,34.6,28.9,51.0,4.38,17.9,10,0,,ok
TH-02032,2026-06-28,A,11.1,35.6,28.7,49.6,5.97,18.7,10,0,,OK
TH-02033,2026-06-28,A,11.1,33.8,27.8,46.6,4.25,14.8,5,0,,ok
TH-02036,2026-06-28,A,11.1,34.1,28.3,51.9,4.52,18.9,10,0,,OK
TH-02037,2026-06-28,A,11.1,34.7,29.6,48.5,5.16,20.4,8,0,,OK
TH-02038,2026-06-28,A,11.1,36.5,30.3,48.7,3.34,13.4,5,0,,OK
TH-02040,2026-06-28,A,11.1,34.6,27.6,49.5,4.41,16.1,6,0,,ok
TH-02044,2026-06-28,A,11.1,35.1,29.1,46.1,4.41,19.1,10,0,,ok
TH-02045,2026-06-28,A,11.1,36.1,31.5,51.6,4.24,16.6,5,0,,OK
TH-02046,2026-06-28,A,11.1,35.5,29.9,48.5,4.24,15.1,5,0,,ok
TH-02048,2026-06-28,A,11.1,34.6,30.0,48.8,4.11,15.6,4,0,,ok
TH-02049,2026-06-28,A,11.1,34.4,27.3,52.7,4.01,15.1,4,0,,ok
TH-02050,2026-06-28,A,11.1,33.8,27.6,47.4,4.87,16.4,5,0,,ok
TH-02051,2026-06-28,A,11.1,35.0,28.3,49.5,4.22,16.5,4,0,,OK
TH-02053,2026-06-28,A,11.1,36.7,31.6,47.4,5.06,17.1,3,0,,ok
TH-02054,2026-06-28,A,11.1,36.1,30.1,50.1,5.3,16.8,11,0,,ok
TH-02055,2026-06-28,A,11.1,34.5,27.7,52.3,3.47,14.1,10,0,,OK
TH-02056,2026-06-28,A,11.1,35.5,29.9,52.0,4.3,14.2,4,0,,ok
TH-02061,2026-06-28,A,11.1,34.8,27.9,51.2,4.82,17.2,8,0,,ok
TH-02062,2026-06-28,A,11.1,36.4,30.5,48.0,3.82,16.2,11,0,,ok
TH-02065,2026-06-28,A,11.1,33.8,28.1,50.6,5.9,19.5,7,0,,ok
TH-02068,2026-06-28,A,11.1,34.1,27.6,50.5,4.39,18.3,19,0,E-211,warn
TH-02071,2026-06-28,A,11.1,34.6,29.4,51.1,4.33,15.9,14,0,,OK
TH-02072,2026-06-28,A,11.1,33.8,26.8,52.0,4.79,17.8,9,0,,ok
TH-02073,2026-06-28,A,11.1,35.3,30.5,47.1,4.83,16.1,7,0,,OK
TH-02075,2026-06-28,A,11.1,35.0,27.8,49.0,5.03,20.3,12,0,,OK
TH-02076,2026-06-28,A,11.1,35.1,28.1,47.1,4.09,14.7,12,0,,OK
TH-02077,2026-06-28,A,11.1,35.3,30.4,50.8,4.39,15.6,8,0,,ok
TH-02080,2026-06-28,A,11.1,33.9,28.3,46.6,4.85,19.4,10,0,,ok
TH-02081,2026-06-28,A,11.1,34.5,29.1,51.8,5.11,19.3,11,0,,OK
TH-02083,2026-06-28,A,11.1,36.1,28.7,46.7,3.42,15.0,6,0,,OK
TH-02084,2026-06-28,A,11.1,34.2,29.3,48.8,4.48,15.2,5,0,,ok
TH-02086,2026-06-28,A,11.1,35.4,29.6,46.3,5.03,15.8,6,0,,ok
TH-02087,2026-06-28,A,11.1,36.4,30.4,52.6,4.22,18.0,7,0,,ok
TH-02090,2026-06-28,A,11.1,36.4,31.3,52.8,4.74,15.6,5,0,,OK
TH-02091,2026-06-28,A,11.1,34.0,29.3,47.6,4.69,15.4,11,0,,OK
TH-02097,2026-06-28,A,11.1,36.0,29.6,48.2,4.52,19.8,11,0,,OK
TH-02098,2026-06-28,A,11.1,36.1,29.3,52.8,4.54,18.1,3,0,,ok
TH-02099,2026-06-28,A,11.1,33.7,26.7,52.5,5.68,20.1,7,0,,OK
TH-02101,2026-06-28,A,11.1,34.4,29.2,47.1,4.37,18.9,8,0,,OK
TH-02103,2026-06-28,A,11.1,36.2,28.8,50.5,3.75,15.0,4,0,,OK
TH-02109,2026-06-28,A,11.1,34.0,27.7,49.5,6.01,19.2,8,0,,ok
TH-02111,2026-06-28,A,11.1,35.1,28.0,52.5,4.53,19.8,7,0,,ok
TH-02112,2026-06-28,A,11.1,35.2,27.7,49.0,5.43,18.3,3,0,,ok
TH-02113,2026-06-28,A,11.1,36.1,31.5,50.7,5.15,20.1,8,0,,OK
TH-02114,2026-06-28,A,11.1,36.6,31.9,49.7,4.32,16.5,11,0,,ok
TH-02122,2026-06-28,A,11.1,36.0,29.5,47.0,4.35,16.9,8,0,,OK
TH-02124,2026-06-28,A,11.1,36.4,31.0,52.5,5.06,19.0,9,0,,OK
TH-02125,2026-06-28,A,11.1,35.7,29.6,50.7,6.23,19.9,12,0,,ok
TH-02126,2026-06-28,A,11.1,34.6,27.5,49.1,5.63,19.8,12,0,,ok
TH-02127,2026-06-28,A,11.1,34.9,28.6,47.7,4.23,18.6,9,0,,OK
TH-02129,2026-06-28,A,11.1,34.0,27.5,50.1,5.58,20.5,2,0,,OK
TH-02130,2026-06-28,A,11.1,34.4,28.4,52.6,5.62,20.3,7,0,,OK
TH-02132,2026-06-28,A,11.1,-999,29.3,48.7,5.33,16.8,13,0,,ok
TH-02133,2026-06-28,A,11.1,35.0,29.9,48.2,5.42,20.8,8,0,,ok
TH-02137,2026-06-28,A,11.1,33.7,26.2,52.9,4.99,16.8,6,0,,ok
TH-02138,2026-06-28,A,11.1,33.7,26.3,51.6,4.2,17.4,7,0,,OK
TH-02139,2026-06-28,A,11.1,34.8,27.7,51.9,3.72,16.1,7,0,,OK
TH-02140,2026-06-28,A,11.1,35.3,28.2,51.1,3.87,16.7,12,0,,OK
TH-02143,2026-06-28,B,11.1,,,,17928.9,,11,0,6021,0
TH-02149,2026-06-28,B,11.1,,,,8086.4,,7,0,6021,0
TH-02152,2026-06-28,B,11.1,,,,22530.6,,10,0,,0
TH-02153,2026-06-28,B,11.1,,,,19037.7,,14,0,,0
TH-02158,2026-06-28,B,11.1,,,,7080.4,,7,0,,0
TH-02162,2026-06-28,B,11.1,,,,14661.2,,5,0,,0
TH-02166,2026-06-28,B,11.1,,,,17546.8,,10,0,6021,0
TH-02168,2026-06-28,B,11.1,,,,13657.3,,8,0,,0
TH-02169,2026-06-28,B,11.1,,,,18475.0,,8,0,,0
TH-02175,2026-06-28,B,11.1,,,,12069.2,,9,0,6021,0
TH-02176,2026-06-28,B,11.1,,,,5429.4,,8,0,,0
TH-02177,2026-06-28,B,11.1,,,,12957.5,,11,0,,0
TH-02178,2026-06-28,B,11.1,,,,19511.3,,11,0,,0
TH-02180,2026-06-28,B,11.1,,,,11620.6,,8,0,,0
TH-02182,2026-06-28,B,11.1,,,,20964.0,,8,0,6021,0
TH-02184,2026-06-28,B,11.1,,,,20302.1,,6,0,,0
TH-02185,2026-06-28,B,11.1,,,,25233.1,,6,0,,0
TH-02189,2026-06-28,B,11.1,,,,19370.0,,5,0,6021,0
TH-02190,2026-06-28,B,11.1,,,,24686.8,,11,0,6021,0
TH-02192,2026-06-28,B,11.1,,,,23390.2,,11,0,,0
TH-02195,2026-06-28,B,11.1,,,,14838.0,,11,0,,0
TH-02202,2026-06-28,B,11.1,,,,13831.7,,3,0,,0
TH-02204,2026-06-28,B,11.1,,,,5191.9,,16,0,1188,2
TH-02206,2026-06-28,B,11.1,,,,17405.5,,8,0,,0
TH-02207,2026-06-28,B,11.1,,,,13688.3,,3,0,6021,0
TH-02213,2026-06-28,B,11.1,,,,9330.9,,5,0,6021,0
TH-02214,2026-06-28,B,11.1,,,,9139.1,,10,0,6021,0
TH-02216,2026-06-28,B,11.1,,,,17175.3,,7,0,,0
TH-02221,2026-06-28,B,11.1,36.4,31.8,,16206.3,,4,0,6021,0
TH-02224,2026-06-28,B,11.1,,,,8765.2,,11,0,6021,0
TH-02226,2026-06-28,B,11.1,,,,9753.8,,8,0,,0
TH-02228,2026-06-28,B,11.1,,,,23941.6,,7,0,6021,0
TH-02230,2026-06-28,B,11.1,,,,25635.6,,11,0,,0
TH-02235,2026-06-28,B,11.1,,,,22688.6,,7,0,,0
TH-02236,2026-06-28,B,11.1,,,,4242.8,,9,0,,0
TH-02238,2026-06-28,B,11.1,,,,7782.3,,7,0,,0
TH-02239,2026-06-28,B,11.1,,,,17219.5,,5,0,,0
TH-02243,2026-06-28,B,11.1,,,,11688.3,,3,0,,0
TH-02244,2026-06-28,B,11.1,,,,16883.2,,7,0,,0
TH-02245,2026-06-28,B,11.1,,,,14940.0,,3,0,,0
TH-02246,2026-06-28,B,11.1,,,,15956.6,,8,0,,0
TH-02247,2026-06-28,B,11.1,,,,5489.8,,3,0,,0
TH-02248,2026-06-28,B,11.1,,,,23294.7,,9,0,,0
TH-02249,2026-06-28,B,11.1,,,,6901.7,,5,0,,0
TH-02251,2026-06-28,B,11.1,,,,24466.1,,12,0,6021,0
TH-02255,2026-06-28,B,11.1,,,,12931.7,,11,0,,0
TH-02257,2026-06-28,B,11.1,,,,21286.6,,10,0,,0
TH-02258,2026-06-28,B,11.1,,,,10359.7,,10,0,6021,0
TH-02259,2026-06-28,B,11.1,,,,12291.4,,10,0,6021,0
TH-02260,2026-06-28,B,11.1,,,,7346.3,,8,0,6021,0
TH-02262,2026-06-28,B,11.1,,,,9184.8,,12,0,6021,0
TH-02265,2026-06-28,B,11.1,,,,22598.5,,7,0,,0
TH-02266,2026-06-28,B,11.1,,,,16122.4,,11,0,,0
TH-02268,2026-06-28,B,11.1,,,,23830.7,,11,0,6021,0
TH-02269,2026-06-28,B,11.1,,,,12405.8,,6,0,,0
TH-02270,2026-06-28,B,11.1,,,,21940.0,,5,0,,0
TH-02271,2026-06-28,B,11.1,34.7,29.5,,4952.3,,15,0,6021,0
TH-02272,2026-06-28,B,11.1,,,,24858.9,,8,0,6021,0
TH-02273,2026-06-28,B,11.1,,,,19815.5,,8,0,6021,0
TH-02275,2026-06-28,B,11.1,,,,12350.7,,6,0,6021,0
TH-02278,2026-06-28,B,11.1,,,,14829.0,,6,0,,0
TH-02279,2026-06-28,B,11.1,,,,21098.0,,9,0,6021,0
TH-02280,2026-06-28,B,11.1,,,,17725.0,,6,0,,0
TH-02281,2026-06-28,B,11.1,,,,4263.1,,9,0,,0
TH-02283,2026-06-28,B,11.1,,,,21354.6,,2,0,,0
TH-02285,2026-06-28,B,11.1,,,,12833.2,,13,0,,0
TH-02286,2026-06-28,B,11.1,,,,7586.4,,8,0,6021,0
TH-02288,2026-06-28,B,11.1,,,,5440.7,,9,0,6021,0
TH-02290,2026-06-28,B,11.1,,,,7325.2,,8,0,6021,0
TH-02294,2026-06-28,C,11.1,,,,5.58,,,0,,
TH-02296,2026-06-28,C,11.1,,,,3.95,,,0,,warn
TH-02297,2026-06-28,C,11.1,,,,3.64,,,0,,warn
TH-02299,2026-06-28,C,11.1,,,,4.66,,,0,,warn
TH-02300,2026-06-28,C,11.1,,,,5.15,,,0,,OK
TH-02303,2026-06-28,C,11.1,,,,4.66,,,0,,warn
TH-02307,2026-06-28,C,11.1,,,50.1,3.76,,,0,,OK
TH-02308,2026-06-28,C,11.1,,,,5.9,,,0,,warn
TH-02309,2026-06-28,C,11.1,,,,4.23,,,0,,warn
TH-02311,2026-06-28,C,11.1,,,,5.45,,,0,,warn
TH-02312,2026-06-28,C,11.1,,,,4.85,,,0,,OK
TH-02313,2026-06-28,C,11.1,,,,4.48,,,0,,warn
TH-02314,2026-06-28,C,11.1,,,,4.56,,,0,,OK
TH-02319,2026-06-28,C,11.1,,,,4.84,,,0,,OK
TH-02322,2026-06-28,C,11.1,,,,4.0,,,0,,
TH-02323,2026-06-28,C,11.1,,,,4.83,,,0,,warn
TH-02324,2026-06-28,C,11.1,,,,5.16,,,0,,warn
TH-02333,2026-06-28,C,11.1,,,,4.13,,,0,,OK
TH-02334,2026-06-28,C,11.1,,,,5.61,,,0,,warn
TH-02335,2026-06-28,C,11.1,,,,4.57,,,0,,warn
TH-02336,2026-06-28,C,11.1,,,,4.55,,,0,,warn
TH-02337,2026-06-28,C,11.1,,,,3.87,,,0,,OK
TH-02339,2026-06-28,C,11.1,,,,4.56,,,0,,
TH-02341,2026-06-28,C,11.1,,,51.7,4.1,,,0,,OK
TH-02342,2026-06-28,C,11.1,,,47.9,3.25,,,0,,warn
TH-02343,2026-06-28,C,11.1,,,,3.52,,,0,,
TH-02344,2026-06-28,C,11.1,,,,3.1,,,0,,OK
TH-02347,2026-06-28,C,11.1,,,,4.06,,,0,,OK
TH-02352,2026-06-28,C,11.1,,,,4.53,,,0,,OK
TH-02354,2026-06-28,C,11.1,,,,3.83,,,0,,OK
TH-02355,2026-06-28,C,11.1,,,,4.48,,,0,,warn
TH-02359,2026-06-28,C,11.1,,,,6.17,,,0,,OK
TH-02360,2026-06-28,C,11.1,,,,4.08,,,0,,OK
TH-02361,2026-06-28,C,11.1,,,,5.27,,,0,,warn
TH-02363,2026-06-28,C,11.1,,,,4.46,,,0,,OK
TH-02366,2026-06-28,C,11.1,,,,5.35,,,0,,
TH-02367,2026-06-28,C,11.1,,,,4.05,,,0,,warn
TH-02371,2026-06-28,C,11.1,,,,4.26,,,0,,OK
TH-02375,2026-06-28,C,11.1,,,,5.18,,,0,,OK
TH-02377,2026-06-28,C,11.1,,,,3.94,,,0,,warn
TH-02379,2026-06-28,C,11.1,,,,6.51,,,0,,
TH-02380,2026-06-28,C,11.1,,,,3.62,,,0,,warn
TH-02384,2026-06-28,C,11.1,,,,5.32,,,0,,OK
TH-02385,2026-06-28,C,11.1,,,,3.36,,,0,,warn
TH-02387,2026-06-28,C,11.1,,,,4.49,,,0,,OK
TH-02389,2026-06-28,C,11.1,,,,4.92,,,0,,OK
TH-02393,2026-06-28,C,11.1,,,,4.94,,,0,,
TH-02395,2026-06-28,C,11.1,,,,4.38,,,0,,
TH-02396,2026-06-28,C,11.1,,,,3.95,,,0,,warn
TH-02397,2026-06-28,C,11.1,,,,4.18,,,0,,OK
TH-02398,2026-06-28,C,11.1,,,,3.27,,,0,,OK
TH-02399,2026-06-28,C,11.1,,,,3.38,,,0,,warn
th-02008,2026-06-28,A,11.1,-999,27.1,50.4,3.74,12.5,10,0,,ok
th-02009,2026-06-28,A,11.1,35.8,29.5,48.2,3.79,13.4,5,0,,ok
th-02011,2026-06-28,A,11.1,35.2,30.1,49.7,4.13,13.8,9,0,,ok
th-02017,2026-06-28,A,11.1,35.9,28.7,51.4,3.71,15.9,11,0,,ok
th-02034,2026-06-28,A,11.1,34.3,27.9,52.1,4.39,16.9,11,0,,OK
th-02035,2026-06-28,A,11.1,34.4,27.8,51.5,4.5,18.5,6,0,,ok
th-02085,2026-06-28,A,11.1,35.1,29.8,46.7,5.76,20.5,9,0,,ok
th-02093,2026-06-28,A,11.1,34.4,29.0,49.4,5.19,18.4,11,0,,ok
th-02094,2026-06-28,A,11.1,35.0,27.6,47.6,4.8,17.4,8,0,,ok
th-02095,2026-06-28,A,11.1,34.7,29.4,52.8,5.21,16.4,9,0,,OK
th-02100,2026-06-28,A,11.1,33.9,27.8,46.3,4.65,19.0,3,0,,OK
th-02118,2026-06-28,A,11.1,36.4,31.9,50.7,5.97,19.7,11,0,,ok
th-02134,2026-06-28,A,11.1,34.0,27.9,52.1,3.41,13.9,11,0,,OK
th-02141,2026-06-28,B,11.1,,,,17184.6,,9,0,,0
th-02145,2026-06-28,B,11.1,,,,4825.1,,11,0,,0
th-02146,2026-06-28,B,11.1,,,,24515.3,,6,0,,0
th-02160,2026-06-28,B,11.1,,,,14951.2,,9,0,,0
th-02161,2026-06-28,B,11.1,,,,8295.0,,6,0,,0
th-02171,2026-06-28,B,11.1,,,,14080.5,,12,0,,0
th-02173,2026-06-28,B,11.1,,,,6964.9,,5,0,,0
th-02181,2026-06-28,B,11.1,,,,18754.4,,7,0,6021,0
th-02187,2026-06-28,B,11.1,,,,13628.7,,8,0,6021,0
th-02188,2026-06-28,B,11.1,,,,24500.9,,14,0,6021,0
th-02194,2026-06-28,B,11.1,,,,19017.0,,4,0,,0
th-02196,2026-06-28,B,11.1,,,,25231.6,,9,0,,0
th-02215,2026-06-28,B,11.1,,,,18265.4,,11,0,6021,0
th-02223,2026-06-28,B,11.1,,,,22248.9,,11,0,,0
th-02231,2026-06-28,B,11.1,,,,7588.8,,10,0,,0
th-02234,2026-06-28,B,11.1,,,,13299.1,,8,0,,0
th-02240,2026-06-28,B,11.1,,,,8058.7,,11,0,6021,0
th-02250,2026-06-28,B,11.1,,,,11187.8,,11,0,,0
th-02287,2026-06-28,B,11.1,34.7,29.6,,18030.7,,6,0,,0
th-02292,2026-06-28,C,11.1,,,,4.61,,,0,,warn
th-02304,2026-06-28,C,11.1,,,,4.02,,,0,,OK
th-02316,2026-06-28,C,11.1,,,,3.63,,,0,,warn
th-02317,2026-06-28,C,11.1,,,,5.04,,,0,,
th-02331,2026-06-28,C,11.1,,,,4.62,,,0,,
th-02346,2026-06-28,C,11.1,,,,5.72,,,0,,OK
th-02351,2026-06-28,C,11.1,,,,4.53,,,0,,warn
th-02358,2026-06-28,C,11.1,,,,4.36,,,0,,OK
th-02374,2026-06-28,C,11.1,,,,3.95,,,0,,OK
th-02381,2026-06-28,C,11.1,,,,4.43,,,0,,
th-02383,2026-06-28,C,11.1,,,,4.15,,,0,,OK
 TH-02006,2026-06-29,A,18.0,-999,24.9,52.9,0.92,3.4,13,0,,ok
 TH-02025,2026-06-29,A,18.0,32.9,26.8,50.0,0.96,3.5,7,0,,OK
 TH-02047,2026-06-29,A,18.0,33.3,26.2,46.7,0.98,3.8,8,0,,ok
 TH-02052,2026-06-29,A,18.0,31.5,24.7,51.3,1.68,6.3,11,0,,OK
 TH-02071,2026-06-29,A,18.0,32.5,27.4,51.4,1.76,7.5,6,0,,ok
 TH-02075,2026-06-29,A,18.0,32.9,27.4,49.8,1.14,3.7,4,0,,ok
 TH-02077,2026-06-29,A,18.0,31.5,24.9,51.1,1.75,7.4,14,0,,OK
 TH-02081,2026-06-29,A,18.0,33.4,28.4,0,1.23,5.3,13,0,,ok
 TH-02083,2026-06-29,A,18.0,31.4,25.2,47.8,1.53,5.3,5,0,,ok
 TH-02086,2026-06-29,A,18.0,30.7,25.8,47.2,1.0,4.4,11,0,,ok
 TH-02099,2026-06-29,A,18.0,32.1,27.2,52.2,1.27,4.2,5,0,,ok
 TH-02103,2026-06-29,A,18.0,31.3,24.0,48.6,1.16,3.8,10,0,,OK
 TH-02109,2026-06-29,A,18.0,30.5,24.0,52.1,0.89,3.1,5,0,,ok
 TH-02114,2026-06-29,A,18.0,32.5,27.6,47.5,1.85,6.2,11,0,,OK
 TH-02145,2026-06-29,B,18.0,,,,4826.2,,12,0,6021,0
 TH-02149,2026-06-29,B,18.0,,,,8087.4,,8,0,,0
 TH-02155,2026-06-29,B,18.0,,,,4502.8,,10,0,6021,0
 TH-02171,2026-06-29,B,18.0,,,,14081.4,,13,0,,0
 TH-02173,2026-06-29,B,18.0,,,,6965.9,,9,0,,0
 TH-02224,2026-06-29,B,18.0,,,,8767.2,,12,0,,0
 TH-02267,2026-06-29,B,18.0,,,,11547.3,,9,0,,0
 TH-02285,2026-06-29,B,18.0,,,,12835.6,,10,0,6021,0
 TH-02367,2026-06-29,C,18.0,,,,1.66,,,0,,OK
 TH-02389,2026-06-29,C,18.0,,,,1.09,,,0,,warn
TH-02001,2026-06-29,A,18.0,32.4,27.1,47.9,1.45,6.2,8,0,,ok
TH-02005,2026-06-29,A,18.0,31.6,24.8,52.3,0.82,3.5,15,0,,OK
TH-02007,2026-06-29,A,18.0,32.5,26.4,50.9,1.64,7.2,11,0,,ok
TH-02008,2026-06-29,A,18.0,31.4,24.8,50.0,1.66,6.8,9,0,,ok
TH-02011,2026-06-29,A,18.0,32.0,25.7,46.6,1.69,7.0,9,0,,ok
TH-02012,2026-06-29,A,18.0,30.8,24.2,49.5,1.1,4.3,8,0,,ok
TH-02015,2026-06-29,A,18.0,32.9,25.6,48.0,1.58,5.8,12,0,,OK
TH-02016,2026-06-29,A,18.0,30.8,25.5,48.7,1.9,6.6,8,0,,OK
TH-02017,2026-06-29,A,18.0,31.9,25.4,50.4,0.96,3.7,8,0,,OK
TH-02019,2026-06-29,A,18.0,31.5,25.2,52.4,1.65,7.2,7,0,,ok
TH-02020,2026-06-29,A,18.0,32.0,24.6,48.8,0.83,3.1,9,0,,ok
TH-02023,2026-06-29,A,18.0,30.9,24.2,52.5,0.83,3.5,9,0,,ok
TH-02028,2026-06-29,A,18.0,32.1,25.2,47.6,2.01,7.1,9,0,,OK
TH-02030,2026-06-29,A,18.0,32.7,25.9,52.0,1.61,6.6,5,0,,OK
TH-02031,2026-06-29,A,18.0,32.4,26.1,51.5,1.78,7.1,9,0,,ok
TH-02032,2026-06-29,A,18.0,32.9,26.7,49.8,1.21,4.2,7,0,,OK
TH-02033,2026-06-29,A,18.0,32.1,24.7,47.7,1.87,7.3,6,0,,ok
TH-02034,2026-06-29,A,18.0,32.7,27.4,51.2,1.51,4.7,7,0,,ok
TH-02035,2026-06-29,A,18.0,32.3,27.4,52.4,1.35,4.3,12,0,,ok
TH-02036,2026-06-29,A,18.0,33.4,28.4,52.3,0.88,3.8,7,0,,ok
TH-02037,2026-06-29,A,18.0,33.3,27.2,51.8,0.94,3.5,11,0,,OK
TH-02038,2026-06-29,A,18.0,31.3,26.2,49.7,1.21,5.2,6,0,,OK
TH-02040,2026-06-29,A,18.0,31.1,25.6,49.4,1.37,5.6,7,0,,ok
TH-02044,2026-06-29,A,18.0,31.5,24.5,47.0,1.28,5.4,13,0,,ok
TH-02045,2026-06-29,A,18.0,33.4,27.8,52.4,1.88,6.4,11,0,,OK
TH-02046,2026-06-29,A,18.0,31.5,26.2,49.5,0.9,3.4,9,0,,ok
TH-02048,2026-06-29,A,18.0,32.3,25.5,51.9,1.54,5.2,12,0,,OK
TH-02049,2026-06-29,A,18.0,33.3,28.4,52.5,0.86,3.4,10,0,,OK
TH-02050,2026-06-29,A,18.0,31.5,26.2,46.2,1.09,4.2,7,0,,ok
TH-02051,2026-06-29,A,18.0,31.6,25.7,51.7,2.09,6.7,10,0,,OK
TH-02053,2026-06-29,A,18.0,30.9,25.5,46.3,1.53,6.4,11,0,,OK
TH-02054,2026-06-29,A,18.0,31.5,24.7,49.2,1.46,5.6,12,0,,ok
TH-02055,2026-06-29,A,18.0,32.6,26.1,51.0,1.06,4.2,11,0,,OK
TH-02056,2026-06-29,A,18.0,33.0,27.1,48.4,1.87,6.4,4,0,,OK
TH-02061,2026-06-29,A,18.0,32.3,25.8,50.7,1.73,7.4,5,0,,OK
TH-02062,2026-06-29,A,18.0,32.4,26.4,51.3,2.2,7.3,5,0,,OK
TH-02065,2026-06-29,A,18.0,33.3,27.2,49.5,1.05,3.8,2,0,,OK
TH-02068,2026-06-29,A,18.0,31.7,25.3,52.8,2.05,7.4,9,0,,OK
TH-02072,2026-06-29,A,18.0,31.9,24.7,51.3,1.92,6.5,11,0,,ok
TH-02073,2026-06-29,A,18.0,31.4,24.6,46.3,1.35,4.6,7,0,,ok
TH-02074,2026-06-29,A,18.0,32.2,27.4,51.8,1.47,6.0,11,0,,OK
TH-02076,2026-06-29,A,18.0,32.0,26.1,51.2,1.57,5.9,5,0,,ok
TH-02078,2026-06-29,A,18.0,33.3,27.9,46.9,1.31,5.2,7,0,,OK
TH-02080,2026-06-29,A,18.0,32.4,26.6,52.0,1.38,4.6,8,0,,OK
TH-02084,2026-06-29,A,18.0,31.2,25.5,51.3,1.09,4.4,14,0,,OK
TH-02087,2026-06-29,A,18.0,32.0,25.2,50.2,0.87,3.0,8,0,,ok
TH-02090,2026-06-29,A,18.0,32.8,25.6,50.3,1.45,6.1,4,0,,ok
TH-02091,2026-06-29,A,18.0,30.8,25.8,48.2,0.79,3.2,5,0,,ok
TH-02094,2026-06-29,A,18.0,32.9,27.7,0,1.51,5.7,12,0,,OK
TH-02095,2026-06-29,A,18.0,-999,25.8,49.4,1.95,6.7,8,0,,ok
TH-02097,2026-06-29,A,18.0,33.5,27.5,50.7,0.97,3.7,13,0,E-317,ok
TH-02098,2026-06-29,A,18.0,33.0,26.1,51.9,1.64,5.7,12,0,E-317,OK
TH-02100,2026-06-29,A,18.0,33.0,25.6,46.5,1.53,6.0,4,0,,ok
TH-02101,2026-06-29,A,18.0,33.2,28.4,0,1.23,3.9,12,0,,OK
TH-02112,2026-06-29,A,18.0,32.1,25.1,51.1,1.15,3.8,11,0,,ok
TH-02113,2026-06-29,A,18.0,32.4,27.3,46.2,1.18,4.1,10,0,,OK
TH-02118,2026-06-29,A,18.0,32.0,27.0,47.9,1.56,6.4,6,0,,ok
TH-02120,2026-06-29,A,18.0,31.1,25.5,46.3,1.04,4.3,10,0,,OK
TH-02122,2026-06-29,A,18.0,31.9,25.9,52.9,1.48,5.3,6,0,,ok
TH-02124,2026-06-29,A,18.0,32.1,27.4,52.0,1.12,3.6,12,0,,OK
TH-02126,2026-06-29,A,18.0,31.3,24.6,46.2,1.38,4.8,2,0,,OK
TH-02127,2026-06-29,A,18.0,31.0,24.1,46.9,1.18,4.3,10,0,,OK
TH-02129,2026-06-29,A,18.0,30.9,24.1,46.6,1.89,6.6,9,0,,OK
TH-02130,2026-06-29,A,18.0,33.1,27.0,51.3,1.19,4.9,12,0,,ok
TH-02132,2026-06-29,A,18.0,32.7,25.3,50.5,1.22,3.9,5,0,,OK
TH-02133,2026-06-29,A,18.0,-999,27.4,46.5,2.35,7.5,11,0,,OK
TH-02134,2026-06-29,A,18.0,32.7,25.5,48.0,1.85,7.3,10,0,,OK
TH-02135,2026-06-29,A,18.0,-999,28.3,50.8,2.2,7.2,12,0,,ok
TH-02136,2026-06-29,A,18.0,33.4,27.8,48.6,1.07,3.6,12,0,,ok
TH-02137,2026-06-29,A,18.0,32.3,25.6,52.0,0.99,4.3,10,0,E-104,ok
TH-02138,2026-06-29,A,18.0,31.6,26.3,49.8,1.37,4.9,12,0,,ok
TH-02140,2026-06-29,A,18.0,32.6,25.1,51.7,1.65,5.6,6,0,,ok
TH-02141,2026-06-29,B,18.0,,,,17186.2,,12,0,,0
TH-02143,2026-06-29,B,18.0,,,,17930.9,,6,0,6021,0
TH-02144,2026-06-29,B,18.0,,,,12950.6,,6,0,6021,0
TH-02146,2026-06-29,B,18.0,,,,24516.1,,7,0,6021,0
TH-02148,2026-06-29,B,18.0,,,,12916.5,,11,0,6021,0
TH-02152,2026-06-29,B,18.0,,,,22532.1,,6,0,6021,0
TH-02153,2026-06-29,B,18.0,,,,19039.3,,9,0,6021,0
TH-02158,2026-06-29,B,18.0,,,,7082.0,,7,0,,0
TH-02159,2026-06-29,B,18.0,,,,12083.5,,7,0,,0
TH-02161,2026-06-29,B,18.0,,,,8295.9,,11,0,,0
TH-02162,2026-06-29,B,18.0,,,,14662.1,,9,0,,0
TH-02165,2026-06-29,B,18.0,,,,15120.6,,7,0,6021,0
TH-02166,2026-06-29,B,18.0,,,,17547.8,,7,0,6021,0
TH-02168,2026-06-29,B,18.0,,,,13658.2,,5,0,,0
TH-02169,2026-06-29,B,18.0,,,,18476.9,,7,0,,0
TH-02170,2026-06-29,B,18.0,,,,11457.1,,6,0,,0
TH-02175,2026-06-29,B,18.0,,,,12070.8,,8,0,,0
TH-02176,2026-06-29,B,18.0,,,,5430.2,,12,0,6021,0
TH-02177,2026-06-29,B,18.0,,,,12958.9,,5,0,6021,0
TH-02178,2026-06-29,B,18.0,,,,19513.4,,2,0,6021,0
TH-02181,2026-06-29,B,18.0,,,,18755.8,,9,0,,0
TH-02182,2026-06-29,B,18.0,,,,20965.8,,9,0,6021,0
TH-02185,2026-06-29,B,18.0,,,,25234.8,,8,0,,0
TH-02188,2026-06-29,B,18.0,,,,24502.0,,12,0,6021,0
TH-02190,2026-06-29,B,18.0,,,,24687.7,,9,0,,0
TH-02192,2026-06-29,B,18.0,,,,23391.7,,8,0,,0
TH-02194,2026-06-29,B,18.0,,,,19018.5,,9,0,,0
TH-02195,2026-06-29,B,18.0,,,,14839.6,,4,0,,0
TH-02196,2026-06-29,B,18.0,,,,25232.7,,10,0,1188,2
TH-02202,2026-06-29,B,18.0,,,,13833.3,,9,0,,0
TH-02204,2026-06-29,B,18.0,,,,5193.6,,7,0,,0
TH-02207,2026-06-29,B,18.0,,,,13689.6,,11,0,6021,0
TH-02213,2026-06-29,B,18.0,,,,9332.5,,3,0,,0
TH-02214,2026-06-29,B,18.0,,,,9140.8,,4,0,6021,0
TH-02215,2026-06-29,B,18.0,,,,18267.2,,4,0,6021,0
TH-02223,2026-06-29,B,18.0,,,,22250.3,,8,0,,0
TH-02226,2026-06-29,B,18.0,,,,9755.5,,7,0,,0
TH-02228,2026-06-29,B,18.0,32.7,25.3,,23943.5,,8,0,6021,0
TH-02231,2026-06-29,B,18.0,,,,7590.2,,4,0,6021,0
TH-02234,2026-06-29,B,18.0,31.3,24.3,,13300.5,,5,0,,0
TH-02235,2026-06-29,B,18.0,,,,22690.2,,10,0,,0
TH-02236,2026-06-29,B,18.0,,,,4244.8,,8,0,6021,0
TH-02239,2026-06-29,B,18.0,,,,17220.4,,9,0,6021,0
TH-02240,2026-06-29,B,18.0,,,,8059.4,,12,0,6021,0
TH-02242,2026-06-29,B,18.0,,,,14352.2,,12,0,,0
TH-02243,2026-06-29,B,18.0,,,,11690.1,,5,0,,0
TH-02244,2026-06-29,B,18.0,,,,16884.9,,9,0,,0
TH-02245,2026-06-29,B,18.0,,,,14941.5,,6,0,,0
TH-02246,2026-06-29,B,18.0,,,,15958.4,,6,0,6021,0
TH-02247,2026-06-29,B,18.0,,,,5491.3,,6,0,6021,0
TH-02248,2026-06-29,B,18.0,,,,23295.7,,10,0,6021,0
TH-02249,2026-06-29,B,18.0,,,,6903.0,,8,0,,0
TH-02250,2026-06-29,B,18.0,,,,11189.8,,12,0,,0
TH-02251,2026-06-29,B,18.0,,,,24467.1,,6,0,6021,0
TH-02256,2026-06-29,B,18.0,,,,7860.3,,10,0,6021,0
TH-02257,2026-06-29,B,18.0,,,,21288.3,,13,0,,0
TH-02258,2026-06-29,B,18.0,,,,10361.7,,18,0,,0
TH-02259,2026-06-29,B,18.0,,,,12293.0,,9,0,,0
TH-02260,2026-06-29,B,18.0,,,,7348.1,,9,0,7702,2
TH-02262,2026-06-29,B,18.0,,,,9186.2,,6,0,6021,0
TH-02265,2026-06-29,B,18.0,,,,22599.8,,11,0,1188,2
TH-02268,2026-06-29,B,18.0,,,,23831.7,,7,0,,0
TH-02269,2026-06-29,B,18.0,,,,12406.6,,10,0,6021,0
TH-02270,2026-06-29,B,18.0,,,,21941.7,,8,0,6021,0
TH-02271,2026-06-29,B,18.0,,,,4953.8,,11,0,,0
TH-02272,2026-06-29,B,18.0,,,,24860.2,,7,0,6021,0
TH-02273,2026-06-29,B,18.0,,,,19816.5,,10,0,,0
TH-02277,2026-06-29,B,18.0,,,,17890.5,,7,0,,0
TH-02278,2026-06-29,B,18.0,,,,14830.7,,11,0,6021,0
TH-02279,2026-06-29,B,18.0,,,,21099.5,,10,0,,0
TH-02280,2026-06-29,B,18.0,,,,17726.5,,15,0,,0
TH-02281,2026-06-29,B,18.0,,,,4264.4,,5,0,,0
TH-02283,2026-06-29,B,18.0,,,,21356.6,,11,0,6021,0
TH-02286,2026-06-29,B,18.0,,,,7587.7,,8,0,,0
TH-02287,2026-06-29,B,18.0,,,,18031.7,,4,0,,0
TH-02288,2026-06-29,B,18.0,,,,5442.1,,7,0,,0
TH-02290,2026-06-29,B,18.0,,,,7326.4,,2,0,,0
TH-02292,2026-06-29,C,18.0,,,,1.81,,,0,,OK
TH-02294,2026-06-29,C,18.0,,,,1.31,,,0,,
TH-02297,2026-06-29,C,18.0,,,,0.78,,,0,,warn
TH-02298,2026-06-29,C,18.0,,,,1.28,,,0,,OK
TH-02299,2026-06-29,C,18.0,,,,1.62,,,0,,
TH-02300,2026-06-29,C,18.0,,,,1.55,,,0,,
TH-02302,2026-06-29,C,18.0,,,,0.97,,,0,,OK
TH-02303,2026-06-29,C,18.0,,,,1.01,,,0,,OK
TH-02304,2026-06-29,C,18.0,,,,1.74,,,0,,OK
TH-02307,2026-06-29,C,18.0,,,,1.21,,,0,,warn
TH-02309,2026-06-29,C,18.0,,,,1.93,,,0,,
TH-02311,2026-06-29,C,18.0,,,,1.29,,,0,,OK
TH-02312,2026-06-29,C,18.0,,,,1.12,,,0,,OK
TH-02314,2026-06-29,C,18.0,,,,1.5,,,0,,OK
TH-02316,2026-06-29,C,18.0,,,,1.22,,,0,,OK
TH-02317,2026-06-29,C,18.0,,,,1.25,,,0,,
TH-02322,2026-06-29,C,18.0,,,,1.0,,,0,,OK
TH-02323,2026-06-29,C,18.0,,,,1.87,,,0,,
TH-02331,2026-06-29,C,18.0,,,47.9,1.89,,,0,,OK
TH-02333,2026-06-29,C,18.0,,,,1.01,,,0,,OK
TH-02334,2026-06-29,C,18.0,,,,1.7,,,0,,
TH-02336,2026-06-29,C,18.0,,,,1.29,,,0,ALM_SM_LINK,warn
TH-02337,2026-06-29,C,18.0,,,,1.19,,,0,,warn
TH-02339,2026-06-29,C,18.0,,,,1.22,,,0,,warn
TH-02340,2026-06-29,C,18.0,,,,0.81,,,0,,
TH-02341,2026-06-29,C,18.0,,,,1.56,,,0,,OK
TH-02342,2026-06-29,C,18.0,,,,1.5,,,0,,warn
TH-02343,2026-06-29,C,18.0,,,,0.95,,,0,,OK
TH-02344,2026-06-29,C,18.0,31.0,,,-2.56,,,0,,OK
TH-02345,2026-06-29,C,18.0,,,,0.7,,,0,,OK
TH-02346,2026-06-29,C,18.0,,,,1.94,,,0,,OK
TH-02348,2026-06-29,C,18.0,,,,1.66,,,0,,OK
TH-02351,2026-06-29,C,18.0,,,,1.58,,,0,,
TH-02352,2026-06-29,C,18.0,,,,1.24,,,0,,OK
TH-02354,2026-06-29,C,18.0,,,,1.12,,,0,,OK
TH-02355,2026-06-29,C,18.0,,,,1.32,,,0,ALM_SM_LINK,warn
TH-02358,2026-06-29,C,18.0,33.4,,,1.68,,,0,,warn
TH-02359,2026-06-29,C,18.0,,,,0.99,,,0,,OK
TH-02360,2026-06-29,C,18.0,,,,0.99,,,0,,warn
TH-02361,2026-06-29,C,18.0,,,,1.25,,,0,,
TH-02363,2026-06-29,C,18.0,,,49.0,1.39,,,0,,warn
TH-02365,2026-06-29,C,18.0,,,,1.77,,,0,,
TH-02366,2026-06-29,C,18.0,,,,1.49,,,0,,
TH-02374,2026-06-29,C,18.0,,,,2.02,,,0,,warn
TH-02377,2026-06-29,C,18.0,,,,1.15,,,0,,
TH-02379,2026-06-29,C,18.0,,,,1.75,,,0,,
TH-02380,2026-06-29,C,18.0,,,,1.6,,,0,,OK
TH-02381,2026-06-29,C,18.0,,,,1.06,,,0,,OK
TH-02383,2026-06-29,C,18.0,,,,1.54,,,0,,warn
TH-02385,2026-06-29,C,18.0,,,,1.34,,,0,,warn
TH-02387,2026-06-29,C,18.0,,,,1.61,,,0,,warn
TH-02388,2026-06-29,C,18.0,,,,1.72,,,0,,
TH-02393,2026-06-29,C,18.0,,,,1.14,,,0,,
TH-02395,2026-06-29,C,18.0,,,,1.98,,,0,,warn
TH-02396,2026-06-29,C,18.0,,,,1.97,,,0,,warn
TH-02397,2026-06-29,C,18.0,,,,1.58,,,0,,warn
TH-02398,2026-06-29,C,18.0,,,,1.67,,,0,,OK
TH-02400,2026-06-29,C,18.0,,,,1.27,,,0,,OK
TH-90000,2026-06-29,C,18.0,,,,12.34,,,0,,OK
TH-90001,2026-06-29,C,18.0,,,,10.38,,,0,,OK
TH-90002,2026-06-29,C,18.0,,,,6.51,,,0,,OK
TH-90003,2026-06-29,C,18.0,,,,13.12,,,0,,OK
TH-90004,2026-06-29,C,18.0,,,,2.68,,,0,,OK
th-02002,2026-06-29,A,18.0,32.7,26.3,49.0,0.77,3.3,11,0,,ok
th-02004,2026-06-29,A,18.0,31.7,25.1,49.1,1.42,5.4,12,0,,ok
th-02021,2026-06-29,A,18.0,30.5,23.4,47.0,0.74,3.2,11,0,,OK
th-02063,2026-06-29,A,18.0,33.3,28.2,46.6,1.68,6.9,13,0,,OK
th-02085,2026-06-29,A,18.0,31.9,27.4,47.4,1.96,7.3,11,0,,OK
th-02093,2026-06-29,A,18.0,33.0,28.1,52.5,1.29,4.2,9,0,,ok
th-02111,2026-06-29,A,18.0,31.2,25.6,52.9,1.3,4.7,16,0,,ok
th-02121,2026-06-29,A,18.0,32.4,25.8,50.9,0.79,3.1,8,0,,OK
th-02139,2026-06-29,A,18.0,30.6,24.3,52.5,0.96,3.8,2,0,,ok
th-02160,2026-06-29,B,18.0,,,,14952.4,,9,0,,0
th-02180,2026-06-29,B,18.0,,,,11622.8,,14,0,,0
th-02184,2026-06-29,B,18.0,,,,20303.8,,13,0,,0
th-02187,2026-06-29,B,18.0,,,,13630.8,,5,0,6021,0
th-02189,2026-06-29,B,18.0,,,,19371.3,,11,0,,0
th-02206,2026-06-29,B,18.0,,,,17407.3,,6,0,6021,0
th-02216,2026-06-29,B,18.0,,,,17176.7,,11,0,,0
th-02221,2026-06-29,B,18.0,,,,16207.8,,13,0,6021,0
th-02230,2026-06-29,B,18.0,,,,25636.6,,11,0,,0
th-02238,2026-06-29,B,18.0,,,,7783.2,,10,0,,0
th-02255,2026-06-29,B,18.0,,,,12933.1,,4,0,6021,0
th-02266,2026-06-29,B,18.0,,,,16124.1,,12,0,6021,0
th-02275,2026-06-29,B,18.0,,,,12352.4,,8,0,,0
th-02296,2026-06-29,C,18.0,,,,1.28,,,0,,OK
th-02313,2026-06-29,C,18.0,,,,2.07,,,0,,
th-02319,2026-06-29,C,18.0,,,,1.54,,,0,,warn
th-02324,2026-06-29,C,18.0,,,,1.08,,,0,,
th-02338,2026-06-29,C,18.0,,,,1.12,,,0,,warn
th-02357,2026-06-29,C,18.0,,,50.2,1.48,,,0,,warn
th-02371,2026-06-29,C,18.0,,,,1.22,,,0,,warn
th-02375,2026-06-29,C,18.0,,,,2.0,,,0,,warn
th-02384,2026-06-29,C,18.0,,,,1.05,,,0,,OK
 TH-02012,2026-06-30,A,18.2,31.0,23.8,48.8,1.1,4.4,7,0,,ok
 TH-02019,2026-06-30,A,18.2,31.1,24.0,49.9,1.94,6.8,7,0,,OK
 TH-02033,2026-06-30,A,18.2,31.0,23.6,46.3,1.33,5.7,9,0,,ok
 TH-02045,2026-06-30,A,18.2,32.1,27.1,48.2,1.65,6.5,6,0,,ok
 TH-02133,2026-06-30,A,18.2,33.4,26.7,49.0,1.29,4.3,12,0,,ok
 TH-02140,2026-06-30,A,18.2,30.7,23.4,48.1,1.24,5.2,4,0,,OK
 TH-02160,2026-06-30,B,18.2,,,,14953.3,,8,0,,0
 TH-02168,2026-06-30,B,18.2,,,,13658.9,,10,0,6021,0
 TH-02182,2026-06-30,B,18.2,,,,20967.1,,10,0,,0
 TH-02207,2026-06-30,B,18.2,,,,13690.5,,9,0,6021,0
 TH-02221,2026-06-30,B,18.2,,,,16209.7,,4,0,,0
 TH-02234,2026-06-30,B,18.2,,,,13302.2,,9,0,,0
 TH-02251,2026-06-30,B,18.2,,,,24468.7,,12,0,,0
 TH-02270,2026-06-30,B,18.2,31.0,24.4,,21943.3,,10,0,,0
 TH-02273,2026-06-30,B,18.2,,,,19818.1,,5,0,,0
 TH-02277,2026-06-30,B,18.2,,,,17892.3,,8,0,6021,0
 TH-02278,2026-06-30,B,18.2,,,,14832.0,,8,0,6021,0
 TH-02280,2026-06-30,B,18.2,,,,17728.0,,11,0,,0
 TH-02281,2026-06-30,B,18.2,,,,4265.7,,5,0,,0
 TH-02304,2026-06-30,C,18.2,,,,1.7,,,0,ALM_SM_LINK,warn
 TH-02324,2026-06-30,C,18.2,,,,1.64,,,0,,
 TH-02336,2026-06-30,C,18.2,,,,1.59,,,0,,
 TH-02337,2026-06-30,C,18.2,,,,1.22,,,0,,OK
 TH-02380,2026-06-30,C,18.2,,,,1.05,,,0,,
 TH-02397,2026-06-30,C,18.2,,,,1.42,,,0,,
TH-02002,2026-06-30,A,18.2,31.8,27.1,47.3,1.72,6.9,13,0,,ok
TH-02004,2026-06-30,A,18.2,31.4,24.5,51.0,1.69,6.9,7,0,,ok
TH-02005,2026-06-30,A,18.2,32.3,27.4,0,0.91,3.1,8,0,,OK
TH-02006,2026-06-30,A,18.2,33.4,27.1,46.8,1.14,3.6,9,0,,ok
TH-02007,2026-06-30,A,18.2,31.0,26.3,51.3,1.21,4.7,11,0,,ok
TH-02008,2026-06-30,A,18.2,30.9,24.6,51.4,1.39,5.1,9,0,,ok
TH-02009,2026-06-30,A,18.2,32.4,26.4,49.0,1.31,4.8,12,0,,OK
TH-02011,2026-06-30,A,18.2,32.4,27.5,50.1,1.63,5.9,8,0,,ok
TH-02015,2026-06-30,A,18.2,32.8,25.9,46.5,1.92,6.8,11,0,,ok
TH-02016,2026-06-30,A,18.2,32.8,27.2,0,1.6,5.3,10,0,,ok
TH-02017,2026-06-30,A,18.2,31.7,25.5,49.3,1.08,4.1,2,0,,OK
TH-02020,2026-06-30,A,18.2,33.3,27.3,49.9,1.54,5.2,10,0,,ok
TH-02021,2026-06-30,A,18.2,31.6,24.4,47.3,2.15,7.2,8,0,,ok
TH-02023,2026-06-30,A,18.2,31.8,25.7,47.1,2.0,6.3,10,0,,OK
TH-02025,2026-06-30,A,18.2,31.7,24.8,49.5,2.04,7.2,9,0,,ok
TH-02028,2026-06-30,A,18.2,31.9,27.3,50.8,1.03,4.5,4,0,,OK
TH-02030,2026-06-30,A,18.2,31.2,26.3,49.9,1.82,6.0,14,0,,OK
TH-02031,2026-06-30,A,18.2,32.1,24.7,50.2,1.24,5.0,10,0,,OK
TH-02032,2026-06-30,A,18.2,31.9,26.0,46.1,1.14,5.0,11,0,,ok
TH-02034,2026-06-30,A,18.2,33.4,28.9,47.3,2.1,6.6,9,0,,ok
TH-02035,2026-06-30,A,18.2,30.7,23.9,51.5,1.85,7.3,7,0,,ok
TH-02037,2026-06-30,A,18.2,32.4,25.6,52.3,1.29,4.2,5,0,,OK
TH-02038,2026-06-30,A,18.2,30.9,25.6,52.6,1.37,4.6,6,0,,OK
TH-02040,2026-06-30,A,18.2,32.8,26.0,52.2,1.62,5.1,10,0,,ok
TH-02044,2026-06-30,A,18.2,33.5,26.2,46.8,1.84,5.9,6,0,,ok
TH-02046,2026-06-30,A,18.2,32.0,27.1,50.7,1.36,5.5,11,0,,ok
TH-02047,2026-06-30,A,18.2,33.3,26.3,49.8,1.25,5.1,12,0,,OK
TH-02049,2026-06-30,A,18.2,32.1,24.7,46.6,1.39,4.4,6,0,,OK
TH-02050,2026-06-30,A,18.2,32.7,26.0,46.6,1.46,5.0,10,0,,OK
TH-02051,2026-06-30,A,18.2,32.1,26.4,46.4,1.43,5.6,10,0,,ok
TH-02052,2026-06-30,A,18.2,33.3,26.6,46.8,0.9,3.7,12,0,,ok
TH-02053,2026-06-30,A,18.2,31.1,23.8,48.4,1.01,3.2,9,0,,ok
TH-02054,2026-06-30,A,18.2,32.2,26.0,48.2,0.98,3.6,7,0,,OK
TH-02055,2026-06-30,A,18.2,33.1,27.4,52.8,1.45,5.1,11,0,,OK
TH-02061,2026-06-30,A,18.2,32.2,27.2,50.8,2.15,7.5,7,0,,OK
TH-02062,2026-06-30,A,18.2,-999,27.8,52.4,1.74,7.0,9,0,,ok
TH-02063,2026-06-30,A,18.2,31.7,26.5,48.8,1.31,5.4,3,0,,ok
TH-02065,2026-06-30,A,18.2,32.5,27.5,48.5,1.69,5.3,6,0,,ok
TH-02068,2026-06-30,A,18.2,33.1,26.8,51.4,1.31,5.0,9,0,E-505,ok
TH-02071,2026-06-30,A,18.2,-999,25.9,50.4,1.79,5.7,10,0,,OK
TH-02072,2026-06-30,A,18.2,32.6,25.9,47.6,2.25,7.5,8,0,,ok
TH-02073,2026-06-30,A,18.2,33.5,27.7,47.4,2.13,7.2,12,0,,ok
TH-02074,2026-06-30,A,18.2,32.7,26.3,51.3,1.58,6.0,6,0,,OK
TH-02075,2026-06-30,A,18.2,33.3,27.0,50.4,1.14,4.6,8,0,,OK
TH-02076,2026-06-30,A,18.2,33.4,27.7,47.8,1.54,5.1,7,0,,ok
TH-02077,2026-06-30,A,18.2,32.4,25.7,51.8,0.93,3.2,6,0,,ok
TH-02078,2026-06-30,A,18.2,32.5,27.3,49.1,1.84,6.3,10,0,,ok
TH-02080,2026-06-30,A,18.2,30.8,24.0,52.4,1.09,4.6,9,0,,ok
TH-02083,2026-06-30,A,18.2,30.7,24.3,52.7,0.89,3.9,6,0,,OK
TH-02084,2026-06-30,A,18.2,31.4,26.9,52.4,1.02,4.3,3,0,,ok
TH-02085,2026-06-30,A,18.2,33.0,28.1,49.2,1.91,6.7,10,0,,OK
TH-02086,2026-06-30,A,18.2,32.8,26.3,51.0,1.06,4.5,12,0,,ok
TH-02087,2026-06-30,A,18.2,32.0,27.5,47.8,1.66,5.8,7,0,,OK
TH-02090,2026-06-30,A,18.2,31.9,25.7,48.4,0.87,3.5,10,0,,OK
TH-02091,2026-06-30,A,18.2,32.0,25.8,52.8,1.36,4.3,2,0,E-317,OK
TH-02093,2026-06-30,A,18.2,32.2,25.0,47.2,1.63,6.9,7,0,,ok
TH-02094,2026-06-30,A,18.2,31.6,24.8,49.8,1.63,6.7,8,0,,ok
TH-02097,2026-06-30,A,18.2,30.9,26.4,49.3,1.23,4.7,2,0,,OK
TH-02098,2026-06-30,A,18.2,32.9,27.6,52.5,1.57,5.4,3,0,E-211,ok
TH-02099,2026-06-30,A,18.2,31.7,24.3,49.5,1.39,4.5,7,0,E-505,ok
TH-02100,2026-06-30,A,18.2,33.1,28.4,51.1,1.18,4.0,5,0,,ok
TH-02103,2026-06-30,A,18.2,32.4,27.4,48.6,1.44,4.7,6,0,,OK
TH-02109,2026-06-30,A,18.2,31.8,25.6,48.6,1.68,6.6,10,0,,ok
TH-02111,2026-06-30,A,18.2,31.5,26.5,52.6,0.95,3.2,8,0,,OK
TH-02112,2026-06-30,A,18.2,32.0,27.5,50.7,1.64,7.1,9,0,,ok
TH-02113,2026-06-30,A,18.2,31.8,24.6,52.3,1.07,3.6,7,0,,ok
TH-02114,2026-06-30,A,18.2,30.8,24.6,50.2,1.5,5.5,6,0,,ok
TH-02118,2026-06-30,A,18.2,33.0,26.4,51.9,0.93,3.8,5,0,,OK
TH-02120,2026-06-30,A,18.2,32.8,25.9,50.8,2.1,6.5,7,0,,OK
TH-02121,2026-06-30,A,18.2,31.0,24.9,46.9,1.04,4.1,5,0,,OK
TH-02122,2026-06-30,A,18.2,33.2,27.8,51.8,1.02,3.2,8,0,,OK
TH-02124,2026-06-30,A,18.2,32.4,25.5,52.4,1.16,3.6,10,0,,OK
TH-02125,2026-06-30,A,18.2,32.3,26.9,47.7,1.16,4.5,11,0,,OK
TH-02126,2026-06-30,A,18.2,-999,26.0,51.0,1.57,5.6,6,0,,ok
TH-02127,2026-06-30,A,18.2,30.6,24.9,50.3,1.76,6.3,4,0,,OK
TH-02130,2026-06-30,A,18.2,33.1,26.7,48.4,0.73,3.2,7,0,,ok
TH-02132,2026-06-30,A,18.2,32.9,25.9,48.9,1.23,5.3,9,0,,OK
TH-02134,2026-06-30,A,18.2,32.6,25.7,50.7,1.23,3.9,8,0,,ok
TH-02135,2026-06-30,A,18.2,31.3,24.6,51.4,1.17,5.0,10,0,,ok
TH-02138,2026-06-30,A,18.2,31.1,24.9,0,1.44,5.9,8,0,,ok
TH-02139,2026-06-30,A,18.2,32.1,26.7,50.3,0.87,3.2,8,0,,OK
TH-02141,2026-06-30,B,18.2,,,,17187.5,,8,0,,0
TH-02143,2026-06-30,B,18.2,,,,17932.8,,4,0,6021,0
TH-02144,2026-06-30,B,18.2,,,,12951.8,,10,0,6021,0
TH-02145,2026-06-30,B,18.2,,,,4827.8,,5,0,,0
TH-02146,2026-06-30,B,18.2,,,,24517.6,,6,0,6021,0
TH-02148,2026-06-30,B,18.2,,,,12918.2,,3,0,6021,0
TH-02149,2026-06-30,B,18.2,,,,8089.4,,9,0,,0
TH-02152,2026-06-30,B,18.2,,,,22533.0,,6,0,,0
TH-02153,2026-06-30,B,18.2,,,,19040.5,,9,0,6021,0
TH-02155,2026-06-30,B,18.2,,,,4503.6,,5,0,6021,0
TH-02158,2026-06-30,B,18.2,,,,7083.8,,2,0,6021,0
TH-02159,2026-06-30,B,18.2,,,,12085.1,,9,0,6021,0
TH-02166,2026-06-30,B,18.2,,,,17549.4,,11,0,,0
TH-02169,2026-06-30,B,18.2,,,,18478.8,,5,0,,0
TH-02170,2026-06-30,B,18.2,,,,11459.1,,11,0,,0
TH-02171,2026-06-30,B,18.2,,,,14082.6,,12,0,6021,0
TH-02175,2026-06-30,B,18.2,,,,12072.0,,5,0,,0
TH-02176,2026-06-30,B,18.2,,,,5431.9,,8,0,6021,0
TH-02177,2026-06-30,B,18.2,,,,12960.2,,7,0,,0
TH-02178,2026-06-30,B,18.2,33.0,26.8,,19514.9,,9,0,6021,0
TH-02180,2026-06-30,B,18.2,,,,11623.7,,6,0,6021,0
TH-02181,2026-06-30,B,18.2,,,,18757.0,,5,0,6021,0
TH-02184,2026-06-30,B,18.2,,,,20304.8,,10,0,6021,0
TH-02185,2026-06-30,B,18.2,,,,25236.1,,7,0,,0
TH-02187,2026-06-30,B,18.2,,,,13632.2,,11,0,,0
TH-02188,2026-06-30,B,18.2,,,,24503.1,,7,0,,0
TH-02189,2026-06-30,B,18.2,,,,19372.6,,13,0,,0
TH-02190,2026-06-30,B,18.2,,,,24688.9,,11,0,,0
TH-02192,2026-06-30,B,18.2,,,,23393.7,,10,0,,0
TH-02194,2026-06-30,B,18.2,,,,19020.1,,5,0,,0
TH-02195,2026-06-30,B,18.2,,,,14841.1,,9,0,,0
TH-02196,2026-06-30,B,18.2,,,,25234.2,,10,0,,0
TH-02202,2026-06-30,B,18.2,,,,13834.7,,8,0,,0
TH-02204,2026-06-30,B,18.2,,,,5194.6,,8,0,6021,0
TH-02206,2026-06-30,B,18.2,,,,17408.2,,6,0,7702,2
TH-02214,2026-06-30,B,18.2,,,,9141.7,,10,0,6021,0
TH-02215,2026-06-30,B,18.2,,,,18268.0,,12,0,6021,0
TH-02216,2026-06-30,B,18.2,,,,17178.5,,13,0,6021,0
TH-02223,2026-06-30,B,18.2,,,,22251.7,,4,0,,0
TH-02224,2026-06-30,B,18.2,,,,8768.7,,5,0,6021,0
TH-02226,2026-06-30,B,18.2,,,,9757.0,,6,0,,0
TH-02228,2026-06-30,B,18.2,,,,23944.5,,4,0,6021,0
TH-02231,2026-06-30,B,18.2,,,,7591.5,,10,0,6021,0
TH-02235,2026-06-30,B,18.2,,,,22690.9,,2,0,6021,0
TH-02236,2026-06-30,B,18.2,,,,4246.2,,7,0,,0
TH-02238,2026-06-30,B,18.2,,,,7784.6,,6,0,,0
TH-02239,2026-06-30,B,18.2,,,,17222.1,,9,0,,0
TH-02240,2026-06-30,B,18.2,,,,8061.0,,8,0,6021,0
TH-02242,2026-06-30,B,18.2,,,,14353.5,,8,0,,0
TH-02243,2026-06-30,B,18.2,,,,11691.2,,13,0,6021,0
TH-02244,2026-06-30,B,18.2,,,,16887.1,,9,0,,0
TH-02245,2026-06-30,B,18.2,,,,14943.5,,9,0,,0
TH-02246,2026-06-30,B,18.2,,,,15959.6,,10,0,,0
TH-02247,2026-06-30,B,18.2,,,,5492.9,,8,0,6021,0
TH-02248,2026-06-30,B,18.2,,,,23297.5,,4,0,,0
TH-02249,2026-06-30,B,18.2,,,,6903.9,,7,0,6021,0
TH-02250,2026-06-30,B,18.2,,,,11191.5,,12,0,6021,0
TH-02255,2026-06-30,B,18.2,,,,12935.3,,6,0,6021,0
TH-02256,2026-06-30,B,18.2,,,,7861.3,,8,0,6021,0
TH-02257,2026-06-30,B,18.2,,,,21289.1,,6,0,,0
TH-02258,2026-06-30,B,18.2,,,,10363.2,,7,0,3104,2
TH-02259,2026-06-30,B,18.2,,,,12294.7,,6,0,,0
TH-02260,2026-06-30,B,18.2,,,,7349.6,,14,0,6021,0
TH-02262,2026-06-30,B,18.2,,,,9188.1,,13,0,,0
TH-02267,2026-06-30,B,18.2,,,,11549.4,,12,0,6021,0
TH-02268,2026-06-30,B,18.2,,,,23833.1,,13,0,6021,0
TH-02269,2026-06-30,B,18.2,,,,12408.3,,5,0,6021,0
TH-02272,2026-06-30,B,18.2,,,,24861.2,,7,0,,0
TH-02275,2026-06-30,B,18.2,,,,12353.6,,7,0,,0
TH-02279,2026-06-30,B,18.2,,,,21101.0,,12,0,6021,0
TH-02283,2026-06-30,B,18.2,,,,21357.4,,8,0,6021,0
TH-02285,2026-06-30,B,18.2,,,,12837.2,,8,0,6021,0
TH-02286,2026-06-30,B,18.2,,,,7589.3,,5,0,,0
TH-02287,2026-06-30,B,18.2,,,,18033.0,,14,0,6021,0
TH-02290,2026-06-30,B,18.2,,,,7328.6,,5,0,,0
TH-02292,2026-06-30,C,18.2,,,,1.2,,,0,,OK
TH-02294,2026-06-30,C,18.2,,,,1.08,,,0,,OK
TH-02297,2026-06-30,C,18.2,,,,1.35,,,0,,
TH-02298,2026-06-30,C,18.2,,,,1.19,,,0,,OK
TH-02299,2026-06-30,C,18.2,,,,1.84,,,0,,warn
TH-02302,2026-06-30,C,18.2,,,,2.14,,,0,,warn
TH-02303,2026-06-30,C,18.2,,,,1.6,,,0,,
TH-02307,2026-06-30,C,18.2,,,,1.98,,,0,,warn
TH-02308,2026-06-30,C,18.2,,,,1.7,,,0,,
TH-02309,2026-06-30,C,18.2,,,,1.51,,,0,,warn
TH-02311,2026-06-30,C,18.2,,,,1.3,,,0,,
TH-02312,2026-06-30,C,18.2,,,,1.15,,,0,,
TH-02313,2026-06-30,C,18.2,,,48.9,1.02,,,0,,OK
TH-02314,2026-06-30,C,18.2,,,,1.86,,,0,,
TH-02316,2026-06-30,C,18.2,,,48.0,1.33,,,0,,OK
TH-02317,2026-06-30,C,18.2,,,,1.91,,,0,,warn
TH-02319,2026-06-30,C,18.2,,,,1.57,,,0,,
TH-02322,2026-06-30,C,18.2,,,,1.28,,,0,,OK
TH-02333,2026-06-30,C,18.2,,,,1.19,,,0,,
TH-02334,2026-06-30,C,18.2,,,,0.91,,,0,,
TH-02338,2026-06-30,C,18.2,,,,1.73,,,0,,
TH-02339,2026-06-30,C,18.2,,,,2.21,,,0,,
TH-02340,2026-06-30,C,18.2,,,,1.32,,,0,,warn
TH-02342,2026-06-30,C,18.2,,,,1.54,,,0,,OK
TH-02343,2026-06-30,C,18.2,,,,1.08,,,0,,OK
TH-02344,2026-06-30,C,18.2,,,,1.6,,,0,,warn
TH-02345,2026-06-30,C,18.2,,,,1.22,,,0,,
TH-02346,2026-06-30,C,18.2,,,,1.34,,,0,,warn
TH-02347,2026-06-30,C,18.2,,,,1.15,,,0,,
TH-02348,2026-06-30,C,18.2,,,,1.97,,,0,,
TH-02352,2026-06-30,C,18.2,,,,1.53,,,0,,
TH-02354,2026-06-30,C,18.2,,,,0.77,,,0,,
TH-02355,2026-06-30,C,18.2,,,,1.61,,,0,ALM_HP_HP_SWITCH,OK
TH-02357,2026-06-30,C,18.2,,,,1.27,,,0,,OK
TH-02358,2026-06-30,C,18.2,,,,2.0,,,0,,OK
TH-02359,2026-06-30,C,18.2,,,,1.75,,,0,,warn
TH-02363,2026-06-30,C,18.2,,,,-2.62,,,0,,warn
TH-02365,2026-06-30,C,18.2,,,,1.39,,,0,,OK
TH-02367,2026-06-30,C,18.2,,,,2.09,,,0,,warn
TH-02371,2026-06-30,C,18.2,,,,1.36,,,0,,warn
TH-02374,2026-06-30,C,18.2,,,,1.41,,,0,,
TH-02375,2026-06-30,C,18.2,,,,1.76,,,0,,OK
TH-02377,2026-06-30,C,18.2,,,,1.32,,,0,,
TH-02379,2026-06-30,C,18.2,,,,2.15,,,0,,OK
TH-02383,2026-06-30,C,18.2,,,,1.63,,,0,,OK
TH-02384,2026-06-30,C,18.2,,,,1.66,,,0,,warn
TH-02385,2026-06-30,C,18.2,,,,1.66,,,0,,warn
TH-02387,2026-06-30,C,18.2,,,,0.71,,,0,,warn
TH-02388,2026-06-30,C,18.2,,,,2.08,,,0,,OK
TH-02389,2026-06-30,C,18.2,,,,1.24,,,0,,warn
TH-02393,2026-06-30,C,18.2,,,,1.71,,,0,,warn
TH-02395,2026-06-30,C,18.2,,,,1.11,,,0,,OK
TH-02399,2026-06-30,C,18.2,,,,1.53,,,0,,warn
TH-02400,2026-06-30,C,18.2,,,,1.27,,,0,,OK
th-02001,2026-06-30,A,18.2,31.3,26.4,47.2,1.3,4.1,6,0,,ok
th-02036,2026-06-30,A,18.2,33.4,27.3,51.1,1.79,7.4,12,0,,OK
th-02056,2026-06-30,A,18.2,32.6,26.7,51.2,1.17,5.0,4,0,E-505,warn
th-02081,2026-06-30,A,18.2,32.8,26.5,52.7,1.07,3.8,3,0,,ok
th-02095,2026-06-30,A,18.2,31.1,25.9,52.2,1.75,7.3,8,0,,ok
th-02101,2026-06-30,A,18.2,32.8,27.8,52.4,-3.38,6.2,10,0,,ok
th-02129,2026-06-30,A,18.2,33.4,27.4,48.1,1.02,4.2,5,0,,OK
th-02136,2026-06-30,A,18.2,33.2,27.2,49.6,1.43,4.6,8,0,,OK
th-02137,2026-06-30,A,18.2,31.6,24.7,52.7,1.65,6.0,12,0,,ok
th-02161,2026-06-30,B,18.2,,,,8297.0,,8,0,,0
th-02162,2026-06-30,B,18.2,,,,14663.0,,9,0,6021,0
th-02165,2026-06-30,B,18.2,,,,15121.6,,8,0,6021,0
th-02173,2026-06-30,B,18.2,,,,6967.4,,8,0,,0
th-02213,2026-06-30,B,18.2,,,,9334.1,,7,0,,0
th-02230,2026-06-30,B,18.2,,,,25638.1,,10,0,,0
th-02265,2026-06-30,B,18.2,,,,22601.6,,8,0,,0
th-02271,2026-06-30,B,18.2,,,,4955.6,,11,0,6021,0
th-02296,2026-06-30,C,18.2,,,,0.83,,,0,,OK
th-02300,2026-06-30,C,18.2,,,,1.05,,,0,,
th-02323,2026-06-30,C,18.2,,,,1.89,,,0,,warn
th-02331,2026-06-30,C,18.2,,,,1.56,,,0,,
th-02335,2026-06-30,C,18.2,,,,2.01,,,0,,
th-02341,2026-06-30,C,18.2,,,,1.5,,,0,,OK
th-02351,2026-06-30,C,18.2,,,48.1,1.3,,,0,,warn
th-02360,2026-06-30,C,18.2,,,,1.8,,,0,,
th-02361,2026-06-30,C,18.2,,,,0.74,,,0,,
th-02366,2026-06-30,C,18.2,,,,1.55,,,0,,OK
th-02381,2026-06-30,C,18.2,,,,1.16,,,0,,OK
th-02396,2026-06-30,C,18.2,,,,1.47,,,0,,warn
th-02398,2026-06-30,C,18.2,,,,1.1,,,0,,warn
 TH-02002,2026-07-01,A,20.6,31.2,24.5,52.3,1.87,7.2,10,0,,ok
 TH-02011,2026-07-01,A,20.6,31.4,26.5,52.0,1.81,7.2,9,0,,OK
 TH-02044,2026-07-01,A,20.6,33.3,25.9,49.6,1.79,6.8,6,0,,OK
 TH-02086,2026-07-01,A,20.6,33.1,27.4,48.1,1.49,6.5,7,0,,OK
 TH-02160,2026-07-01,B,20.6,,,,14955.3,,10,0,,0
 TH-02184,2026-07-01,B,20.6,,,,20306.5,,10,0,,0
 TH-02189,2026-07-01,B,20.6,,,,19373.8,,9,0,,0
 TH-02196,2026-07-01,B,20.6,,,,25235.4,,5,0,,0
 TH-02216,2026-07-01,B,20.6,,,,17179.5,,9,0,,0
 TH-02312,2026-07-01,C,20.6,,,,1.42,,,0,,OK
 TH-02324,2026-07-01,C,20.6,,,,1.09,,,0,,OK
 TH-02379,2026-07-01,C,20.6,,,,1.44,,,0,,OK
 TH-02380,2026-07-01,C,20.6,,,,1.06,,,0,,
TH-02004,2026-07-01,A,20.6,32.7,27.2,46.1,2.16,7.2,10,0,,OK
TH-02005,2026-07-01,A,20.6,32.7,25.9,46.2,1.72,6.7,9,0,,OK
TH-02006,2026-07-01,A,20.6,32.4,25.0,48.6,1.32,5.6,11,0,,ok
TH-02007,2026-07-01,A,20.6,33.0,26.0,49.2,1.82,5.7,11,0,,OK
TH-02008,2026-07-01,A,20.6,30.6,24.0,48.4,1.25,4.3,7,0,,OK
TH-02009,2026-07-01,A,20.6,30.6,23.3,51.6,0.83,3.2,6,0,,ok
TH-02012,2026-07-01,A,20.6,32.1,25.4,49.8,1.47,5.5,2,0,,ok
TH-02015,2026-07-01,A,20.6,31.6,24.4,48.2,2.06,7.2,11,0,,ok
TH-02016,2026-07-01,A,20.6,30.8,24.6,48.8,1.6,5.2,10,0,,ok
TH-02017,2026-07-01,A,20.6,30.7,26.0,48.2,1.73,6.5,10,0,,OK
TH-02019,2026-07-01,A,20.6,31.9,26.8,52.9,1.22,4.6,9,0,,OK
TH-02020,2026-07-01,A,20.6,33.0,26.5,46.1,2.0,7.4,9,0,,ok
TH-02021,2026-07-01,A,20.6,32.7,25.5,0,1.71,5.7,5,0,,ok
TH-02023,2026-07-01,A,20.6,32.9,26.5,46.7,1.26,4.9,11,0,,ok
TH-02025,2026-07-01,A,20.6,33.2,26.1,49.4,1.29,4.3,11,0,,ok
TH-02028,2026-07-01,A,20.6,31.4,25.7,46.2,1.08,4.4,12,0,,OK
TH-02030,2026-07-01,A,20.6,32.5,27.4,50.8,0.82,3.1,4,0,,ok
TH-02031,2026-07-01,A,20.6,30.8,23.4,52.1,1.59,6.4,10,0,,OK
TH-02032,2026-07-01,A,20.6,31.9,24.7,47.2,1.91,6.4,13,0,,OK
TH-02033,2026-07-01,A,20.6,33.5,28.3,48.5,1.71,6.9,9,0,,ok
TH-02034,2026-07-01,A,20.6,30.5,25.0,48.8,1.3,4.4,10,0,,ok
TH-02035,2026-07-01,A,20.6,30.7,25.7,52.5,0.91,3.3,12,0,,ok
TH-02037,2026-07-01,A,20.6,31.1,25.1,52.9,0.87,3.5,6,0,,ok
TH-02038,2026-07-01,A,20.6,33.2,26.3,51.7,1.67,5.6,11,0,,ok
TH-02040,2026-07-01,A,20.6,32.0,26.6,49.7,1.22,5.2,9,0,,OK
TH-02045,2026-07-01,A,20.6,33.0,26.8,46.5,1.85,7.3,2,0,,ok
TH-02046,2026-07-01,A,20.6,33.1,26.0,47.9,1.5,6.0,7,0,,ok
TH-02047,2026-07-01,A,20.6,31.3,26.4,47.9,1.35,5.5,6,0,,OK
TH-02049,2026-07-01,A,20.6,30.5,23.2,51.6,1.37,5.2,7,0,,OK
TH-02050,2026-07-01,A,20.6,32.6,25.8,46.5,1.85,7.0,8,0,,ok
TH-02051,2026-07-01,A,20.6,30.5,25.5,49.1,0.95,4.1,11,0,,ok
TH-02052,2026-07-01,A,20.6,31.9,24.5,49.9,1.36,4.5,5,0,,OK
TH-02053,2026-07-01,A,20.6,32.9,27.8,48.2,1.66,6.5,5,0,,OK
TH-02055,2026-07-01,A,20.6,32.8,25.7,46.9,2.02,6.5,4,0,,ok
TH-02056,2026-07-01,A,20.6,33.5,28.8,48.9,1.96,6.6,7,0,,OK
TH-02061,2026-07-01,A,20.6,32.5,25.6,51.9,1.39,4.9,11,0,,ok
TH-02062,2026-07-01,A,20.6,32.3,26.7,46.4,2.01,6.8,9,0,,ok
TH-02063,2026-07-01,A,20.6,-999,26.5,49.9,1.1,4.0,9,0,,OK
TH-02065,2026-07-01,A,20.6,33.2,27.8,50.7,1.11,4.7,4,0,,OK
TH-02068,2026-07-01,A,20.6,31.4,25.4,47.5,2.19,6.9,13,0,,ok
TH-02071,2026-07-01,A,20.6,31.8,27.1,51.5,1.87,6.5,6,0,,ok
TH-02072,2026-07-01,A,20.6,33.1,28.0,52.5,1.19,5.1,9,0,,ok
TH-02073,2026-07-01,A,20.6,31.9,26.3,46.8,2.31,7.4,9,0,,ok
TH-02074,2026-07-01,A,20.6,30.9,24.8,52.7,0.93,3.8,7,0,,OK
TH-02075,2026-07-01,A,20.6,30.6,24.4,49.4,1.35,4.9,10,0,,ok
TH-02076,2026-07-01,A,20.6,31.7,27.1,51.4,0.81,3.4,12,0,,OK
TH-02077,2026-07-01,A,20.6,32.1,25.4,47.9,2.15,7.4,6,0,,OK
TH-02078,2026-07-01,A,20.6,31.6,25.3,46.5,2.02,6.9,7,0,,OK
TH-02080,2026-07-01,A,20.6,33.0,26.4,50.0,1.82,6.5,10,0,E-104,warn
TH-02081,2026-07-01,A,20.6,32.6,26.7,52.2,1.65,6.2,13,0,,OK
TH-02083,2026-07-01,A,20.6,30.9,23.4,51.2,1.4,4.6,6,0,,OK
TH-02084,2026-07-01,A,20.6,31.1,25.3,50.3,1.46,5.7,12,0,,ok
TH-02085,2026-07-01,A,20.6,33.1,26.4,50.4,1.69,6.1,12,0,,OK
TH-02087,2026-07-01,A,20.6,32.0,25.4,47.9,1.45,4.8,11,0,,OK
TH-02090,2026-07-01,A,20.6,31.0,24.2,46.0,2.02,6.3,6,0,,OK
TH-02093,2026-07-01,A,20.6,31.9,26.7,51.1,1.41,5.6,10,0,,ok
TH-02094,2026-07-01,A,20.6,33.5,27.5,47.6,1.56,5.1,14,0,,OK
TH-02095,2026-07-01,A,20.6,30.6,24.6,47.6,1.59,6.5,9,0,,OK
TH-02097,2026-07-01,A,20.6,30.5,23.8,48.0,2.0,6.6,8,0,,ok
TH-02098,2026-07-01,A,20.6,32.1,25.1,51.4,2.09,7.3,6,0,,ok
TH-02099,2026-07-01,A,20.6,31.3,25.8,49.0,1.11,3.6,12,0,,OK
TH-02100,2026-07-01,A,20.6,30.6,23.4,49.2,1.3,5.2,13,0,,OK
TH-02109,2026-07-01,A,20.6,30.9,23.7,49.0,0.92,3.1,12,0,,OK
TH-02112,2026-07-01,A,20.6,31.1,25.5,47.3,1.96,7.3,6,0,,ok
TH-02113,2026-07-01,A,20.6,31.7,26.9,46.2,1.03,3.8,10,0,,OK
TH-02114,2026-07-01,A,20.6,32.3,27.4,48.7,1.96,7.4,9,0,,ok
TH-02118,2026-07-01,A,20.6,31.0,24.1,49.5,1.15,4.9,5,0,,OK
TH-02120,2026-07-01,A,20.6,33.5,26.3,49.1,1.04,3.7,7,0,,ok
TH-02121,2026-07-01,A,20.6,30.6,24.9,49.8,1.89,7.2,9,0,,OK
TH-02122,2026-07-01,A,20.6,31.9,25.6,51.6,1.8,7.1,8,0,,OK
TH-02124,2026-07-01,A,20.6,31.2,25.6,47.7,1.53,6.0,12,0,,ok
TH-02125,2026-07-01,A,20.6,32.2,25.8,51.9,1.6,6.2,6,0,,OK
TH-02126,2026-07-01,A,20.6,32.3,24.9,52.8,1.2,3.9,9,0,,ok
TH-02127,2026-07-01,A,20.6,33.2,26.3,49.8,2.15,6.8,7,0,,ok
TH-02129,2026-07-01,A,20.6,32.7,26.1,51.3,1.04,3.5,11,0,,OK
TH-02130,2026-07-01,A,20.6,30.6,24.2,52.7,0.83,3.1,7,0,,OK
TH-02132,2026-07-01,A,20.6,32.1,25.4,49.0,1.94,7.1,14,0,,ok
TH-02133,2026-07-01,A,20.6,32.5,25.6,50.2,1.51,5.7,4,0,,OK
TH-02134,2026-07-01,A,20.6,30.9,25.4,50.2,0.88,3.7,8,0,,OK
TH-02135,2026-07-01,A,20.6,32.2,27.4,48.2,1.32,5.8,12,0,,OK
TH-02136,2026-07-01,A,20.6,31.4,24.8,52.5,0.72,3.0,8,0,,ok
TH-02137,2026-07-01,A,20.6,31.3,23.8,46.5,1.48,4.7,5,0,,ok
TH-02138,2026-07-01,A,20.6,33.1,26.3,52.0,1.58,5.3,5,0,,OK
TH-02139,2026-07-01,A,20.6,32.9,28.2,50.2,1.38,4.6,4,0,,ok
TH-02140,2026-07-01,A,20.6,33.3,26.5,51.3,0.99,3.3,10,0,,ok
TH-02143,2026-07-01,B,20.6,,,,17933.9,,12,0,,0
TH-02144,2026-07-01,B,20.6,,,,12953.7,,8,0,,0
TH-02145,2026-07-01,B,20.6,,,,4829.5,,6,0,,0
TH-02146,2026-07-01,B,20.6,,,,24518.5,,8,0,6021,0
TH-02148,2026-07-01,B,20.6,,,,12919.7,,12,0,6021,0
TH-02149,2026-07-01,B,20.6,,,,8090.4,,7,0,6021,0
TH-02152,2026-07-01,B,20.6,,,,22534.2,,10,0,,0
TH-02153,2026-07-01,B,20.6,,,,19041.5,,5,0,6021,0
TH-02158,2026-07-01,B,20.6,,,,7085.5,,5,0,,0
TH-02159,2026-07-01,B,20.6,,,,12086.1,,7,0,,0
TH-02161,2026-07-01,B,20.6,,,,8298.5,,8,0,,0
TH-02162,2026-07-01,B,20.6,,,,14665.0,,4,0,6021,0
TH-02165,2026-07-01,B,20.6,,,,15122.7,,5,0,,0
TH-02166,2026-07-01,B,20.6,,,,17550.4,,5,0,,0
TH-02169,2026-07-01,B,20.6,,,,18479.7,,13,0,1188,2
TH-02170,2026-07-01,B,20.6,,,,11460.2,,9,0,6021,0
TH-02171,2026-07-01,B,20.6,,,,14083.9,,4,0,,0
TH-02173,2026-07-01,B,20.6,,,,6968.2,,9,0,6021,0
TH-02175,2026-07-01,B,20.6,,,,12073.7,,7,0,,0
TH-02176,2026-07-01,B,20.6,,,,5433.1,,9,0,,0
TH-02177,2026-07-01,B,20.6,,,,12961.0,,16,0,6021,0
TH-02178,2026-07-01,B,20.6,,,,19516.8,,15,0,,0
TH-02180,2026-07-01,B,20.6,,,,11625.5,,9,0,6021,0
TH-02181,2026-07-01,B,20.6,,,,18758.8,,13,0,6021,0
TH-02182,2026-07-01,B,20.6,,,,20968.1,,13,0,3104,2
TH-02185,2026-07-01,B,20.6,32.8,25.6,,25237.8,,8,0,6021,0
TH-02188,2026-07-01,B,20.6,,,,24505.1,,9,0,6021,0
TH-02190,2026-07-01,B,20.6,,,,24689.7,,11,0,,0
TH-02192,2026-07-01,B,20.6,32.0,26.6,,23395.6,,14,0,,0
TH-02194,2026-07-01,B,20.6,,,,19021.7,,13,0,,0
TH-02195,2026-07-01,B,20.6,,,,14842.4,,2,0,6021,0
TH-02202,2026-07-01,B,20.6,,,,13835.8,,3,0,,0
TH-02204,2026-07-01,B,20.6,,,,5195.5,,7,0,6021,0
TH-02206,2026-07-01,B,20.6,,,,17409.6,,7,0,,0
TH-02207,2026-07-01,B,20.6,,,,13692.1,,10,0,6021,0
TH-02213,2026-07-01,B,20.6,,,,9335.2,,5,0,6021,0
TH-02214,2026-07-01,B,20.6,,,,9143.8,,6,0,6021,0
TH-02215,2026-07-01,B,20.6,,,,18269.2,,9,0,,0
TH-02221,2026-07-01,B,20.6,,,,16210.8,,13,0,,0
TH-02226,2026-07-01,B,20.6,,,,9757.9,,7,0,,0
TH-02228,2026-07-01,B,20.6,,,,23945.2,,10,0,,0
TH-02230,2026-07-01,B,20.6,,,,25639.6,,8,0,,0
TH-02231,2026-07-01,B,20.6,,,,7593.2,,4,0,6021,0
TH-02234,2026-07-01,B,20.6,,,,13303.1,,9,0,6021,0
TH-02235,2026-07-01,B,20.6,,,,22692.1,,7,0,6021,0
TH-02238,2026-07-01,B,20.6,,,,7786.5,,7,0,6021,0
TH-02239,2026-07-01,B,20.6,,,,17223.3,,15,0,,0
TH-02240,2026-07-01,B,20.6,,,,8063.3,,7,0,6021,0
TH-02242,2026-07-01,B,20.6,,,,14354.5,,9,0,7702,2
TH-02243,2026-07-01,B,20.6,,,,11692.5,,6,0,,0
TH-02244,2026-07-01,B,20.6,,,,16888.7,,7,0,,0
TH-02246,2026-07-01,B,20.6,,,,15962.0,,10,0,6021,0
TH-02247,2026-07-01,B,20.6,,,,5494.2,,5,0,6021,0
TH-02248,2026-07-01,B,20.6,,,,23298.7,,9,0,6021,0
TH-02249,2026-07-01,B,20.6,,,,6905.7,,13,0,,0
TH-02250,2026-07-01,B,20.6,,,,11193.2,,6,0,,0
TH-02255,2026-07-01,B,20.6,,,,12936.8,,10,0,6021,0
TH-02256,2026-07-01,B,20.6,,,,7862.9,,10,0,,0
TH-02257,2026-07-01,B,20.6,,,,21290.0,,8,0,,0
TH-02259,2026-07-01,B,20.6,,,,12296.1,,8,0,,0
TH-02262,2026-07-01,B,20.6,,,,9189.4,,11,0,6021,0
TH-02266,2026-07-01,B,20.6,,,,16125.8,,10,0,6021,0
TH-02267,2026-07-01,B,20.6,,,,11550.6,,14,0,,0
TH-02268,2026-07-01,B,20.6,,,,23833.9,,7,0,,0
TH-02269,2026-07-01,B,20.6,,,,12409.3,,14,0,6021,0
TH-02270,2026-07-01,B,20.6,,,,21944.5,,10,0,7702,2
TH-02271,2026-07-01,B,20.6,32.9,27.0,,4957.5,,7,0,,0
TH-02272,2026-07-01,B,20.6,,,,24863.0,,7,0,,0
TH-02273,2026-07-01,B,20.6,,,,19819.2,,15,0,,0
TH-02277,2026-07-01,B,20.6,,,,17893.4,,8,0,6021,0
TH-02278,2026-07-01,B,20.6,,,,14833.8,,12,0,,0
TH-02279,2026-07-01,B,20.6,,,,21101.9,,7,0,6021,0
TH-02280,2026-07-01,B,20.6,,,,17729.4,,11,0,,0
TH-02283,2026-07-01,B,20.6,,,,21359.3,,8,0,6021,0
TH-02285,2026-07-01,B,20.6,,,,12839.1,,11,0,3104,2
TH-02286,2026-07-01,B,20.6,,,,7590.8,,8,0,,0
TH-02287,2026-07-01,B,20.6,,,,18034.8,,9,0,6021,0
TH-02288,2026-07-01,B,20.6,,,,5443.1,,4,0,6021,0
TH-02290,2026-07-01,B,20.6,,,,7329.8,,6,0,,0
TH-02292,2026-07-01,C,20.6,,,,0.88,,,0,,warn
TH-02294,2026-07-01,C,20.6,,,,1.44,,,0,,warn
TH-02296,2026-07-01,C,20.6,,,,1.02,,,0,,
TH-02297,2026-07-01,C,20.6,,,,-3.77,,,0,,OK
TH-02299,2026-07-01,C,20.6,,,,1.53,,,0,,
TH-02302,2026-07-01,C,20.6,31.2,,,1.26,,,0,,
TH-02303,2026-07-01,C,20.6,31.7,,,1.4,,,0,,
TH-02304,2026-07-01,C,20.6,,,,1.14,,,0,ALM_SM_LINK,OK
TH-02307,2026-07-01,C,20.6,,,,0.84,,,0,,OK
TH-02308,2026-07-01,C,20.6,,,,1.48,,,0,,OK
TH-02309,2026-07-01,C,20.6,,,,0.9,,,0,,
TH-02311,2026-07-01,C,20.6,,,,1.22,,,0,,warn
TH-02313,2026-07-01,C,20.6,,,,2.17,,,0,,
TH-02314,2026-07-01,C,20.6,,,,1.16,,,0,,
TH-02317,2026-07-01,C,20.6,,,,1.41,,,0,,
TH-02319,2026-07-01,C,20.6,,,,0.93,,,0,,
TH-02322,2026-07-01,C,20.6,,,51.2,1.45,,,0,,OK
TH-02331,2026-07-01,C,20.6,,,,0.86,,,0,,
TH-02333,2026-07-01,C,20.6,,,,1.46,,,0,,warn
TH-02334,2026-07-01,C,20.6,,,,2.38,,,0,,OK
TH-02335,2026-07-01,C,20.6,,,50.2,1.63,,,0,,warn
TH-02336,2026-07-01,C,20.6,,,,1.72,,,0,,
TH-02337,2026-07-01,C,20.6,,,,1.7,,,0,,
TH-02338,2026-07-01,C,20.6,,,,1.05,,,0,,warn
TH-02339,2026-07-01,C,20.6,,,,1.75,,,0,,OK
TH-02340,2026-07-01,C,20.6,,,,1.62,,,0,,OK
TH-02341,2026-07-01,C,20.6,,,47.2,0.98,,,0,,OK
TH-02343,2026-07-01,C,20.6,,,,0.92,,,0,,
TH-02344,2026-07-01,C,20.6,,,,1.24,,,0,,OK
TH-02346,2026-07-01,C,20.6,,,,1.93,,,0,,
TH-02347,2026-07-01,C,20.6,,,,1.0,,,0,,warn
TH-02348,2026-07-01,C,20.6,,,,2.31,,,0,,warn
TH-02351,2026-07-01,C,20.6,,,,1.92,,,0,,
TH-02354,2026-07-01,C,20.6,,,,1.41,,,0,,warn
TH-02355,2026-07-01,C,20.6,,,,0.9,,,0,,warn
TH-02357,2026-07-01,C,20.6,,,,0.86,,,0,,
TH-02358,2026-07-01,C,20.6,,,,1.28,,,0,,OK
TH-02359,2026-07-01,C,20.6,,,,1.5,,,0,,
TH-02360,2026-07-01,C,20.6,,,,0.86,,,0,,OK
TH-02361,2026-07-01,C,20.6,,,,1.89,,,0,,
TH-02363,2026-07-01,C,20.6,,,,1.55,,,0,ALM_SM_LINK,OK
TH-02365,2026-07-01,C,20.6,,,,0.95,,,0,,OK
TH-02366,2026-07-01,C,20.6,,,,1.52,,,0,,
TH-02367,2026-07-01,C,20.6,,,,1.02,,,0,,OK
TH-02371,2026-07-01,C,20.6,,,,1.2,,,0,,warn
TH-02374,2026-07-01,C,20.6,,,,1.16,,,0,,warn
TH-02375,2026-07-01,C,20.6,,,,1.63,,,0,,
TH-02377,2026-07-01,C,20.6,,,,1.29,,,0,ALM_HP_HP_SWITCH,OK
TH-02381,2026-07-01,C,20.6,,,,1.99,,,0,,
TH-02383,2026-07-01,C,20.6,,,,1.64,,,0,,warn
TH-02384,2026-07-01,C,20.6,,,,1.46,,,0,,OK
TH-02385,2026-07-01,C,20.6,,,,1.19,,,0,,
TH-02388,2026-07-01,C,20.6,30.6,,,1.32,,,0,,warn
TH-02389,2026-07-01,C,20.6,,,,1.85,,,0,,warn
TH-02393,2026-07-01,C,20.6,,,,1.35,,,0,,warn
TH-02395,2026-07-01,C,20.6,,,,1.42,,,0,,warn
TH-02396,2026-07-01,C,20.6,,,,1.76,,,0,,OK
TH-02397,2026-07-01,C,20.6,,,,1.74,,,0,,warn
TH-02398,2026-07-01,C,20.6,31.0,,47.6,1.08,,,0,,
TH-02399,2026-07-01,C,20.6,32.6,,,1.84,,,0,,warn
TH-02400,2026-07-01,C,20.6,,,,0.89,,,0,,warn
TH-90000,2026-07-01,C,20.6,,,,12.34,,,0,,OK
TH-90001,2026-07-01,C,20.6,,,,9.85,,,0,,OK
TH-90002,2026-07-01,C,20.6,,,,6.29,,,0,,OK
TH-90003,2026-07-01,C,20.6,,,,8.91,,,0,,OK
TH-90004,2026-07-01,C,20.6,,,,13.69,,,0,,OK
th-02001,2026-07-01,A,20.6,30.6,24.1,51.2,1.33,4.9,10,0,,OK
th-02036,2026-07-01,A,20.6,31.7,26.1,51.0,1.09,4.2,7,0,,ok
th-02048,2026-07-01,A,20.6,31.1,24.2,49.0,1.63,6.1,7,0,,ok
th-02054,2026-07-01,A,20.6,33.2,26.3,49.8,1.5,5.4,12,0,,ok
th-02101,2026-07-01,A,20.6,32.3,26.6,48.9,1.15,4.8,6,0,,OK
th-02111,2026-07-01,A,20.6,32.4,25.6,51.3,0.96,4.2,9,0,,OK
th-02141,2026-07-01,B,20.6,,,,17188.6,,9,0,6021,0
th-02155,2026-07-01,B,20.6,,,,4505.3,,6,0,6021,0
th-02168,2026-07-01,B,20.6,,,,13660.8,,15,0,6021,0
th-02187,2026-07-01,B,20.6,,,,13633.2,,11,0,,0
th-02223,2026-07-01,B,20.6,,,,22253.0,,4,0,7702,2
th-02224,2026-07-01,B,20.6,,,,8769.6,,6,0,6021,0
th-02236,2026-07-01,B,20.6,,,,4247.1,,4,0,6021,0
th-02245,2026-07-01,B,20.6,,,,14944.4,,8,0,6021,0
th-02258,2026-07-01,B,20.6,,,,10365.2,,7,0,,0
th-02260,2026-07-01,B,20.6,,,,7350.8,,8,0,6021,0
th-02265,2026-07-01,B,20.6,33.5,28.9,,22603.5,,10,0,6021,0
th-02275,2026-07-01,B,20.6,,,,12354.5,,9,0,,0
th-02298,2026-07-01,C,20.6,,,,0.94,,,0,,
th-02342,2026-07-01,C,20.6,,,,1.93,,,0,,warn
th-02345,2026-07-01,C,20.6,31.6,,,1.47,,,0,,
th-02352,2026-07-01,C,20.6,,,,0.86,,,0,,OK
th-02387,2026-07-01,C,20.6,,,,1.65,,,0,,OK
 TH-02006,2026-07-02,A,21.3,32.6,25.5,52.2,2.08,7.3,11,0,E-211,warn
 TH-02020,2026-07-02,A,21.3,32.7,26.1,48.9,1.43,5.9,6,0,,ok
 TH-02083,2026-07-02,A,21.3,32.1,26.5,47.2,1.59,6.4,5,0,,OK
 TH-02093,2026-07-02,A,21.3,32.0,25.6,47.3,1.39,5.8,8,0,,ok
 TH-02098,2026-07-02,A,21.3,32.3,26.5,52.7,1.41,4.9,8,0,,OK
 TH-02099,2026-07-02,A,21.3,33.0,26.7,52.8,1.58,5.7,13,0,,OK
 TH-02112,2026-07-02,A,21.3,32.9,25.9,52.5,1.87,7.4,9,0,E-505,ok
 TH-02113,2026-07-02,A,21.3,31.8,24.5,48.4,1.55,6.8,5,0,,ok
 TH-02155,2026-07-02,B,21.3,,,,4506.6,,10,0,,0
 TH-02182,2026-07-02,B,21.3,,,,20969.5,,7,0,6021,0
 TH-02223,2026-07-02,B,21.3,,,,22254.6,,2,0,6021,0
 TH-02239,2026-07-02,B,21.3,,,,17225.1,,6,0,,0
 TH-02248,2026-07-02,B,21.3,,,,23299.6,,9,0,,0
 TH-02268,2026-07-02,B,21.3,,,,23835.6,,11,0,6021,0
 TH-02270,2026-07-02,B,21.3,,,,21945.9,,7,0,6021,0
 TH-02302,2026-07-02,C,21.3,,,,1.31,,,0,,
 TH-02303,2026-07-02,C,21.3,,,,0.93,,,0,,
 TH-02304,2026-07-02,C,21.3,,,,1.7,,,0,,OK
 TH-02341,2026-07-02,C,21.3,,,,1.7,,,0,,
 TH-02360,2026-07-02,C,21.3,,,,2.11,,,0,,warn
 TH-02361,2026-07-02,C,21.3,,,,1.65,,,0,,
 TH-02395,2026-07-02,C,21.3,,,,0.98,,,0,,OK
TH-02001,2026-07-02,A,21.3,30.5,24.2,52.4,0.94,3.0,11,0,,ok
TH-02002,2026-07-02,A,21.3,32.6,27.4,51.2,1.45,4.9,10,0,,OK
TH-02005,2026-07-02,A,21.3,33.2,27.9,52.1,0.82,3.4,8,0,,OK
TH-02007,2026-07-02,A,21.3,33.4,26.2,48.1,2.29,7.4,8,0,,OK
TH-02008,2026-07-02,A,21.3,31.2,26.0,51.9,1.52,4.9,7,0,,OK
TH-02009,2026-07-02,A,21.3,32.0,25.7,49.4,0.79,3.3,8,0,,OK
TH-02011,2026-07-02,A,21.3,30.7,26.2,46.1,2.17,7.2,7,0,,ok
TH-02012,2026-07-02,A,21.3,31.8,27.1,49.6,1.2,4.4,7,0,,OK
TH-02015,2026-07-02,A,21.3,31.7,25.7,51.7,1.91,6.1,4,0,,ok
TH-02019,2026-07-02,A,21.3,31.1,25.5,51.3,1.64,5.1,4,0,,OK
TH-02021,2026-07-02,A,21.3,31.6,26.9,47.5,1.61,6.2,9,0,,ok
TH-02023,2026-07-02,A,21.3,31.7,26.2,49.2,1.73,6.6,8,0,,OK
TH-02025,2026-07-02,A,21.3,33.3,27.0,50.5,0.81,3.4,12,0,,ok
TH-02028,2026-07-02,A,21.3,30.6,24.7,51.0,1.93,6.7,6,0,,OK
TH-02030,2026-07-02,A,21.3,30.9,23.6,48.6,1.98,6.8,5,0,,OK
TH-02032,2026-07-02,A,21.3,31.8,24.4,47.0,1.09,4.3,11,0,,ok
TH-02033,2026-07-02,A,21.3,31.0,26.0,50.6,1.59,6.2,5,0,,OK
TH-02035,2026-07-02,A,21.3,33.4,26.3,49.3,0.9,3.7,5,0,,ok
TH-02036,2026-07-02,A,21.3,33.5,28.1,46.9,1.18,4.0,7,0,,OK
TH-02037,2026-07-02,A,21.3,33.4,26.3,46.3,1.52,6.1,6,0,,ok
TH-02038,2026-07-02,A,21.3,31.7,24.5,51.6,1.44,5.3,14,0,,ok
TH-02040,2026-07-02,A,21.3,32.5,26.2,50.2,2.02,7.1,4,0,,ok
TH-02044,2026-07-02,A,21.3,32.2,26.9,49.1,2.32,7.4,9,0,,ok
TH-02045,2026-07-02,A,21.3,30.5,25.2,51.5,1.35,5.3,9,0,,ok
TH-02046,2026-07-02,A,21.3,33.3,28.0,46.1,0.77,3.2,7,0,,ok
TH-02047,2026-07-02,A,21.3,31.1,26.1,48.9,1.64,5.8,13,0,,OK
TH-02048,2026-07-02,A,21.3,32.5,25.8,46.2,0.84,3.3,8,0,,ok
TH-02049,2026-07-02,A,21.3,31.3,26.8,52.7,0.99,3.5,8,0,,OK
TH-02050,2026-07-02,A,21.3,31.4,26.6,46.8,1.16,4.1,11,0,,ok
TH-02051,2026-07-02,A,21.3,32.7,27.5,52.5,0.9,3.8,8,0,,ok
TH-02052,2026-07-02,A,21.3,32.5,27.3,52.2,0.83,3.6,8,0,,OK
TH-02053,2026-07-02,A,21.3,31.6,24.8,50.9,1.54,5.9,5,0,,ok
TH-02054,2026-07-02,A,21.3,30.6,26.1,49.2,1.05,3.7,9,0,,OK
TH-02055,2026-07-02,A,21.3,33.1,27.2,52.3,1.74,6.5,4,0,,ok
TH-02061,2026-07-02,A,21.3,32.7,26.8,52.9,0.92,3.8,10,0,,OK
TH-02065,2026-07-02,A,21.3,31.6,25.3,49.8,1.78,7.2,6,0,,OK
TH-02068,2026-07-02,A,21.3,33.2,27.5,47.8,1.55,4.9,7,0,,OK
TH-02071,2026-07-02,A,21.3,32.7,26.1,46.5,2.23,7.1,10,0,,ok
TH-02072,2026-07-02,A,21.3,31.5,27.0,46.1,1.64,6.3,5,0,,ok
TH-02073,2026-07-02,A,21.3,32.0,25.7,52.0,0.83,3.0,10,0,,OK
TH-02074,2026-07-02,A,21.3,31.3,26.2,48.7,1.15,4.8,8,0,,OK
TH-02075,2026-07-02,A,21.3,31.1,24.2,52.4,1.76,7.4,7,0,,ok
TH-02076,2026-07-02,A,21.3,31.3,26.2,50.3,1.68,6.9,9,0,E-104,ok
TH-02077,2026-07-02,A,21.3,31.4,26.5,51.6,1.47,5.8,7,0,,ok
TH-02078,2026-07-02,A,21.3,32.6,25.4,47.4,1.68,6.7,13,0,,OK
TH-02080,2026-07-02,A,21.3,31.7,24.4,52.1,1.55,5.5,11,0,,ok
TH-02084,2026-07-02,A,21.3,31.5,25.3,47.4,1.37,5.5,7,0,,ok
TH-02086,2026-07-02,A,21.3,32.5,25.7,50.9,1.95,7.1,8,0,,ok
TH-02090,2026-07-02,A,21.3,31.7,25.0,49.6,1.54,5.8,5,0,,OK
TH-02091,2026-07-02,A,21.3,32.7,26.8,47.6,1.82,6.1,4,0,,OK
TH-02094,2026-07-02,A,21.3,31.1,24.2,52.9,0.89,3.5,10,0,,OK
TH-02095,2026-07-02,A,21.3,30.9,23.9,46.0,1.63,6.8,6,0,,OK
TH-02097,2026-07-02,A,21.3,32.8,27.3,49.2,1.36,5.5,5,0,,ok
TH-02100,2026-07-02,A,21.3,32.3,26.2,49.5,1.15,3.7,5,0,,OK
TH-02101,2026-07-02,A,21.3,32.1,26.0,52.3,1.13,4.4,11,0,E-104,warn
TH-02103,2026-07-02,A,21.3,31.3,24.1,0,1.26,3.9,4,0,,OK
TH-02109,2026-07-02,A,21.3,33.3,26.8,50.8,1.74,5.6,11,0,,ok
TH-02111,2026-07-02,A,21.3,32.7,27.0,46.2,1.13,4.9,6,0,,OK
TH-02114,2026-07-02,A,21.3,33.4,27.6,50.8,1.67,7.3,9,0,,ok
TH-02118,2026-07-02,A,21.3,32.7,26.9,51.0,1.02,3.7,13,0,,ok
TH-02120,2026-07-02,A,21.3,32.8,25.3,48.8,1.36,5.3,11,0,,ok
TH-02121,2026-07-02,A,21.3,32.0,26.7,46.1,1.9,6.4,7,0,,OK
TH-02124,2026-07-02,A,21.3,31.5,24.6,49.9,1.65,5.4,6,0,E-505,warn
TH-02125,2026-07-02,A,21.3,30.6,23.7,52.7,1.65,5.6,7,0,,ok
TH-02126,2026-07-02,A,21.3,32.9,27.3,51.0,1.6,6.6,6,0,,ok
TH-02129,2026-07-02,A,21.3,31.0,23.7,51.7,1.29,5.1,8,0,,ok
TH-02130,2026-07-02,A,21.3,31.6,25.7,52.7,1.33,4.2,5,0,,OK
TH-02133,2026-07-02,A,21.3,32.2,25.8,51.2,1.79,7.3,10,0,,ok
TH-02134,2026-07-02,A,21.3,31.0,25.4,50.7,1.61,5.8,3,0,,OK
TH-02137,2026-07-02,A,21.3,32.2,26.0,50.7,0.83,3.0,8,0,,OK
TH-02138,2026-07-02,A,21.3,31.5,24.5,48.6,1.6,6.5,13,0,,OK
TH-02139,2026-07-02,A,21.3,31.9,25.1,46.8,1.82,7.1,8,0,E-104,OK
TH-02140,2026-07-02,A,21.3,31.8,26.8,46.6,0.87,3.0,7,0,,ok
TH-02141,2026-07-02,B,21.3,,,,17190.4,,5,0,6021,0
TH-02143,2026-07-02,B,21.3,,,,17935.5,,13,0,,0
TH-02144,2026-07-02,B,21.3,,,,12955.8,,10,0,6021,0
TH-02146,2026-07-02,B,21.3,,,,24519.3,,8,0,,0
TH-02148,2026-07-02,B,21.3,,,,12920.6,,14,0,,0
TH-02149,2026-07-02,B,21.3,,,,8091.4,,11,0,,0
TH-02152,2026-07-02,B,21.3,,,,22535.0,,7,0,,0
TH-02153,2026-07-02,B,21.3,,,,19043.5,,8,0,,0
TH-02158,2026-07-02,B,21.3,,,,7087.0,,9,0,,0
TH-02159,2026-07-02,B,21.3,,,,12087.8,,6,0,6021,0
TH-02160,2026-07-02,B,21.3,,,,14956.8,,8,0,,0
TH-02161,2026-07-02,B,21.3,,,,8300.0,,14,0,,0
TH-02162,2026-07-02,B,21.3,,,,14667.2,,7,0,,0
TH-02165,2026-07-02,B,21.3,,,,15124.0,,10,0,,0
TH-02166,2026-07-02,B,21.3,,,,17551.8,,7,0,6021,0
TH-02168,2026-07-02,B,21.3,,,,13662.3,,10,0,,0
TH-02169,2026-07-02,B,21.3,,,,18480.8,,10,0,6021,0
TH-02170,2026-07-02,B,21.3,,,,11462.1,,10,0,6021,0
TH-02171,2026-07-02,B,21.3,,,,14085.7,,6,0,6021,0
TH-02173,2026-07-02,B,21.3,,,,6969.5,,7,0,,0
TH-02175,2026-07-02,B,21.3,,,,12074.7,,6,0,,0
TH-02176,2026-07-02,B,21.3,,,,5434.1,,5,0,,0
TH-02177,2026-07-02,B,21.3,,,,12962.3,,11,0,6021,0
TH-02178,2026-07-02,B,21.3,,,,19518.1,,12,0,,0
TH-02180,2026-07-02,B,21.3,,,,11626.4,,9,0,,0
TH-02181,2026-07-02,B,21.3,,,,18760.5,,13,0,,0
TH-02184,2026-07-02,B,21.3,,,,20308.7,,5,0,6021,0
TH-02185,2026-07-02,B,21.3,,,,25239.1,,10,0,6021,0
TH-02188,2026-07-02,B,21.3,30.8,23.5,,24506.9,,4,0,6021,0
TH-02189,2026-07-02,B,21.3,,,,19374.5,,9,0,6021,0
TH-02195,2026-07-02,B,21.3,,,,14843.2,,6,0,,0
TH-02196,2026-07-02,B,21.3,,,,25236.6,,6,0,,0
TH-02202,2026-07-02,B,21.3,,,,13837.9,,5,0,,0
TH-02204,2026-07-02,B,21.3,,,,5196.4,,7,0,6021,0
TH-02207,2026-07-02,B,21.3,,,,13693.7,,9,0,,0
TH-02213,2026-07-02,B,21.3,,,,9336.2,,10,0,,0
TH-02214,2026-07-02,B,21.3,,,,9144.7,,10,0,6021,0
TH-02215,2026-07-02,B,21.3,,,,18270.4,,9,0,6021,0
TH-02216,2026-07-02,B,21.3,,,,17180.8,,8,0,,0
TH-02221,2026-07-02,B,21.3,,,,16212.1,,5,0,,0
TH-02224,2026-07-02,B,21.3,,,,8770.7,,9,0,,0
TH-02226,2026-07-02,B,21.3,,,,9759.2,,12,0,,0
TH-02228,2026-07-02,B,21.3,,,,23946.3,,10,0,,0
TH-02234,2026-07-02,B,21.3,,,,13304.6,,8,0,,0
TH-02235,2026-07-02,B,21.3,,,,22693.7,,2,0,6021,0
TH-02238,2026-07-02,B,21.3,,,,7788.3,,5,0,,0
TH-02242,2026-07-02,B,21.3,,,,14356.3,,10,0,,0
TH-02243,2026-07-02,B,21.3,,,,11694.3,,6,0,,0
TH-02244,2026-07-02,B,21.3,,,,16889.6,,7,0,,0
TH-02245,2026-07-02,B,21.3,,,,14946.5,,8,0,6021,0
TH-02247,2026-07-02,B,21.3,,,,5495.4,,7,0,,0
TH-02249,2026-07-02,B,21.3,,,,6907.2,,9,0,6021,0
TH-02250,2026-07-02,B,21.3,,,,11194.2,,8,0,6021,0
TH-02251,2026-07-02,B,21.3,,,,24470.7,,5,0,,0
TH-02255,2026-07-02,B,21.3,,,,12938.1,,9,0,6021,0
TH-02256,2026-07-02,B,21.3,,,,7863.9,,7,0,,0
TH-02257,2026-07-02,B,21.3,,,,21291.7,,6,0,,0
TH-02258,2026-07-02,B,21.3,,,,10366.3,,9,0,6021,0
TH-02262,2026-07-02,B,21.3,,,,9191.0,,12,0,,0
TH-02266,2026-07-02,B,21.3,,,,16127.3,,7,0,6021,0
TH-02267,2026-07-02,B,21.3,,,,11552.9,,9,0,,0
TH-02269,2026-07-02,B,21.3,,,,12410.8,,12,0,6021,0
TH-02271,2026-07-02,B,21.3,,,,4959.9,,7,0,6021,0
TH-02273,2026-07-02,B,21.3,,,,19820.5,,12,0,,0
TH-02275,2026-07-02,B,21.3,,,,12355.5,,8,0,6021,0
TH-02277,2026-07-02,B,21.3,,,,17894.8,,7,0,6021,0
TH-02278,2026-07-02,B,21.3,,,,14834.8,,8,0,,0
TH-02279,2026-07-02,B,21.3,,,,21103.5,,11,0,,0
TH-02280,2026-07-02,B,21.3,,,,17730.4,,13,0,6021,0
TH-02281,2026-07-02,B,21.3,,,,4267.4,,11,0,6021,0
TH-02283,2026-07-02,B,21.3,,,,21361.2,,6,0,6021,0
TH-02286,2026-07-02,B,21.3,,,,7591.8,,6,0,1188,2
TH-02287,2026-07-02,B,21.3,,,,18036.3,,15,0,6021,0
TH-02288,2026-07-02,B,21.3,,,,5444.1,,7,0,6021,0
TH-02290,2026-07-02,B,21.3,,,,7331.4,,11,0,,0
TH-02292,2026-07-02,C,21.3,,,,1.23,,,0,,
TH-02294,2026-07-02,C,21.3,,,,0.97,,,0,,OK
TH-02296,2026-07-02,C,21.3,,,,1.1,,,0,,warn
TH-02297,2026-07-02,C,21.3,,,,1.68,,,0,,warn
TH-02298,2026-07-02,C,21.3,,,,1.05,,,0,,warn
TH-02299,2026-07-02,C,21.3,,,,1.28,,,0,,warn
TH-02308,2026-07-02,C,21.3,,,,1.14,,,0,,
TH-02309,2026-07-02,C,21.3,,,,1.07,,,0,,OK
TH-02311,2026-07-02,C,21.3,,,50.2,1.5,,,0,,
TH-02312,2026-07-02,C,21.3,,,,1.37,,,0,,
TH-02313,2026-07-02,C,21.3,,,,1.94,,,0,,warn
TH-02314,2026-07-02,C,21.3,,,,1.36,,,0,,warn
TH-02316,2026-07-02,C,21.3,31.8,,,1.55,,,0,,OK
TH-02317,2026-07-02,C,21.3,,,,1.21,,,0,,OK
TH-02319,2026-07-02,C,21.3,31.0,,,1.63,,,0,,
TH-02322,2026-07-02,C,21.3,,,,1.67,,,0,,OK
TH-02323,2026-07-02,C,21.3,,,,1.88,,,0,,OK
TH-02324,2026-07-02,C,21.3,,,,1.82,,,0,,
TH-02331,2026-07-02,C,21.3,,,,0.81,,,0,,OK
TH-02333,2026-07-02,C,21.3,,,,1.58,,,0,,
TH-02334,2026-07-02,C,21.3,,,,1.69,,,0,,OK
TH-02335,2026-07-02,C,21.3,,,,0.87,,,0,,
TH-02336,2026-07-02,C,21.3,,,,1.57,,,0,,OK
TH-02337,2026-07-02,C,21.3,,,,1.5,,,0,,OK
TH-02338,2026-07-02,C,21.3,,,,1.34,,,0,,
TH-02339,2026-07-02,C,21.3,,,,1.96,,,0,,warn
TH-02340,2026-07-02,C,21.3,,,,1.44,,,0,,warn
TH-02342,2026-07-02,C,21.3,,,,1.66,,,0,,OK
TH-02343,2026-07-02,C,21.3,,,,2.15,,,0,,
TH-02345,2026-07-02,C,21.3,,,,0.8,,,0,,OK
TH-02346,2026-07-02,C,21.3,,,,2.12,,,0,,OK
TH-02348,2026-07-02,C,21.3,,,,0.96,,,0,,warn
TH-02351,2026-07-02,C,21.3,,,,1.88,,,0,,
TH-02352,2026-07-02,C,21.3,,,,1.48,,,0,,
TH-02354,2026-07-02,C,21.3,,,,1.6,,,0,,warn
TH-02357,2026-07-02,C,21.3,,,,1.65,,,0,,OK
TH-02358,2026-07-02,C,21.3,,,,1.38,,,0,,warn
TH-02359,2026-07-02,C,21.3,,,52.6,0.72,,,0,,
TH-02363,2026-07-02,C,21.3,,,,1.07,,,0,,
TH-02365,2026-07-02,C,21.3,,,,1.64,,,0,,warn
TH-02367,2026-07-02,C,21.3,,,,1.36,,,0,,OK
TH-02371,2026-07-02,C,21.3,,,,1.52,,,0,,warn
TH-02374,2026-07-02,C,21.3,,,,1.82,,,0,,OK
TH-02375,2026-07-02,C,21.3,,,,1.35,,,0,,OK
TH-02377,2026-07-02,C,21.3,,,,1.63,,,0,,
TH-02379,2026-07-02,C,21.3,,,,0.81,,,0,,
TH-02380,2026-07-02,C,21.3,,,,1.05,,,0,,OK
TH-02381,2026-07-02,C,21.3,,,,1.64,,,0,,OK
TH-02383,2026-07-02,C,21.3,,,,1.83,,,0,,warn
TH-02384,2026-07-02,C,21.3,,,,1.42,,,0,,OK
TH-02385,2026-07-02,C,21.3,,,,1.83,,,0,,warn
TH-02387,2026-07-02,C,21.3,,,48.1,1.39,,,0,,
TH-02388,2026-07-02,C,21.3,,,,2.2,,,0,,OK
TH-02389,2026-07-02,C,21.3,,,,2.12,,,0,,warn
TH-02393,2026-07-02,C,21.3,31.1,,,0.96,,,0,,
TH-02396,2026-07-02,C,21.3,,,,2.29,,,0,,
TH-02397,2026-07-02,C,21.3,,,,1.47,,,0,,OK
TH-02400,2026-07-02,C,21.3,,,,1.59,,,0,,
th-02004,2026-07-02,A,21.3,31.2,25.2,52.1,1.51,6.1,11,0,,ok
th-02016,2026-07-02,A,21.3,32.5,27.3,50.9,0.89,3.7,7,0,,OK
th-02017,2026-07-02,A,21.3,33.3,26.7,48.1,1.06,3.3,9,0,,OK
th-02031,2026-07-02,A,21.3,31.1,26.5,49.8,1.15,3.9,3,0,,ok
th-02056,2026-07-02,A,21.3,31.5,24.1,47.6,1.14,4.9,8,0,,ok
th-02062,2026-07-02,A,21.3,30.6,25.9,46.4,1.34,4.7,7,0,,ok
th-02063,2026-07-02,A,21.3,33.0,25.8,51.2,1.88,6.2,12,0,,OK
th-02081,2026-07-02,A,21.3,31.4,24.0,46.4,0.79,3.2,7,0,,ok
th-02085,2026-07-02,A,21.3,30.8,25.0,47.1,1.21,4.5,12,0,,ok
th-02087,2026-07-02,A,21.3,31.5,26.1,49.0,1.41,5.8,13,0,,OK
th-02122,2026-07-02,A,21.3,31.9,25.3,48.9,1.47,6.2,4,0,,OK
th-02127,2026-07-02,A,21.3,33.5,26.2,47.5,1.81,6.1,6,0,,ok
th-02132,2026-07-02,A,21.3,32.4,25.3,50.5,1.38,4.9,4,0,E-505,OK
th-02135,2026-07-02,A,21.3,32.4,26.5,52.2,0.75,3.2,7,0,,ok
th-02136,2026-07-02,A,21.3,31.1,23.6,49.7,0.8,3.5,4,0,,ok
th-02145,2026-07-02,B,21.3,,,,4831.2,,11,0,,0
th-02187,2026-07-02,B,21.3,,,,13635.2,,9,0,,0
th-02190,2026-07-02,B,21.3,,,,24691.3,,10,0,,0
th-02192,2026-07-02,B,21.3,,,,23397.8,,8,0,6021,0
th-02194,2026-07-02,B,21.3,,,,19022.8,,8,0,,0
th-02206,2026-07-02,B,21.3,,,,17410.7,,8,0,,0
th-02230,2026-07-02,B,21.3,,,,25641.2,,15,0,6021,0
th-02231,2026-07-02,B,21.3,,,,7594.9,,10,0,6021,0
th-02236,2026-07-02,B,21.3,,,,4248.5,,5,0,,0
th-02240,2026-07-02,B,21.3,,,,8064.6,,3,0,6021,0
th-02260,2026-07-02,B,21.3,,,,7352.4,,9,0,,0
th-02265,2026-07-02,B,21.3,,,,22604.9,,7,0,6021,0
th-02272,2026-07-02,B,21.3,,,,24864.2,,9,0,,0
th-02285,2026-07-02,B,21.3,32.9,26.0,,12840.5,,6,0,,0
th-02300,2026-07-02,C,21.3,,,,1.31,,,0,,
th-02307,2026-07-02,C,21.3,,,,1.42,,,0,,warn
th-02344,2026-07-02,C,21.3,,,,0.97,,,0,,OK
th-02347,2026-07-02,C,21.3,,,,1.26,,,0,,warn
th-02398,2026-07-02,C,21.3,,,,1.28,,,0,,OK
th-02399,2026-07-02,C,21.3,,,,1.84,,,0,,OK
 TH-02037,2026-07-03,A,19.2,32.2,26.7,46.9,1.49,4.9,4,0,,ok
 TH-02045,2026-07-03,A,19.2,31.1,24.5,52.8,1.8,5.8,12,0,,ok
 TH-02061,2026-07-03,A,19.2,32.2,27.0,51.6,1.56,5.4,11,0,,OK
 TH-02075,2026-07-03,A,19.2,33.5,26.2,46.2,1.74,7.1,6,0,,ok
 TH-02085,2026-07-03,A,19.2,31.7,24.4,50.6,1.17,4.8,5,0,,ok
 TH-02101,2026-07-03,A,19.2,30.9,24.9,48.7,1.72,6.1,7,0,,ok
 TH-02134,2026-07-03,A,19.2,31.7,25.9,52.8,1.43,5.5,10,0,,ok
 TH-02135,2026-07-03,A,19.2,32.0,25.9,48.8,1.17,3.8,6,0,,ok
 TH-02187,2026-07-03,B,19.2,,,,13637.0,,6,0,,0
 TH-02192,2026-07-03,B,19.2,,,,23398.9,,4,0,,0
 TH-02223,2026-07-03,B,19.2,,,,22255.8,,7,0,6021,0
 TH-02268,2026-07-03,B,19.2,,,,23837.6,,7,0,,0
 TH-02285,2026-07-03,B,19.2,,,,12842.0,,3,0,,0
 TH-02319,2026-07-03,C,19.2,,,,1.55,,,0,,OK
 TH-02351,2026-07-03,C,19.2,,,,0.93,,,0,,OK
 TH-02352,2026-07-03,C,19.2,,,,1.97,,,0,,warn
 TH-02400,2026-07-03,C,19.2,,,,1.23,,,0,,warn
TH-02001,2026-07-03,A,19.2,32.8,26.4,49.7,1.31,4.9,13,0,,OK
TH-02002,2026-07-03,A,19.2,32.8,26.6,50.6,1.1,3.8,12,0,,ok
TH-02004,2026-07-03,A,19.2,30.6,24.7,48.5,2.11,6.9,7,0,,OK
TH-02006,2026-07-03,A,19.2,30.6,24.6,46.4,1.01,4.2,6,0,,ok
TH-02008,2026-07-03,A,19.2,30.9,23.9,48.8,1.79,6.9,7,0,,ok
TH-02009,2026-07-03,A,19.2,32.9,27.7,49.7,1.08,3.6,7,0,,ok
TH-02012,2026-07-03,A,19.2,33.3,27.4,47.0,2.28,7.1,11,0,,ok
TH-02015,2026-07-03,A,19.2,32.9,26.9,46.5,1.68,6.6,5,0,,OK
TH-02017,2026-07-03,A,19.2,31.3,26.5,51.9,1.25,4.4,7,0,,ok
TH-02019,2026-07-03,A,19.2,32.8,28.0,50.0,1.53,5.8,9,0,,OK
TH-02020,2026-07-03,A,19.2,31.5,26.6,51.9,1.37,5.8,9,0,,ok
TH-02021,2026-07-03,A,19.2,31.0,24.0,51.5,2.12,6.6,12,0,,ok
TH-02023,2026-07-03,A,19.2,32.7,26.1,46.6,1.47,6.1,5,0,,ok
TH-02025,2026-07-03,A,19.2,32.5,26.8,48.4,1.81,6.7,7,0,,ok
TH-02028,2026-07-03,A,19.2,30.5,25.9,49.0,1.53,6.6,9,0,,ok
TH-02030,2026-07-03,A,19.2,31.4,26.9,51.0,1.43,4.8,15,0,,ok
TH-02031,2026-07-03,A,19.2,32.5,27.4,48.5,0.83,3.5,12,0,,ok
TH-02032,2026-07-03,A,19.2,31.1,26.3,47.0,1.12,4.8,9,0,,OK
TH-02033,2026-07-03,A,19.2,32.7,26.6,48.1,1.46,6.0,12,0,,ok
TH-02034,2026-07-03,A,19.2,33.3,27.4,46.3,1.57,5.1,10,0,,ok
TH-02035,2026-07-03,A,19.2,31.9,26.0,47.6,1.41,6.0,8,0,,OK
TH-02038,2026-07-03,A,19.2,31.8,26.6,49.5,1.48,6.1,12,0,,OK
TH-02040,2026-07-03,A,19.2,33.4,28.5,46.2,1.02,4.5,13,0,,ok
TH-02044,2026-07-03,A,19.2,31.5,26.1,51.1,2.0,7.2,10,0,,OK
TH-02046,2026-07-03,A,19.2,32.7,26.3,47.9,1.84,7.3,11,0,,ok
TH-02047,2026-07-03,A,19.2,31.4,25.2,50.8,2.09,7.0,10,0,,ok
TH-02048,2026-07-03,A,19.2,30.7,23.3,47.3,1.86,6.1,13,0,,ok
TH-02049,2026-07-03,A,19.2,30.7,25.5,50.7,0.86,3.4,6,0,,OK
TH-02050,2026-07-03,A,19.2,32.3,26.3,47.5,1.09,3.7,11,0,,OK
TH-02051,2026-07-03,A,19.2,32.0,27.4,50.4,1.73,6.3,8,0,,ok
TH-02052,2026-07-03,A,19.2,32.7,25.5,49.9,0.78,3.4,8,0,,OK
TH-02053,2026-07-03,A,19.2,33.3,28.6,51.4,1.29,5.4,2,0,,OK
TH-02054,2026-07-03,A,19.2,31.0,24.2,48.7,1.37,4.3,8,0,,ok
TH-02055,2026-07-03,A,19.2,33.3,26.3,46.4,1.48,5.4,12,0,,OK
TH-02056,2026-07-03,A,19.2,30.6,23.9,52.0,2.08,6.7,8,0,,OK
TH-02062,2026-07-03,A,19.2,31.8,26.3,51.8,0.96,4.2,7,0,,ok
TH-02065,2026-07-03,A,19.2,31.4,25.3,52.2,1.44,6.0,5,0,,OK
TH-02068,2026-07-03,A,19.2,31.0,25.5,46.4,1.54,5.4,12,0,,OK
TH-02071,2026-07-03,A,19.2,33.5,27.3,49.6,1.43,5.0,10,0,,ok
TH-02072,2026-07-03,A,19.2,32.8,27.8,47.4,1.01,3.7,8,0,,ok
TH-02074,2026-07-03,A,19.2,31.4,25.6,52.9,1.63,6.2,10,0,,OK
TH-02076,2026-07-03,A,19.2,32.0,25.2,47.8,1.32,4.6,6,0,,OK
TH-02077,2026-07-03,A,19.2,33.4,27.3,48.6,2.0,6.8,11,0,,OK
TH-02078,2026-07-03,A,19.2,33.1,26.7,51.8,1.38,5.1,5,0,,OK
TH-02081,2026-07-03,A,19.2,33.1,26.6,51.3,1.88,6.4,10,0,E-317,warn
TH-02083,2026-07-03,A,19.2,33.0,26.3,49.0,1.67,6.9,6,0,,OK
TH-02084,2026-07-03,A,19.2,33.2,26.1,47.2,1.13,4.1,9,0,,ok
TH-02086,2026-07-03,A,19.2,32.4,26.6,49.5,1.18,4.6,7,0,,ok
TH-02087,2026-07-03,A,19.2,30.7,25.6,50.1,1.32,4.6,11,0,,OK
TH-02091,2026-07-03,A,19.2,30.9,25.4,48.2,0.78,3.1,5,0,,ok
TH-02093,2026-07-03,A,19.2,33.1,28.3,49.3,1.55,6.1,14,0,,ok
TH-02095,2026-07-03,A,19.2,31.5,25.2,0,1.39,5.8,9,0,,ok
TH-02097,2026-07-03,A,19.2,32.1,26.3,51.8,2.0,6.6,13,0,,ok
TH-02098,2026-07-03,A,19.2,32.1,25.7,0,1.55,6.7,11,0,,ok
TH-02099,2026-07-03,A,19.2,33.0,27.3,47.5,1.2,4.5,7,0,,ok
TH-02100,2026-07-03,A,19.2,31.4,26.5,49.9,1.85,7.0,9,0,,OK
TH-02103,2026-07-03,A,19.2,30.9,25.4,48.7,2.21,7.3,4,0,E-211,OK
TH-02109,2026-07-03,A,19.2,30.9,24.7,47.7,1.57,5.3,10,0,,OK
TH-02112,2026-07-03,A,19.2,33.4,28.7,50.9,1.06,4.4,6,0,,OK
TH-02113,2026-07-03,A,19.2,31.1,26.1,46.8,1.17,4.5,9,0,,ok
TH-02114,2026-07-03,A,19.2,33.1,25.7,47.3,1.97,6.3,12,0,,ok
TH-02118,2026-07-03,A,19.2,30.5,23.9,47.1,1.37,5.8,8,0,,ok
TH-02120,2026-07-03,A,19.2,31.5,26.8,50.8,1.04,4.4,3,0,,ok
TH-02121,2026-07-03,A,19.2,32.1,25.3,49.4,1.79,5.9,12,0,,ok
TH-02122,2026-07-03,A,19.2,33.2,26.2,49.4,1.61,5.9,17,0,,OK
TH-02124,2026-07-03,A,19.2,32.3,27.8,48.7,0.98,3.8,6,0,,OK
TH-02125,2026-07-03,A,19.2,33.4,26.2,46.2,1.16,5.1,7,0,,ok
TH-02126,2026-07-03,A,19.2,31.4,26.4,50.5,1.64,6.3,6,0,,ok
TH-02129,2026-07-03,A,19.2,32.7,25.5,48.5,1.85,6.6,8,0,,OK
TH-02130,2026-07-03,A,19.2,32.7,25.6,50.4,1.01,3.6,9,0,,ok
TH-02132,2026-07-03,A,19.2,33.5,28.6,48.4,1.61,5.2,10,0,E-317,OK
TH-02136,2026-07-03,A,19.2,31.6,26.6,46.3,1.11,4.3,8,0,,ok
TH-02137,2026-07-03,A,19.2,30.6,23.7,51.8,2.1,6.7,16,0,,ok
TH-02138,2026-07-03,A,19.2,32.1,24.8,48.7,0.86,3.4,7,0,,ok
TH-02139,2026-07-03,A,19.2,33.1,25.9,51.0,0.82,3.3,9,0,,ok
TH-02141,2026-07-03,B,19.2,30.9,25.3,,17191.4,,11,0,6021,0
TH-02143,2026-07-03,B,19.2,,,,17936.8,,11,0,,0
TH-02144,2026-07-03,B,19.2,,,,12957.0,,17,0,6021,0
TH-02145,2026-07-03,B,19.2,,,,4832.7,,10,0,,0
TH-02146,2026-07-03,B,19.2,,,,24520.1,,9,0,,0
TH-02148,2026-07-03,B,19.2,,,,12922.2,,12,0,6021,0
TH-02149,2026-07-03,B,19.2,,,,8092.5,,14,0,,0
TH-02152,2026-07-03,B,19.2,,,,22536.4,,10,0,,0
TH-02153,2026-07-03,B,19.2,,,,19044.7,,9,0,6021,0
TH-02155,2026-07-03,B,19.2,,,,4507.9,,6,0,6021,0
TH-02159,2026-07-03,B,19.2,,,,12089.3,,13,0,,0
TH-02160,2026-07-03,B,19.2,,,,14957.9,,10,0,,0
TH-02161,2026-07-03,B,19.2,,,,8301.2,,8,0,,0
TH-02162,2026-07-03,B,19.2,,,,14668.7,,8,0,6021,0
TH-02165,2026-07-03,B,19.2,,,,15124.8,,11,0,6021,0
TH-02166,2026-07-03,B,19.2,,,,17552.6,,6,0,,0
TH-02168,2026-07-03,B,19.2,,,,13663.4,,4,0,,0
TH-02169,2026-07-03,B,19.2,,,,18481.7,,8,0,,0
TH-02170,2026-07-03,B,19.2,,,,11463.8,,9,0,,0
TH-02171,2026-07-03,B,19.2,,,,14087.3,,8,0,,0
TH-02173,2026-07-03,B,19.2,,,,6971.7,,10,0,,0
TH-02175,2026-07-03,B,19.2,,,,12075.5,,7,0,,0
TH-02176,2026-07-03,B,19.2,,,,5435.8,,6,0,6021,0
TH-02180,2026-07-03,B,19.2,,,,11628.1,,10,0,6021,0
TH-02181,2026-07-03,B,19.2,,,,18762.4,,6,0,,0
TH-02182,2026-07-03,B,19.2,,,,20971.4,,13,0,6021,0
TH-02184,2026-07-03,B,19.2,,,,20310.4,,12,0,6021,0
TH-02185,2026-07-03,B,19.2,,,,25240.8,,6,0,,0
TH-02188,2026-07-03,B,19.2,,,,24508.7,,9,0,6021,0
TH-02189,2026-07-03,B,19.2,31.7,27.2,,19376.3,,10,0,,0
TH-02190,2026-07-03,B,19.2,,,,24692.5,,6,0,,0
TH-02194,2026-07-03,B,19.2,,,,19024.3,,13,0,6021,0
TH-02196,2026-07-03,B,19.2,,,,25237.9,,7,0,6021,0
TH-02202,2026-07-03,B,19.2,,,,13839.8,,12,0,6021,0
TH-02204,2026-07-03,B,19.2,,,,5198.3,,9,0,,0
TH-02206,2026-07-03,B,19.2,,,,17411.9,,5,0,6021,0
TH-02207,2026-07-03,B,19.2,,,,13695.2,,11,0,,0
TH-02213,2026-07-03,B,19.2,,,,9337.6,,10,0,,0
TH-02214,2026-07-03,B,19.2,,,,9146.3,,7,0,,0
TH-02215,2026-07-03,B,19.2,,,,18271.9,,14,0,6021,0
TH-02216,2026-07-03,B,19.2,33.5,28.4,,17182.5,,11,0,,0
TH-02221,2026-07-03,B,19.2,,,,16213.9,,4,0,6021,0
TH-02224,2026-07-03,B,19.2,,,,8772.5,,8,0,,0
TH-02226,2026-07-03,B,19.2,,,,9760.1,,5,0,,0
TH-02228,2026-07-03,B,19.2,,,,23947.6,,12,0,,0
TH-02230,2026-07-03,B,19.2,,,,25642.9,,9,0,,0
TH-02231,2026-07-03,B,19.2,,,,7595.9,,5,0,,0
TH-02234,2026-07-03,B,19.2,,,,13305.9,,8,0,,0
TH-02236,2026-07-03,B,19.2,,,,4250.2,,7,0,,0
TH-02238,2026-07-03,B,19.2,,,,7790.0,,8,0,6021,0
TH-02239,2026-07-03,B,19.2,32.6,26.7,,17226.8,,10,0,,0
TH-02242,2026-07-03,B,19.2,,,,14358.0,,6,0,,0
TH-02243,2026-07-03,B,19.2,,,,11695.2,,9,0,6021,0
TH-02244,2026-07-03,B,19.2,,,,16890.7,,12,0,,0
TH-02245,2026-07-03,B,19.2,,,,14948.6,,7,0,,0
TH-02246,2026-07-03,B,19.2,,,,15963.7,,9,0,6021,0
TH-02247,2026-07-03,B,19.2,32.2,25.6,,5497.2,,9,0,,0
TH-02248,2026-07-03,B,19.2,,,,23301.4,,9,0,,0
TH-02249,2026-07-03,B,19.2,,,,6908.0,,12,0,,0
TH-02251,2026-07-03,B,19.2,,,,24471.9,,12,0,6021,0
TH-02255,2026-07-03,B,19.2,,,,12939.3,,9,0,6021,0
TH-02257,2026-07-03,B,19.2,,,,21293.2,,4,0,6021,0
TH-02258,2026-07-03,B,19.2,,,,10367.4,,12,0,6021,0
TH-02259,2026-07-03,B,19.2,,,,12297.1,,9,0,6021,0
TH-02260,2026-07-03,B,19.2,,,,7354.1,,6,0,6021,0
TH-02262,2026-07-03,B,19.2,,,,9192.7,,6,0,,0
TH-02265,2026-07-03,B,19.2,,,,22606.0,,13,0,,0
TH-02266,2026-07-03,B,19.2,,,,16128.3,,9,0,6021,0
TH-02267,2026-07-03,B,19.2,,,,11554.0,,9,0,,0
TH-02269,2026-07-03,B,19.2,,,,12412.2,,12,0,6021,0
TH-02270,2026-07-03,B,19.2,,,,21947.7,,11,0,6021,0
TH-02271,2026-07-03,B,19.2,,,,4961.2,,10,0,,0
TH-02272,2026-07-03,B,19.2,,,,24865.0,,10,0,6021,0
TH-02273,2026-07-03,B,19.2,,,,19821.4,,12,0,,0
TH-02277,2026-07-03,B,19.2,,,,17897.1,,4,0,6021,0
TH-02278,2026-07-03,B,19.2,,,,14835.8,,6,0,,0
TH-02279,2026-07-03,B,19.2,,,,21104.3,,8,0,6021,0
TH-02280,2026-07-03,B,19.2,,,,17732.6,,9,0,,0
TH-02281,2026-07-03,B,19.2,,,,4268.7,,14,0,,0
TH-02286,2026-07-03,B,19.2,,,,7593.7,,8,0,,0
TH-02287,2026-07-03,B,19.2,,,,18037.5,,9,0,,0
TH-02288,2026-07-03,B,19.2,,,,5445.7,,14,0,,0
TH-02290,2026-07-03,B,19.2,,,,7332.9,,10,0,3104,2
TH-02292,2026-07-03,C,19.2,,,,2.06,,,0,,OK
TH-02294,2026-07-03,C,19.2,,,,1.05,,,0,,OK
TH-02296,2026-07-03,C,19.2,,,,1.45,,,0,,OK
TH-02297,2026-07-03,C,19.2,,,,1.99,,,0,,OK
TH-02298,2026-07-03,C,19.2,,,,1.93,,,0,,warn
TH-02299,2026-07-03,C,19.2,,,,1.5,,,0,,OK
TH-02300,2026-07-03,C,19.2,,,,1.15,,,0,ALM_SM_LINK,warn
TH-02302,2026-07-03,C,19.2,,,,1.73,,,0,,warn
TH-02303,2026-07-03,C,19.2,,,,1.61,,,0,,
TH-02309,2026-07-03,C,19.2,,,,1.63,,,0,,warn
TH-02311,2026-07-03,C,19.2,,,,2.22,,,0,,
TH-02313,2026-07-03,C,19.2,,,,1.44,,,0,,
TH-02314,2026-07-03,C,19.2,,,,0.88,,,0,,warn
TH-02316,2026-07-03,C,19.2,,,,1.32,,,0,,
TH-02317,2026-07-03,C,19.2,,,,2.3,,,0,ALM_SM_LINK,
TH-02322,2026-07-03,C,19.2,,,,0.89,,,0,,
TH-02323,2026-07-03,C,19.2,,,,1.42,,,0,,warn
TH-02324,2026-07-03,C,19.2,,,,1.34,,,0,,OK
TH-02331,2026-07-03,C,19.2,,,,1.05,,,0,,warn
TH-02334,2026-07-03,C,19.2,,,,1.14,,,0,,warn
TH-02335,2026-07-03,C,19.2,,,,1.19,,,0,,warn
TH-02336,2026-07-03,C,19.2,,,,2.15,,,0,,OK
TH-02337,2026-07-03,C,19.2,,,,0.93,,,0,,warn
TH-02338,2026-07-03,C,19.2,,,,1.5,,,0,,
TH-02339,2026-07-03,C,19.2,,,,1.19,,,0,,OK
TH-02341,2026-07-03,C,19.2,,,,1.04,,,0,,
TH-02342,2026-07-03,C,19.2,,,,1.66,,,0,,OK
TH-02344,2026-07-03,C,19.2,,,47.8,1.64,,,0,,OK
TH-02345,2026-07-03,C,19.2,,,,1.32,,,0,,warn
TH-02347,2026-07-03,C,19.2,,,,1.47,,,0,,warn
TH-02348,2026-07-03,C,19.2,,,,1.86,,,0,,OK
TH-02354,2026-07-03,C,19.2,,,,1.8,,,0,,warn
TH-02355,2026-07-03,C,19.2,,,,0.9,,,0,,warn
TH-02357,2026-07-03,C,19.2,,,,1.21,,,0,,OK
TH-02359,2026-07-03,C,19.2,,,,1.27,,,0,,OK
TH-02360,2026-07-03,C,19.2,,,,1.63,,,0,,warn
TH-02361,2026-07-03,C,19.2,,,,1.38,,,0,,warn
TH-02363,2026-07-03,C,19.2,,,49.3,1.29,,,0,,OK
TH-02365,2026-07-03,C,19.2,,,,1.63,,,0,,OK
TH-02366,2026-07-03,C,19.2,,,,1.59,,,0,,warn
TH-02367,2026-07-03,C,19.2,,,,1.73,,,0,,warn
TH-02371,2026-07-03,C,19.2,31.0,,,1.59,,,0,,warn
TH-02375,2026-07-03,C,19.2,,,,1.67,,,0,,warn
TH-02380,2026-07-03,C,19.2,,,,1.66,,,0,,OK
TH-02381,2026-07-03,C,19.2,,,,1.64,,,0,,warn
TH-02383,2026-07-03,C,19.2,,,,1.25,,,0,,warn
TH-02384,2026-07-03,C,19.2,,,,0.88,,,0,,warn
TH-02385,2026-07-03,C,19.2,,,,1.09,,,0,ALM_SM_LINK,
TH-02387,2026-07-03,C,19.2,,,,1.89,,,0,,warn
TH-02388,2026-07-03,C,19.2,,,46.7,2.05,,,0,,
TH-02389,2026-07-03,C,19.2,,,,1.99,,,0,,
TH-02395,2026-07-03,C,19.2,,,,0.88,,,0,,warn
TH-02396,2026-07-03,C,19.2,,,,1.65,,,0,,
TH-02399,2026-07-03,C,19.2,,,,1.26,,,0,,warn
TH-90000,2026-07-03,C,19.2,,,,2.49,,,0,,OK
TH-90001,2026-07-03,C,19.2,,,,9.91,,,0,,OK
TH-90002,2026-07-03,C,19.2,,,,7.46,,,0,,OK
TH-90003,2026-07-03,C,19.2,,,,5.76,,,0,,OK
TH-90004,2026-07-03,C,19.2,,,,9.18,,,0,,OK
th-02005,2026-07-03,A,19.2,31.6,25.1,50.7,1.79,6.7,3,0,,ok
th-02007,2026-07-03,A,19.2,33.0,25.8,51.4,2.12,6.8,10,0,,OK
th-02011,2026-07-03,A,19.2,32.0,25.4,48.8,1.51,5.1,4,0,,ok
th-02016,2026-07-03,A,19.2,33.4,28.1,46.9,1.19,4.8,8,0,,ok
th-02036,2026-07-03,A,19.2,31.0,25.3,52.8,0.99,3.7,2,0,,OK
th-02063,2026-07-03,A,19.2,31.9,24.9,49.5,1.66,7.2,8,0,,OK
th-02073,2026-07-03,A,19.2,30.6,25.0,53.0,1.6,5.5,6,0,,OK
th-02080,2026-07-03,A,19.2,31.7,27.2,52.3,1.89,5.9,8,0,,OK
th-02090,2026-07-03,A,19.2,32.8,26.3,48.0,1.77,6.8,9,0,,OK
th-02094,2026-07-03,A,19.2,31.7,25.1,51.3,1.51,4.7,7,0,,OK
th-02111,2026-07-03,A,19.2,33.3,26.2,47.1,1.59,5.8,9,0,,ok
th-02127,2026-07-03,A,19.2,32.3,27.4,51.3,1.8,5.7,12,0,,ok
th-02133,2026-07-03,A,19.2,31.0,24.2,50.7,0.9,3.2,5,0,,OK
th-02140,2026-07-03,A,19.2,31.5,24.8,0,1.4,5.8,7,0,,OK
th-02158,2026-07-03,B,19.2,,,,7088.4,,14,0,6021,0
th-02177,2026-07-03,B,19.2,,,,12963.5,,9,0,,0
th-02178,2026-07-03,B,19.2,,,,19520.3,,11,0,6021,0
th-02195,2026-07-03,B,19.2,,,,14844.6,,10,0,3104,2
th-02235,2026-07-03,B,19.2,,,,22695.4,,7,0,6021,0
th-02240,2026-07-03,B,19.2,,,,8066.1,,3,0,,0
th-02250,2026-07-03,B,19.2,,,,11195.8,,10,0,,0
th-02256,2026-07-03,B,19.2,,,,7864.7,,3,0,6021,0
th-02275,2026-07-03,B,19.2,,,,12356.8,,9,0,6021,0
th-02283,2026-07-03,B,19.2,,,,21362.3,,15,0,,0
th-02304,2026-07-03,C,19.2,,,,1.0,,,0,,OK
th-02307,2026-07-03,C,19.2,,,,2.14,,,0,,warn
th-02308,2026-07-03,C,19.2,,,,1.25,,,0,,
th-02312,2026-07-03,C,19.2,,,,1.02,,,0,,OK
th-02333,2026-07-03,C,19.2,,,,1.64,,,0,ALM_HP_HP_SWITCH,OK
th-02340,2026-07-03,C,19.2,,,,1.21,,,0,,warn
th-02343,2026-07-03,C,19.2,,,,0.97,,,0,,OK
th-02346,2026-07-03,C,19.2,,,,1.36,,,0,,
th-02358,2026-07-03,C,19.2,,,,1.88,,,0,,
th-02374,2026-07-03,C,19.2,,,,1.8,,,0,,
th-02377,2026-07-03,C,19.2,,,,1.38,,,0,,
th-02379,2026-07-03,C,19.2,,,,0.94,,,0,,OK
th-02393,2026-07-03,C,19.2,,,,1.35,,,0,,OK
th-02397,2026-07-03,C,19.2,,,,1.55,,,0,,
th-02398,2026-07-03,C,19.2,,,,1.24,,,0,,
 TH-02020,2026-07-04,A,19.9,32.6,27.0,48.8,1.33,5.4,9,0,,ok
 TH-02032,2026-07-04,A,19.9,30.5,23.5,52.2,1.6,6.9,13,0,,ok
 TH-02073,2026-07-04,A,19.9,30.7,24.7,52.7,2.15,7.1,8,0,E-211,warn
 TH-02080,2026-07-04,A,19.9,32.5,26.4,51.1,1.77,6.3,10,0,,OK
 TH-02084,2026-07-04,A,19.9,30.7,26.2,51.2,1.13,4.3,7,0,,ok
 TH-02113,2026-07-04,A,19.9,33.5,27.2,48.9,1.27,4.8,4,0,,OK
 TH-02138,2026-07-04,A,19.9,31.6,26.6,49.2,1.2,4.9,7,0,,ok
 TH-02187,2026-07-04,B,19.9,,,,13638.5,,5,0,6021,0
 TH-02228,2026-07-04,B,19.9,31.5,25.8,,23949.0,,4,0,,0
 TH-02248,2026-07-04,B,19.9,,,,23303.3,,8,0,,0
 TH-02250,2026-07-04,B,19.9,,,,11197.0,,13,0,,0
 TH-02280,2026-07-04,B,19.9,,,,17734.2,,12,0,,0
 TH-02302,2026-07-04,C,19.9,,,,2.17,,,0,,OK
 TH-02324,2026-07-04,C,19.9,,,,1.14,,,0,,
 TH-02333,2026-07-04,C,19.9,,,,1.71,,,0,,
 TH-02336,2026-07-04,C,19.9,,,,0.79,,,0,,
 TH-02351,2026-07-04,C,19.9,,,,1.32,,,0,,warn
 TH-02365,2026-07-04,C,19.9,33.2,,,1.6,,,0,,
 TH-02371,2026-07-04,C,19.9,,,,1.57,,,0,,
TH-02001,2026-07-04,A,19.9,32.6,25.4,47.4,1.29,4.6,8,0,,ok
TH-02002,2026-07-04,A,19.9,32.0,25.2,52.6,2.02,6.8,11,0,,OK
TH-02004,2026-07-04,A,19.9,33.2,27.3,49.2,1.2,4.7,12,0,,OK
TH-02005,2026-07-04,A,19.9,32.1,26.3,46.7,2.07,7.0,3,0,,ok
TH-02006,2026-07-04,A,19.9,32.9,27.7,46.3,0.93,3.9,10,0,E-211,ok
TH-02008,2026-07-04,A,19.9,33.1,27.7,46.9,1.24,5.4,5,0,,OK
TH-02009,2026-07-04,A,19.9,32.7,26.3,50.1,1.43,6.1,8,0,,OK
TH-02011,2026-07-04,A,19.9,30.6,24.3,47.2,1.32,4.9,11,0,,ok
TH-02012,2026-07-04,A,19.9,30.6,24.4,47.2,1.31,5.0,9,0,,ok
TH-02015,2026-07-04,A,19.9,33.5,26.6,49.1,1.23,5.2,10,0,,ok
TH-02017,2026-07-04,A,19.9,32.4,26.6,50.8,1.15,4.1,6,0,,OK
TH-02019,2026-07-04,A,19.9,33.0,26.1,47.7,1.42,5.7,8,0,,OK
TH-02021,2026-07-04,A,19.9,32.0,27.0,51.3,1.76,6.2,7,0,,OK
TH-02023,2026-07-04,A,19.9,31.7,25.8,50.3,2.07,6.8,6,0,,ok
TH-02025,2026-07-04,A,19.9,31.7,26.5,51.0,1.46,4.6,11,0,,OK
TH-02028,2026-07-04,A,19.9,33.1,26.0,47.7,1.37,5.1,8,0,,OK
TH-02030,2026-07-04,A,19.9,31.2,26.5,49.5,1.56,5.3,5,0,,OK
TH-02031,2026-07-04,A,19.9,32.6,25.9,52.5,1.38,5.5,15,0,,ok
TH-02033,2026-07-04,A,19.9,33.0,26.2,52.1,1.23,4.0,9,0,,ok
TH-02034,2026-07-04,A,19.9,31.9,26.1,52.0,0.88,3.4,12,0,,OK
TH-02035,2026-07-04,A,19.9,31.3,24.8,49.5,1.47,5.9,11,0,,OK
TH-02036,2026-07-04,A,19.9,32.4,27.3,47.7,1.09,4.6,2,0,,ok
TH-02038,2026-07-04,A,19.9,-999,25.6,51.1,1.95,6.8,7,0,E-211,OK
TH-02040,2026-07-04,A,19.9,32.8,25.9,51.9,1.79,6.9,9,0,,OK
TH-02044,2026-07-04,A,19.9,32.5,26.8,47.0,0.72,3.1,8,0,,ok
TH-02045,2026-07-04,A,19.9,31.9,25.6,51.0,1.7,6.1,10,0,,ok
TH-02046,2026-07-04,A,19.9,32.1,26.0,46.2,2.03,6.5,5,0,,ok
TH-02048,2026-07-04,A,19.9,32.2,25.0,51.9,1.94,6.3,2,0,,ok
TH-02049,2026-07-04,A,19.9,-999,26.3,50.3,1.59,6.8,13,0,,OK
TH-02050,2026-07-04,A,19.9,31.8,25.8,48.9,1.02,4.4,10,0,,OK
TH-02052,2026-07-04,A,19.9,31.6,24.5,47.8,0.85,3.7,7,0,,ok
TH-02053,2026-07-04,A,19.9,33.4,27.6,51.6,1.09,4.2,5,0,,ok
TH-02054,2026-07-04,A,19.9,32.2,27.7,52.1,1.55,6.0,12,0,,OK
TH-02055,2026-07-04,A,19.9,31.2,25.4,46.2,1.03,4.5,16,0,,OK
TH-02056,2026-07-04,A,19.9,31.7,25.0,50.9,2.01,6.3,10,0,,OK
TH-02061,2026-07-04,A,19.9,32.1,25.2,50.1,0.78,3.2,13,0,,OK
TH-02062,2026-07-04,A,19.9,31.8,27.2,46.0,1.59,5.8,10,0,,OK
TH-02063,2026-07-04,A,19.9,32.2,26.9,48.8,1.75,6.4,8,0,,ok
TH-02065,2026-07-04,A,19.9,33.0,27.7,50.4,1.43,5.5,11,0,,ok
TH-02068,2026-07-04,A,19.9,32.2,26.9,47.0,1.6,6.0,10,0,,OK
TH-02071,2026-07-04,A,19.9,33.5,26.8,52.6,1.89,5.9,12,0,,ok
TH-02072,2026-07-04,A,19.9,33.3,26.0,48.6,1.03,4.0,7,0,,ok
TH-02074,2026-07-04,A,19.9,31.3,25.4,52.4,1.76,7.0,11,0,,ok
TH-02075,2026-07-04,A,19.9,33.3,28.7,49.4,1.07,4.3,6,0,,ok
TH-02076,2026-07-04,A,19.9,30.8,25.0,48.2,1.49,6.4,7,0,,OK
TH-02077,2026-07-04,A,19.9,32.5,26.3,50.2,1.64,7.1,14,0,,ok
TH-02081,2026-07-04,A,19.9,30.9,24.9,0,1.84,7.1,6,0,,ok
TH-02083,2026-07-04,A,19.9,32.9,27.6,46.6,1.62,6.4,8,0,,OK
TH-02085,2026-07-04,A,19.9,33.1,28.2,49.1,1.52,6.0,10,0,,OK
TH-02086,2026-07-04,A,19.9,33.4,27.8,51.5,1.18,4.6,2,0,,ok
TH-02090,2026-07-04,A,19.9,30.6,24.1,51.9,1.21,5.0,14,0,,OK
TH-02091,2026-07-04,A,19.9,32.8,26.1,48.9,1.15,4.1,5,0,E-211,warn
TH-02093,2026-07-04,A,19.9,30.7,23.5,51.7,0.88,3.4,14,0,,ok
TH-02094,2026-07-04,A,19.9,31.7,25.9,50.4,0.98,4.3,10,0,,ok
TH-02095,2026-07-04,A,19.9,31.5,26.6,47.2,0.73,3.1,8,0,,ok
TH-02097,2026-07-04,A,19.9,32.0,26.3,47.3,1.71,5.5,7,0,,ok
TH-02098,2026-07-04,A,19.9,31.9,25.3,0,1.56,4.9,9,0,,ok
TH-02100,2026-07-04,A,19.9,32.6,26.9,51.4,1.66,5.2,11,0,,OK
TH-02101,2026-07-04,A,19.9,31.1,25.4,52.3,1.96,6.8,14,0,,OK
TH-02103,2026-07-04,A,19.9,32.2,26.8,46.6,1.15,4.1,14,0,E-104,warn
TH-02111,2026-07-04,A,19.9,31.5,26.6,52.3,1.78,7.1,4,0,E-211,ok
TH-02112,2026-07-04,A,19.9,30.6,25.4,52.7,2.06,7.4,6,0,,OK
TH-02114,2026-07-04,A,19.9,32.7,28.0,46.3,1.94,6.4,7,0,,OK
TH-02118,2026-07-04,A,19.9,32.8,27.8,46.1,1.25,5.3,2,0,,OK
TH-02120,2026-07-04,A,19.9,33.3,26.1,0,0.93,3.3,5,0,,OK
TH-02121,2026-07-04,A,19.9,33.5,28.3,46.1,1.72,5.5,11,0,,ok
TH-02122,2026-07-04,A,19.9,32.2,26.9,47.4,0.9,3.8,9,0,,ok
TH-02124,2026-07-04,A,19.9,32.7,26.5,46.2,1.54,6.6,3,0,,ok
TH-02125,2026-07-04,A,19.9,31.8,27.2,52.9,1.16,3.8,10,0,,ok
TH-02126,2026-07-04,A,19.9,31.9,26.5,49.0,1.56,6.5,5,0,,ok
TH-02127,2026-07-04,A,19.9,32.4,27.5,48.9,0.88,3.5,5,0,,OK
TH-02129,2026-07-04,A,19.9,33.1,27.0,47.4,0.9,3.3,18,0,,ok
TH-02130,2026-07-04,A,19.9,31.2,26.6,49.8,2.27,7.1,14,0,,ok
TH-02132,2026-07-04,A,19.9,33.0,28.3,47.0,1.39,5.3,11,0,,OK
TH-02133,2026-07-04,A,19.9,32.8,25.3,50.9,0.93,3.6,8,0,,ok
TH-02135,2026-07-04,A,19.9,30.8,23.6,50.7,1.4,6.1,11,0,,ok
TH-02136,2026-07-04,A,19.9,30.8,24.2,52.3,1.99,6.6,7,0,,OK
TH-02137,2026-07-04,A,19.9,31.3,25.6,47.3,1.44,5.2,9,0,,OK
TH-02140,2026-07-04,A,19.9,33.2,26.0,52.3,2.02,7.1,8,0,,ok
TH-02141,2026-07-04,B,19.9,,,,17193.1,,8,0,6021,0
TH-02143,2026-07-04,B,19.9,,,,17938.5,,9,0,6021,0
TH-02144,2026-07-04,B,19.9,,,,12957.8,,13,0,,0
TH-02145,2026-07-04,B,19.9,,,,4833.9,,10,0,6021,0
TH-02146,2026-07-04,B,19.9,,,,24521.5,,6,0,6021,0
TH-02149,2026-07-04,B,19.9,,,,8093.5,,7,0,,0
TH-02153,2026-07-04,B,19.9,,,,19046.5,,10,0,6021,0
TH-02155,2026-07-04,B,19.9,,,,4509.3,,6,0,,0
TH-02158,2026-07-04,B,19.9,,,,7089.2,,7,0,,0
TH-02159,2026-07-04,B,19.9,,,,12091.1,,10,0,6021,0
TH-02160,2026-07-04,B,19.9,,,,14959.6,,9,0,,0
TH-02161,2026-07-04,B,19.9,,,,8302.6,,6,0,6021,0
TH-02162,2026-07-04,B,19.9,,,,14669.8,,9,0,6021,0
TH-02165,2026-07-04,B,19.9,,,,15126.7,,7,0,,0
TH-02166,2026-07-04,B,19.9,,,,17553.4,,4,0,6021,0
TH-02168,2026-07-04,B,19.9,,,,13664.9,,8,0,,0
TH-02169,2026-07-04,B,19.9,,,,18482.6,,7,0,,0
TH-02170,2026-07-04,B,19.9,,,,11464.8,,11,0,,0
TH-02171,2026-07-04,B,19.9,,,,14088.8,,11,0,,0
TH-02173,2026-07-04,B,19.9,,,,6972.7,,13,0,,0
TH-02176,2026-07-04,B,19.9,,,,5437.5,,12,0,,0
TH-02177,2026-07-04,B,19.9,,,,12965.3,,12,0,6021,0
TH-02180,2026-07-04,B,19.9,,,,11630.1,,13,0,,0
TH-02182,2026-07-04,B,19.9,,,,20973.4,,13,0,,0
TH-02184,2026-07-04,B,19.9,,,,20311.2,,10,0,,0
TH-02188,2026-07-04,B,19.9,,,,24509.7,,10,0,,0
TH-02189,2026-07-04,B,19.9,,,,19377.6,,7,0,,0
TH-02190,2026-07-04,B,19.9,,,,24693.6,,10,0,1188,2
TH-02192,2026-07-04,B,19.9,,,,23401.0,,9,0,6021,0
TH-02194,2026-07-04,B,19.9,,,,19025.2,,4,0,,0
TH-02195,2026-07-04,B,19.9,,,,14846.5,,10,0,6021,0
TH-02196,2026-07-04,B,19.9,,,,25239.6,,11,0,,0
TH-02202,2026-07-04,B,19.9,,,,13841.5,,2,0,6021,0
TH-02204,2026-07-04,B,19.9,,,,5200.1,,10,0,,0
TH-02206,2026-07-04,B,19.9,,,,17413.4,,8,0,,0
TH-02207,2026-07-04,B,19.9,,,,13696.2,,13,0,6021,0
TH-02213,2026-07-04,B,19.9,,,,9339.7,,5,0,6021,0
TH-02214,2026-07-04,B,19.9,,,,9147.7,,6,0,,0
TH-02221,2026-07-04,B,19.9,,,,16215.7,,14,0,,0
TH-02223,2026-07-04,B,19.9,,,,22257.1,,10,0,,0
TH-02224,2026-07-04,B,19.9,,,,8773.4,,6,0,6021,0
TH-02226,2026-07-04,B,19.9,,,,9761.0,,7,0,6021,0
TH-02230,2026-07-04,B,19.9,,,,25644.7,,12,0,,0
TH-02231,2026-07-04,B,19.9,,,,7596.8,,9,0,6021,0
TH-02235,2026-07-04,B,19.9,,,,22696.4,,11,0,6021,0
TH-02236,2026-07-04,B,19.9,,,,4251.2,,13,0,6021,0
TH-02238,2026-07-04,B,19.9,,,,7791.6,,10,0,6021,0
TH-02240,2026-07-04,B,19.9,,,,8067.5,,10,0,6021,0
TH-02243,2026-07-04,B,19.9,,,,11696.3,,5,0,,0
TH-02244,2026-07-04,B,19.9,,,,16891.9,,12,0,,0
TH-02245,2026-07-04,B,19.9,,,,14950.8,,12,0,,0
TH-02246,2026-07-04,B,19.9,,,,15964.5,,7,0,6021,0
TH-02247,2026-07-04,B,19.9,,,,5498.8,,3,0,,0
TH-02249,2026-07-04,B,19.9,,,,6908.9,,4,0,6021,0
TH-02255,2026-07-04,B,19.9,,,,12941.3,,8,0,6021,0
TH-02256,2026-07-04,B,19.9,,,,7866.2,,3,0,6021,0
TH-02258,2026-07-04,B,19.9,,,,10368.8,,9,0,6021,0
TH-02259,2026-07-04,B,19.9,,,,12299.0,,3,0,,0
TH-02262,2026-07-04,B,19.9,,,,9194.1,,11,0,6021,0
TH-02265,2026-07-04,B,19.9,,,,22607.7,,7,0,,0
TH-02266,2026-07-04,B,19.9,,,,16129.8,,9,0,3104,2
TH-02267,2026-07-04,B,19.9,,,,11555.1,,9,0,6021,0
TH-02268,2026-07-04,B,19.9,,,,23838.8,,11,0,,0
TH-02269,2026-07-04,B,19.9,,,,12413.6,,13,0,6021,0
TH-02270,2026-07-04,B,19.9,,,,21949.5,,10,0,6021,0
TH-02271,2026-07-04,B,19.9,,,,4963.1,,3,0,,0
TH-02272,2026-07-04,B,19.9,,,,24866.9,,2,0,6021,0
TH-02273,2026-07-04,B,19.9,,,,19822.7,,11,0,6021,0
TH-02277,2026-07-04,B,19.9,,,,17898.7,,11,0,6021,0
TH-02278,2026-07-04,B,19.9,,,,14836.8,,3,0,6021,0
TH-02279,2026-07-04,B,19.9,,,,21106.0,,7,0,,0
TH-02281,2026-07-04,B,19.9,,,,4270.1,,11,0,,0
TH-02283,2026-07-04,B,19.9,,,,21363.3,,6,0,,0
TH-02286,2026-07-04,B,19.9,,,,7595.7,,9,0,7702,2
TH-02287,2026-07-04,B,19.9,,,,18038.5,,13,0,,0
TH-02288,2026-07-04,B,19.9,32.9,26.0,,5447.0,,13,0,6021,0
TH-02292,2026-07-04,C,19.9,,,,1.37,,,0,,warn
TH-02294,2026-07-04,C,19.9,,,,1.46,,,0,,OK
TH-02296,2026-07-04,C,19.9,,,,2.0,,,0,,
TH-02300,2026-07-04,C,19.9,,,,0.71,,,0,,
TH-02303,2026-07-04,C,19.9,,,,1.45,,,0,,OK
TH-02304,2026-07-04,C,19.9,,,52.1,1.21,,,0,,
TH-02307,2026-07-04,C,19.9,,,,1.57,,,0,,warn
TH-02308,2026-07-04,C,19.9,,,,1.38,,,0,,
TH-02311,2026-07-04,C,19.9,31.5,,,1.52,,,0,,warn
TH-02312,2026-07-04,C,19.9,,,48.7,2.02,,,0,,
TH-02313,2026-07-04,C,19.9,,,,0.73,,,0,,warn
TH-02314,2026-07-04,C,19.9,,,,1.89,,,0,,OK
TH-02316,2026-07-04,C,19.9,,,,1.96,,,0,,warn
TH-02319,2026-07-04,C,19.9,,,,0.87,,,0,,warn
TH-02322,2026-07-04,C,19.9,,,,1.93,,,0,,
TH-02323,2026-07-04,C,19.9,33.4,,,1.89,,,0,,warn
TH-02331,2026-07-04,C,19.9,,,,1.0,,,0,,
TH-02334,2026-07-04,C,19.9,,,,0.89,,,0,,
TH-02335,2026-07-04,C,19.9,,,,1.78,,,0,,OK
TH-02338,2026-07-04,C,19.9,,,,0.86,,,0,,OK
TH-02339,2026-07-04,C,19.9,30.7,,,1.06,,,0,,
TH-02341,2026-07-04,C,19.9,,,,1.67,,,0,,
TH-02342,2026-07-04,C,19.9,,,,1.62,,,0,,
TH-02343,2026-07-04,C,19.9,,,,1.92,,,0,,OK
TH-02344,2026-07-04,C,19.9,,,,1.46,,,0,ALM_SM_LINK,
TH-02345,2026-07-04,C,19.9,,,,1.46,,,0,,warn
TH-02346,2026-07-04,C,19.9,,,,0.9,,,0,,warn
TH-02347,2026-07-04,C,19.9,,,,0.96,,,0,,warn
TH-02348,2026-07-04,C,19.9,,,,0.91,,,0,,warn
TH-02352,2026-07-04,C,19.9,,,,1.0,,,0,,OK
TH-02354,2026-07-04,C,19.9,,,,1.89,,,0,,OK
TH-02355,2026-07-04,C,19.9,,,,0.98,,,0,ALM_SM_LINK,OK
TH-02357,2026-07-04,C,19.9,,,,2.14,,,0,,
TH-02358,2026-07-04,C,19.9,,,,0.76,,,0,,
TH-02359,2026-07-04,C,19.9,,,,0.99,,,0,,OK
TH-02360,2026-07-04,C,19.9,,,,1.28,,,0,,
TH-02361,2026-07-04,C,19.9,-999,,,1.59,,,0,,
TH-02363,2026-07-04,C,19.9,,,,1.67,,,0,,OK
TH-02367,2026-07-04,C,19.9,,,,1.75,,,0,,OK
TH-02374,2026-07-04,C,19.9,,,,1.29,,,0,,
TH-02375,2026-07-04,C,19.9,,,,1.69,,,0,,
TH-02377,2026-07-04,C,19.9,,,,2.0,,,0,,
TH-02379,2026-07-04,C,19.9,,,,2.18,,,0,,
TH-02380,2026-07-04,C,19.9,,,,1.24,,,0,,warn
TH-02381,2026-07-04,C,19.9,,,,1.72,,,0,,
TH-02384,2026-07-04,C,19.9,,,,1.08,,,0,,OK
TH-02385,2026-07-04,C,19.9,,,,0.8,,,0,,warn
TH-02387,2026-07-04,C,19.9,,,,0.83,,,0,,
TH-02388,2026-07-04,C,19.9,,,,1.3,,,0,,warn
TH-02396,2026-07-04,C,19.9,,,,0.8,,,0,,warn
TH-02397,2026-07-04,C,19.9,,,,1.44,,,0,,warn
TH-02398,2026-07-04,C,19.9,,,,1.96,,,0,,warn
TH-02399,2026-07-04,C,19.9,,,,1.05,,,0,,
TH-02400,2026-07-04,C,19.9,,,,1.18,,,0,,warn
th-02007,2026-07-04,A,19.9,33.3,28.9,50.4,1.34,4.7,8,0,,ok
th-02016,2026-07-04,A,19.9,30.7,24.4,48.2,1.55,6.3,12,0,,OK
th-02037,2026-07-04,A,19.9,31.9,26.5,47.5,1.35,5.9,7,0,,OK
th-02047,2026-07-04,A,19.9,32.3,25.7,51.4,1.47,4.9,5,0,,OK
th-02051,2026-07-04,A,19.9,31.6,24.6,50.0,1.41,5.8,8,0,,OK
th-02078,2026-07-04,A,19.9,32.4,25.2,47.7,1.67,6.6,6,0,,ok
th-02087,2026-07-04,A,19.9,31.6,25.8,52.7,1.25,4.1,10,0,,ok
th-02109,2026-07-04,A,19.9,30.7,23.4,46.9,1.74,5.4,13,0,,ok
th-02139,2026-07-04,A,19.9,33.1,26.6,48.7,1.48,6.3,10,0,,ok
th-02148,2026-07-04,B,19.9,33.1,26.2,,12923.6,,4,0,6021,0
th-02152,2026-07-04,B,19.9,,,,22538.0,,11,0,6021,0
th-02175,2026-07-04,B,19.9,31.9,25.5,,12077.3,,5,0,6021,0
th-02178,2026-07-04,B,19.9,,,,19521.6,,11,0,,0
th-02181,2026-07-04,B,19.9,,,,18764.4,,16,0,6021,0
th-02185,2026-07-04,B,19.9,,,,25242.3,,7,0,6021,0
th-02215,2026-07-04,B,19.9,,,,18272.9,,14,0,6021,0
th-02216,2026-07-04,B,19.9,,,,17183.6,,5,0,7702,2
th-02234,2026-07-04,B,19.9,,,,13307.5,,11,0,,0
th-02239,2026-07-04,B,19.9,,,,17228.3,,9,0,,0
th-02242,2026-07-04,B,19.9,,,,14359.6,,7,0,6021,0
th-02251,2026-07-04,B,19.9,,,,24473.3,,11,0,6021,0
th-02257,2026-07-04,B,19.9,,,,21294.2,,11,0,6021,0
th-02260,2026-07-04,B,19.9,,,,7355.1,,9,0,,0
th-02275,2026-07-04,B,19.9,,,,12357.7,,11,0,6021,0
th-02285,2026-07-04,B,19.9,,,,12842.9,,9,0,6021,0
th-02290,2026-07-04,B,19.9,,,,7333.8,,11,0,3104,2
th-02297,2026-07-04,C,19.9,,,,1.8,,,0,,
th-02298,2026-07-04,C,19.9,,,,1.9,,,0,,warn
th-02299,2026-07-04,C,19.9,,,,1.2,,,0,,OK
th-02309,2026-07-04,C,19.9,,,,1.91,,,0,,OK
th-02317,2026-07-04,C,19.9,,,,1.66,,,0,ALM_SM_LINK,
th-02337,2026-07-04,C,19.9,,,,0.93,,,0,,OK
th-02340,2026-07-04,C,19.9,,,,1.08,,,0,,OK
th-02366,2026-07-04,C,19.9,,,,1.65,,,0,,OK
th-02383,2026-07-04,C,19.9,,,,0.88,,,0,,
th-02393,2026-07-04,C,19.9,,,,1.08,,,0,,OK
th-02395,2026-07-04,C,19.9,,,,0.99,,,0,,warn
 TH-02025,2026-07-05,A,20.3,31.1,25.9,47.0,1.75,6.2,11,0,,OK
 TH-02036,2026-07-05,A,20.3,32.5,25.7,50.9,1.3,4.4,6,0,,ok
 TH-02055,2026-07-05,A,20.3,33.0,26.7,47.6,1.27,4.3,6,0,,ok
 TH-02075,2026-07-05,A,20.3,33.3,26.1,52.4,0.82,3.6,5,0,,OK
 TH-02076,2026-07-05,A,20.3,31.4,26.8,46.5,0.78,3.2,10,0,E-317,warn
 TH-02098,2026-07-05,A,20.3,31.8,24.6,48.3,1.89,6.9,7,0,,OK
 TH-02103,2026-07-05,A,20.3,32.3,24.9,48.0,1.22,4.0,3,0,,ok
 TH-02118,2026-07-05,A,20.3,31.5,25.3,48.0,1.66,5.6,10,0,,ok
 TH-02133,2026-07-05,A,20.3,33.1,27.3,50.0,0.97,3.4,9,0,,OK
 TH-02152,2026-07-05,B,20.3,,,,22539.1,,8,0,6021,0
 TH-02169,2026-07-05,B,20.3,,,,18483.5,,6,0,6021,0
 TH-02178,2026-07-05,B,20.3,,,,19522.7,,8,0,6021,0
 TH-02213,2026-07-05,B,20.3,,,,9341.2,,8,0,,0
 TH-02223,2026-07-05,B,20.3,,,,22258.2,,8,0,6021,0
 TH-02230,2026-07-05,B,20.3,,,,25646.4,,10,0,,0
 TH-02235,2026-07-05,B,20.3,,,,22697.4,,8,0,,0
 TH-02275,2026-07-05,B,20.3,,,,12358.9,,9,0,,0
 TH-02324,2026-07-05,C,20.3,,,,1.08,,,0,,warn
 TH-02346,2026-07-05,C,20.3,,,,1.27,,,0,,
 TH-02381,2026-07-05,C,20.3,,,,1.08,,,0,,OK
 TH-02384,2026-07-05,C,20.3,,,,0.91,,,0,,warn
TH-02001,2026-07-05,A,20.3,31.0,23.9,48.7,1.72,6.9,11,0,,OK
TH-02002,2026-07-05,A,20.3,33.4,27.7,46.5,1.27,5.4,8,0,,ok
TH-02005,2026-07-05,A,20.3,30.9,25.0,47.5,1.83,7.1,7,0,,ok
TH-02006,2026-07-05,A,20.3,31.9,25.8,48.4,1.49,5.0,12,0,,OK
TH-02007,2026-07-05,A,20.3,31.2,26.3,48.1,1.43,4.7,7,0,E-211,OK
TH-02008,2026-07-05,A,20.3,31.4,24.0,47.9,1.72,6.9,10,0,,OK
TH-02009,2026-07-05,A,20.3,-999,26.6,48.3,1.45,4.6,5,0,,ok
TH-02011,2026-07-05,A,20.3,33.5,26.6,51.6,1.87,7.4,8,0,,ok
TH-02012,2026-07-05,A,20.3,33.5,26.8,46.2,1.62,5.7,13,0,,OK
TH-02015,2026-07-05,A,20.3,30.5,25.6,48.5,1.14,3.9,3,0,,ok
TH-02016,2026-07-05,A,20.3,30.9,24.6,51.6,1.0,3.2,5,0,,ok
TH-02017,2026-07-05,A,20.3,31.4,24.2,48.7,0.72,3.1,7,0,,OK
TH-02019,2026-07-05,A,20.3,32.5,28.0,48.0,1.5,6.0,10,0,,OK
TH-02021,2026-07-05,A,20.3,32.3,25.7,46.8,1.48,4.9,11,0,,ok
TH-02028,2026-07-05,A,20.3,32.7,26.4,51.5,0.94,4.1,5,0,,OK
TH-02030,2026-07-05,A,20.3,32.4,27.6,47.5,0.84,3.1,12,0,,OK
TH-02031,2026-07-05,A,20.3,-999,26.0,47.4,0.84,3.0,6,0,,ok
TH-02033,2026-07-05,A,20.3,32.5,27.1,48.0,1.33,5.2,10,0,,OK
TH-02034,2026-07-05,A,20.3,31.8,25.3,48.7,1.3,4.9,9,0,,ok
TH-02035,2026-07-05,A,20.3,31.5,25.1,52.3,1.29,4.2,12,0,,ok
TH-02037,2026-07-05,A,20.3,30.9,25.9,48.8,1.09,4.1,5,0,,OK
TH-02038,2026-07-05,A,20.3,31.0,24.3,50.7,0.99,3.7,12,0,E-211,warn
TH-02044,2026-07-05,A,20.3,33.2,27.2,51.3,2.15,7.4,9,0,E-505,OK
TH-02045,2026-07-05,A,20.3,32.8,27.1,46.9,1.92,6.6,5,0,,OK
TH-02046,2026-07-05,A,20.3,32.6,25.8,50.9,1.29,4.5,10,0,,ok
TH-02048,2026-07-05,A,20.3,32.9,26.2,50.2,0.84,3.6,14,0,,OK
TH-02049,2026-07-05,A,20.3,31.6,25.3,51.6,1.79,6.0,7,0,,OK
TH-02050,2026-07-05,A,20.3,32.8,25.9,49.5,1.0,3.6,6,0,,ok
TH-02051,2026-07-05,A,20.3,32.1,25.4,48.1,1.13,4.1,13,0,,OK
TH-02052,2026-07-05,A,20.3,31.7,24.5,47.0,1.33,5.1,9,0,,OK
TH-02053,2026-07-05,A,20.3,31.3,24.0,51.0,1.2,5.2,7,0,,ok
TH-02061,2026-07-05,A,20.3,31.2,26.1,49.6,1.97,6.5,5,0,,OK
TH-02062,2026-07-05,A,20.3,31.4,25.0,47.3,2.21,7.4,12,0,E-104,ok
TH-02063,2026-07-05,A,20.3,31.1,25.0,52.8,1.73,7.0,10,0,,OK
TH-02065,2026-07-05,A,20.3,31.5,26.7,48.4,1.32,4.6,9,0,,ok
TH-02068,2026-07-05,A,20.3,33.5,26.3,48.1,1.47,5.4,12,0,E-505,ok
TH-02071,2026-07-05,A,20.3,32.0,24.6,47.9,1.48,5.3,7,0,,OK
TH-02072,2026-07-05,A,20.3,30.6,26.1,51.8,1.3,5.1,9,0,,OK
TH-02074,2026-07-05,A,20.3,31.5,25.6,47.0,2.1,6.7,5,0,,ok
TH-02077,2026-07-05,A,20.3,30.8,25.0,52.8,0.78,3.1,2,0,,ok
TH-02078,2026-07-05,A,20.3,31.1,23.8,53.0,1.18,4.4,8,0,,OK
TH-02080,2026-07-05,A,20.3,32.7,26.7,51.4,0.92,3.4,13,0,,OK
TH-02081,2026-07-05,A,20.3,31.1,25.7,52.3,1.77,6.4,8,0,,OK
TH-02083,2026-07-05,A,20.3,33.3,27.9,52.0,2.3,7.4,5,0,,OK
TH-02084,2026-07-05,A,20.3,30.9,25.8,46.7,1.4,5.6,7,0,,OK
TH-02085,2026-07-05,A,20.3,30.7,23.4,50.9,1.23,5.2,12,0,,OK
TH-02086,2026-07-05,A,20.3,32.8,25.7,52.8,1.1,4.6,3,0,,OK
TH-02087,2026-07-05,A,20.3,31.1,25.3,47.7,1.93,6.8,5,0,,OK
TH-02090,2026-07-05,A,20.3,31.1,25.5,50.4,2.03,7.2,10,0,,ok
TH-02091,2026-07-05,A,20.3,31.8,25.2,48.4,1.66,6.7,10,0,E-211,warn
TH-02093,2026-07-05,A,20.3,30.8,25.8,49.3,1.68,5.6,9,0,,ok
TH-02094,2026-07-05,A,20.3,32.0,25.4,51.8,2.17,7.4,13,0,,ok
TH-02095,2026-07-05,A,20.3,33.1,27.5,52.1,1.46,6.1,7,0,,ok
TH-02097,2026-07-05,A,20.3,30.9,25.4,51.6,1.5,6.0,8,0,,ok
TH-02100,2026-07-05,A,20.3,30.6,25.0,51.5,1.09,4.4,11,0,,OK
TH-02101,2026-07-05,A,20.3,32.9,28.1,49.1,1.28,5.1,8,0,,ok
TH-02109,2026-07-05,A,20.3,32.6,28.0,52.5,0.86,3.6,8,0,,ok
TH-02111,2026-07-05,A,20.3,33.3,27.0,52.9,1.57,5.7,9,0,,ok
TH-02112,2026-07-05,A,20.3,31.1,25.7,48.8,1.1,4.8,15,0,,ok
TH-02113,2026-07-05,A,20.3,31.2,25.4,48.5,1.29,5.0,10,0,,OK
TH-02114,2026-07-05,A,20.3,33.0,26.2,51.1,1.64,5.7,9,0,,ok
TH-02121,2026-07-05,A,20.3,30.7,24.0,47.0,1.36,5.3,3,0,,OK
TH-02122,2026-07-05,A,20.3,33.3,28.0,51.0,1.05,4.5,10,0,,ok
TH-02124,2026-07-05,A,20.3,33.3,27.1,46.8,1.08,4.5,9,0,,OK
TH-02125,2026-07-05,A,20.3,30.9,25.5,49.4,1.84,6.1,7,0,,ok
TH-02126,2026-07-05,A,20.3,32.7,25.8,48.2,1.84,7.1,6,0,,OK
TH-02127,2026-07-05,A,20.3,-999,24.5,49.0,0.88,3.7,9,0,,ok
TH-02129,2026-07-05,A,20.3,32.8,26.2,51.6,1.65,6.1,7,0,,OK
TH-02130,2026-07-05,A,20.3,32.7,26.2,51.0,1.99,6.4,9,0,,OK
TH-02132,2026-07-05,A,20.3,32.1,27.2,48.6,1.4,5.7,10,0,,OK
TH-02134,2026-07-05,A,20.3,32.6,25.3,48.7,1.48,4.9,8,0,,ok
TH-02135,2026-07-05,A,20.3,32.7,27.1,50.4,1.19,3.9,13,0,,OK
TH-02136,2026-07-05,A,20.3,30.5,24.5,49.5,1.18,4.3,6,0,,ok
TH-02137,2026-07-05,A,20.3,30.9,24.0,52.7,1.37,5.7,10,0,,OK
TH-02138,2026-07-05,A,20.3,30.6,23.6,52.3,1.18,3.8,10,0,,OK
TH-02140,2026-07-05,A,20.3,30.9,25.8,52.5,1.59,6.9,12,0,,OK
TH-02141,2026-07-05,B,20.3,,,,17194.4,,3,0,6021,0
TH-02143,2026-07-05,B,20.3,,,,17939.7,,13,0,6021,0
TH-02144,2026-07-05,B,20.3,,,,12959.8,,10,0,6021,0
TH-02145,2026-07-05,B,20.3,,,,4835.5,,7,0,6021,0
TH-02146,2026-07-05,B,20.3,,,,24522.6,,8,0,3104,2
TH-02148,2026-07-05,B,20.3,,,,12924.9,,8,0,,0
TH-02149,2026-07-05,B,20.3,,,,8094.5,,9,0,,0
TH-02153,2026-07-05,B,20.3,,,,19047.5,,6,0,3104,2
TH-02155,2026-07-05,B,20.3,31.0,25.2,,4510.8,,9,0,6021,0
TH-02158,2026-07-05,B,20.3,,,,7090.3,,6,0,,0
TH-02159,2026-07-05,B,20.3,,,,12092.4,,14,0,6021,0
TH-02160,2026-07-05,B,20.3,,,,14961.2,,6,0,6021,0
TH-02162,2026-07-05,B,20.3,,,,14671.0,,9,0,6021,0
TH-02165,2026-07-05,B,20.3,,,,15128.1,,9,0,,0
TH-02168,2026-07-05,B,20.3,,,,13666.2,,9,0,6021,0
TH-02170,2026-07-05,B,20.3,,,,11466.0,,5,0,,0
TH-02171,2026-07-05,B,20.3,31.8,26.1,,14090.0,,13,0,6021,0
TH-02175,2026-07-05,B,20.3,,,,12078.2,,11,0,6021,0
TH-02177,2026-07-05,B,20.3,,,,12967.1,,7,0,,0
TH-02180,2026-07-05,B,20.3,,,,11631.7,,6,0,,0
TH-02182,2026-07-05,B,20.3,,,,20974.3,,14,0,,0
TH-02184,2026-07-05,B,20.3,,,,20312.9,,12,0,,0
TH-02185,2026-07-05,B,20.3,,,,25243.6,,5,0,,0
TH-02187,2026-07-05,B,20.3,,,,13640.3,,7,0,,0
TH-02188,2026-07-05,B,20.3,,,,24511.0,,4,0,,0
TH-02189,2026-07-05,B,20.3,,,,19379.4,,11,0,6021,0
TH-02190,2026-07-05,B,20.3,,,,24695.0,,11,0,6021,0
TH-02192,2026-07-05,B,20.3,,,,23402.2,,3,0,6021,0
TH-02194,2026-07-05,B,20.3,,,,19026.2,,3,0,,0
TH-02195,2026-07-05,B,20.3,,,,14847.8,,13,0,6021,0
TH-02196,2026-07-05,B,20.3,30.9,24.7,,25240.7,,3,0,6021,0
TH-02204,2026-07-05,B,20.3,30.5,24.8,,5201.3,,8,0,,0
TH-02206,2026-07-05,B,20.3,,,,17414.4,,4,0,6021,0
TH-02207,2026-07-05,B,20.3,,,,13697.3,,9,0,6021,0
TH-02214,2026-07-05,B,20.3,,,,9148.6,,9,0,,0
TH-02215,2026-07-05,B,20.3,,,,18273.8,,10,0,6021,0
TH-02224,2026-07-05,B,20.3,,,,8775.0,,8,0,,0
TH-02226,2026-07-05,B,20.3,,,,9762.0,,5,0,,0
TH-02228,2026-07-05,B,20.3,,,,23950.9,,8,0,,0
TH-02231,2026-07-05,B,20.3,,,,7598.8,,12,0,,0
TH-02234,2026-07-05,B,20.3,,,,13309.2,,5,0,6021,0
TH-02236,2026-07-05,B,20.3,,,,4252.8,,6,0,,0
TH-02238,2026-07-05,B,20.3,,,,7792.7,,9,0,,0
TH-02239,2026-07-05,B,20.3,,,,17229.8,,9,0,6021,0
TH-02240,2026-07-05,B,20.3,,,,8068.9,,9,0,6021,0
TH-02243,2026-07-05,B,20.3,,,,11697.7,,12,0,,0
TH-02244,2026-07-05,B,20.3,,,,16892.9,,9,0,,0
TH-02245,2026-07-05,B,20.3,,,,14952.1,,5,0,,0
TH-02246,2026-07-05,B,20.3,,,,15965.6,,6,0,6021,0
TH-02247,2026-07-05,B,20.3,,,,5500.5,,11,0,,0
TH-02248,2026-07-05,B,20.3,,,,23304.6,,9,0,,0
TH-02249,2026-07-05,B,20.3,,,,6910.2,,2,0,6021,0
TH-02250,2026-07-05,B,20.3,,,,11198.1,,11,0,,0
TH-02251,2026-07-05,B,20.3,,,,24475.0,,9,0,,0
TH-02255,2026-07-05,B,20.3,,,,12942.2,,10,0,,0
TH-02256,2026-07-05,B,20.3,,,,7868.0,,2,0,,0
TH-02257,2026-07-05,B,20.3,,,,21295.3,,11,0,,0
TH-02260,2026-07-05,B,20.3,,,,7356.1,,2,0,6021,0
TH-02262,2026-07-05,B,20.3,,,,9195.7,,8,0,6021,0
TH-02265,2026-07-05,B,20.3,,,,22609.1,,18,0,6021,0
TH-02266,2026-07-05,B,20.3,,,,16131.7,,10,0,,0
TH-02268,2026-07-05,B,20.3,,,,23840.1,,10,0,,0
TH-02269,2026-07-05,B,20.3,,,,12415.0,,13,0,,0
TH-02270,2026-07-05,B,20.3,,,,21951.3,,6,0,6021,0
TH-02271,2026-07-05,B,20.3,,,,4963.9,,13,0,,0
TH-02272,2026-07-05,B,20.3,,,,24868.0,,10,0,,0
TH-02273,2026-07-05,B,20.3,,,,19823.9,,7,0,,0
TH-02277,2026-07-05,B,20.3,30.7,26.0,,17900.5,,11,0,,0
TH-02278,2026-07-05,B,20.3,,,,14838.2,,5,0,,0
TH-02279,2026-07-05,B,20.3,,,,21108.2,,5,0,6021,0
TH-02283,2026-07-05,B,20.3,,,,21364.1,,7,0,6021,0
TH-02285,2026-07-05,B,20.3,,,,12844.5,,11,0,,0
TH-02286,2026-07-05,B,20.3,,,,7597.4,,8,0,6021,0
TH-02288,2026-07-05,B,20.3,,,,5448.1,,6,0,6021,0
TH-02290,2026-07-05,B,20.3,,,,7335.1,,15,0,3104,2
TH-02292,2026-07-05,C,20.3,,,,0.79,,,0,,warn
TH-02297,2026-07-05,C,20.3,,,,1.49,,,0,,warn
TH-02298,2026-07-05,C,20.3,,,,1.81,,,0,,
TH-02300,2026-07-05,C,20.3,,,,2.22,,,0,,OK
TH-02302,2026-07-05,C,20.3,,,,1.34,,,0,,OK
TH-02303,2026-07-05,C,20.3,,,,1.71,,,0,,warn
TH-02304,2026-07-05,C,20.3,,,,1.02,,,0,,
TH-02307,2026-07-05,C,20.3,,,,1.13,,,0,,warn
TH-02308,2026-07-05,C,20.3,,,,1.79,,,0,,OK
TH-02309,2026-07-05,C,20.3,,,,1.02,,,0,,warn
TH-02311,2026-07-05,C,20.3,31.6,,,1.58,,,0,,OK
TH-02312,2026-07-05,C,20.3,,,,1.14,,,0,,OK
TH-02313,2026-07-05,C,20.3,,,,1.48,,,0,,OK
TH-02314,2026-07-05,C,20.3,,,,1.01,,,0,,
TH-02316,2026-07-05,C,20.3,,,,0.93,,,0,,OK
TH-02317,2026-07-05,C,20.3,,,,1.72,,,0,,warn
TH-02319,2026-07-05,C,20.3,,,,1.31,,,0,,warn
TH-02322,2026-07-05,C,20.3,32.5,,48.1,1.8,,,0,,warn
TH-02323,2026-07-05,C,20.3,,,,0.8,,,0,,warn
TH-02331,2026-07-05,C,20.3,,,,1.53,,,0,,warn
TH-02333,2026-07-05,C,20.3,,,,1.52,,,0,,warn
TH-02334,2026-07-05,C,20.3,,,,0.85,,,0,,OK
TH-02335,2026-07-05,C,20.3,,,,1.67,,,0,,warn
TH-02336,2026-07-05,C,20.3,,,,1.87,,,0,,
TH-02337,2026-07-05,C,20.3,,,,1.61,,,0,,warn
TH-02338,2026-07-05,C,20.3,,,,0.93,,,0,,
TH-02339,2026-07-05,C,20.3,,,,1.19,,,0,,
TH-02342,2026-07-05,C,20.3,,,,1.72,,,0,,
TH-02344,2026-07-05,C,20.3,31.1,,,1.72,,,0,,warn
TH-02345,2026-07-05,C,20.3,,,,1.16,,,0,,
TH-02347,2026-07-05,C,20.3,,,,1.92,,,0,,OK
TH-02348,2026-07-05,C,20.3,,,,1.56,,,0,,OK
TH-02351,2026-07-05,C,20.3,,,,1.6,,,0,,warn
TH-02352,2026-07-05,C,20.3,,,,2.23,,,0,,OK
TH-02354,2026-07-05,C,20.3,,,,1.28,,,0,,
TH-02357,2026-07-05,C,20.3,,,,1.73,,,0,,OK
TH-02358,2026-07-05,C,20.3,32.3,,,1.6,,,0,,warn
TH-02359,2026-07-05,C,20.3,,,,1.57,,,0,,
TH-02360,2026-07-05,C,20.3,31.5,,,1.3,,,0,,warn
TH-02361,2026-07-05,C,20.3,,,,1.1,,,0,,OK
TH-02363,2026-07-05,C,20.3,,,,2.16,,,0,,
TH-02365,2026-07-05,C,20.3,,,,2.02,,,0,,warn
TH-02366,2026-07-05,C,20.3,,,,1.2,,,0,,warn
TH-02367,2026-07-05,C,20.3,,,,1.42,,,0,,warn
TH-02371,2026-07-05,C,20.3,,,,1.44,,,0,,OK
TH-02374,2026-07-05,C,20.3,,,,0.74,,,0,,warn
TH-02377,2026-07-05,C,20.3,,,,1.45,,,0,,warn
TH-02379,2026-07-05,C,20.3,,,,1.81,,,0,,
TH-02380,2026-07-05,C,20.3,,,,2.02,,,0,,
TH-02383,2026-07-05,C,20.3,,,,1.35,,,0,,
TH-02385,2026-07-05,C,20.3,,,,1.7,,,0,,
TH-02387,2026-07-05,C,20.3,,,,2.27,,,0,,warn
TH-02388,2026-07-05,C,20.3,,,,1.57,,,0,,OK
TH-02389,2026-07-05,C,20.3,,,,1.11,,,0,,warn
TH-02395,2026-07-05,C,20.3,,,,0.91,,,0,,OK
TH-02396,2026-07-05,C,20.3,,,,1.31,,,0,,warn
TH-02397,2026-07-05,C,20.3,,,,0.84,,,0,,warn
TH-02398,2026-07-05,C,20.3,,,,1.89,,,0,,warn
TH-02399,2026-07-05,C,20.3,,,,1.7,,,0,,warn
TH-02400,2026-07-05,C,20.3,,,,1.52,,,0,,warn
TH-90000,2026-07-05,C,20.3,,,,9.63,,,0,,OK
TH-90001,2026-07-05,C,20.3,,,,12.48,,,0,,OK
TH-90002,2026-07-05,C,20.3,,,,13.13,,,0,,OK
TH-90003,2026-07-05,C,20.3,,,,2.76,,,0,,OK
TH-90004,2026-07-05,C,20.3,,,,5.01,,,0,,OK
th-02004,2026-07-05,A,20.3,31.6,26.3,52.4,1.48,5.7,3,0,,ok
th-02020,2026-07-05,A,20.3,32.8,26.6,49.2,1.02,3.8,11,0,,ok
th-02032,2026-07-05,A,20.3,32.0,26.9,49.4,1.2,4.0,10,0,,ok
th-02040,2026-07-05,A,20.3,32.2,26.5,46.1,1.2,5.2,12,0,,OK
th-02047,2026-07-05,A,20.3,31.8,26.2,52.3,0.96,4.1,8,0,,OK
th-02054,2026-07-05,A,20.3,30.9,25.9,49.4,1.83,6.3,13,0,,ok
th-02056,2026-07-05,A,20.3,32.2,26.0,53.0,0.92,3.5,10,0,,OK
th-02073,2026-07-05,A,20.3,30.8,25.6,47.3,1.26,5.1,11,0,E-211,warn
th-02099,2026-07-05,A,20.3,32.8,25.5,48.7,1.66,6.0,9,0,,OK
th-02120,2026-07-05,A,20.3,32.8,25.4,48.2,0.86,3.3,5,0,,OK
th-02139,2026-07-05,A,20.3,32.4,27.6,52.2,2.27,7.5,8,0,,OK
th-02161,2026-07-05,B,20.3,,,,8304.1,,8,0,6021,0
th-02166,2026-07-05,B,20.3,,,,17554.3,,9,0,6021,0
th-02173,2026-07-05,B,20.3,32.2,26.2,,6974.5,,7,0,6021,0
th-02176,2026-07-05,B,20.3,,,,5439.0,,8,0,,0
th-02181,2026-07-05,B,20.3,,,,18765.2,,6,0,,0
th-02202,2026-07-05,B,20.3,,,,13843.7,,7,0,6021,0
th-02221,2026-07-05,B,20.3,,,,16216.8,,10,0,6021,0
th-02242,2026-07-05,B,20.3,,,,14361.6,,7,0,6021,0
th-02267,2026-07-05,B,20.3,,,,11556.6,,11,0,6021,0
th-02280,2026-07-05,B,20.3,,,,17735.4,,9,0,,0
th-02281,2026-07-05,B,20.3,,,,4270.9,,12,0,6021,0
th-02287,2026-07-05,B,20.3,31.7,24.5,,18040.0,,3,0,7702,2
th-02294,2026-07-05,C,20.3,,,,1.74,,,0,,OK
th-02296,2026-07-05,C,20.3,,,,1.72,,,0,,warn
th-02299,2026-07-05,C,20.3,,,,2.32,,,0,,OK
th-02340,2026-07-05,C,20.3,,,,1.98,,,0,,OK
th-02341,2026-07-05,C,20.3,,,,1.05,,,0,,warn
th-02343,2026-07-05,C,20.3,,,,2.04,,,0,,OK
th-02355,2026-07-05,C,20.3,,,,0.83,,,0,,warn
th-02375,2026-07-05,C,20.3,,,,0.9,,,0,,warn
th-02393,2026-07-05,C,20.3,,,,2.18,,,0,,
 TH-02011,2026-07-06,A,17.7,32.4,26.6,48.9,1.5,6.5,11,0,,ok
 TH-02025,2026-07-06,A,17.7,33.4,25.9,49.1,1.56,5.1,9,0,,OK
 TH-02036,2026-07-06,A,17.7,31.3,25.8,51.8,1.49,5.9,7,0,,OK
 TH-02045,2026-07-06,A,17.7,32.4,27.8,46.3,1.7,7.2,11,0,,OK
 TH-02081,2026-07-06,A,17.7,32.0,25.3,49.2,1.1,3.6,9,0,E-317,OK
 TH-02087,2026-07-06,A,17.7,33.4,28.0,46.9,1.53,5.4,10,0,,OK
 TH-02091,2026-07-06,A,17.7,31.0,24.9,46.2,1.58,5.8,9,0,,OK
 TH-02101,2026-07-06,A,17.7,33.4,28.6,48.2,1.92,6.6,8,0,,ok
 TH-02127,2026-07-06,A,17.7,30.7,26.0,52.0,1.73,5.6,7,0,,ok
 TH-02162,2026-07-06,B,17.7,,,,14672.2,,8,0,,0
 TH-02204,2026-07-06,B,17.7,,,,5202.8,,11,0,,0
 TH-02230,2026-07-06,B,17.7,,,,25647.3,,12,0,6021,0
 TH-02243,2026-07-06,B,17.7,,,,11699.0,,7,0,,0
 TH-02268,2026-07-06,B,17.7,,,,23841.6,,7,0,,0
 TH-02281,2026-07-06,B,17.7,,,,4272.6,,6,0,,0
 TH-02302,2026-07-06,C,17.7,,,,1.03,,,0,,warn
 TH-02344,2026-07-06,C,17.7,,,,1.75,,,0,,
 TH-02361,2026-07-06,C,17.7,,,,1.75,,,0,,warn
 TH-02380,2026-07-06,C,17.7,,,,1.7,,,0,,OK
TH-02001,2026-07-06,A,17.7,33.2,27.9,48.6,1.45,5.9,11,0,,ok
TH-02002,2026-07-06,A,17.7,31.3,26.5,47.3,2.04,7.1,7,0,,ok
TH-02004,2026-07-06,A,17.7,31.5,25.9,47.9,1.48,6.3,9,0,,OK
TH-02005,2026-07-06,A,17.7,32.2,27.6,46.3,1.64,6.2,8,0,,ok
TH-02006,2026-07-06,A,17.7,32.6,27.7,50.3,0.94,3.8,6,0,E-211,warn
TH-02007,2026-07-06,A,17.7,31.6,26.4,46.4,1.44,6.1,9,0,E-211,warn
TH-02008,2026-07-06,A,17.7,33.0,27.4,47.5,0.99,4.3,10,0,,OK
TH-02012,2026-07-06,A,17.7,32.3,25.9,47.3,2.01,7.3,8,0,,OK
TH-02016,2026-07-06,A,17.7,31.8,27.3,50.3,1.86,6.9,4,0,,OK
TH-02019,2026-07-06,A,17.7,31.4,26.4,50.1,0.97,3.8,9,0,,ok
TH-02020,2026-07-06,A,17.7,31.4,24.0,51.3,1.49,5.5,7,0,,OK
TH-02021,2026-07-06,A,17.7,31.0,25.9,49.7,1.74,5.6,14,0,,OK
TH-02028,2026-07-06,A,17.7,32.1,26.7,48.5,1.4,5.2,5,0,,OK
TH-02030,2026-07-06,A,17.7,33.0,27.3,49.4,1.23,4.8,6,0,,ok
TH-02031,2026-07-06,A,17.7,30.6,25.7,52.7,1.33,4.9,6,0,,OK
TH-02032,2026-07-06,A,17.7,31.0,26.1,47.4,1.65,7.0,11,0,,ok
TH-02033,2026-07-06,A,17.7,31.6,26.8,51.0,1.56,5.3,2,0,,OK
TH-02034,2026-07-06,A,17.7,30.7,23.7,47.4,1.6,5.2,5,0,,OK
TH-02035,2026-07-06,A,17.7,32.6,27.8,52.5,1.24,5.3,9,0,,OK
TH-02037,2026-07-06,A,17.7,33.3,28.5,51.6,1.14,4.3,6,0,,ok
TH-02038,2026-07-06,A,17.7,31.3,24.4,48.2,1.85,6.1,12,0,,OK
TH-02044,2026-07-06,A,17.7,32.4,27.3,47.1,0.9,3.1,5,0,,ok
TH-02047,2026-07-06,A,17.7,30.6,25.0,47.3,0.87,3.5,6,0,,ok
TH-02050,2026-07-06,A,17.7,32.3,27.2,48.1,1.25,4.2,12,0,,ok
TH-02051,2026-07-06,A,17.7,-999,25.1,49.1,1.82,6.8,8,0,,OK
TH-02052,2026-07-06,A,17.7,31.3,25.5,48.3,1.47,4.8,6,0,,ok
TH-02053,2026-07-06,A,17.7,31.4,25.1,50.1,1.6,6.6,10,0,,OK
TH-02054,2026-07-06,A,17.7,30.8,25.7,47.1,1.94,7.0,10,0,,OK
TH-02055,2026-07-06,A,17.7,32.6,25.7,47.2,1.02,3.6,5,0,,ok
TH-02056,2026-07-06,A,17.7,32.8,26.2,51.2,1.94,7.1,13,0,,OK
TH-02061,2026-07-06,A,17.7,33.4,27.4,50.5,1.07,4.3,10,0,,ok
TH-02062,2026-07-06,A,17.7,31.0,24.8,49.6,1.54,5.5,5,0,,OK
TH-02063,2026-07-06,A,17.7,32.1,26.5,52.3,1.59,5.3,8,0,,ok
TH-02068,2026-07-06,A,17.7,31.0,25.1,52.9,1.88,7.4,12,0,,OK
TH-02071,2026-07-06,A,17.7,31.4,26.6,46.4,1.24,4.3,3,0,,OK
TH-02072,2026-07-06,A,17.7,31.3,25.0,51.9,0.81,3.3,8,0,,OK
TH-02074,2026-07-06,A,17.7,30.7,25.8,46.4,1.01,4.2,8,0,,OK
TH-02076,2026-07-06,A,17.7,30.5,23.0,46.1,1.2,4.1,7,0,,OK
TH-02077,2026-07-06,A,17.7,30.9,24.1,49.8,1.98,6.9,12,0,,ok
TH-02078,2026-07-06,A,17.7,33.5,27.2,47.5,2.14,7.4,6,0,,OK
TH-02080,2026-07-06,A,17.7,31.2,25.9,49.2,1.44,6.3,8,0,,ok
TH-02083,2026-07-06,A,17.7,33.1,25.8,49.5,1.66,5.5,9,0,,ok
TH-02084,2026-07-06,A,17.7,33.0,28.3,50.3,1.58,6.3,14,0,,ok
TH-02085,2026-07-06,A,17.7,32.3,25.1,49.2,1.28,4.4,9,0,,OK
TH-02086,2026-07-06,A,17.7,33.2,28.6,48.9,1.77,5.6,10,0,,ok
TH-02090,2026-07-06,A,17.7,32.0,25.0,52.3,0.73,3.1,10,0,,OK
TH-02093,2026-07-06,A,17.7,31.0,24.7,49.0,1.63,5.3,11,0,,ok
TH-02094,2026-07-06,A,17.7,32.3,25.8,51.6,1.47,6.3,8,0,,ok
TH-02095,2026-07-06,A,17.7,32.6,27.0,52.2,1.13,4.1,8,0,,OK
TH-02097,2026-07-06,A,17.7,31.7,26.4,52.7,1.97,7.4,7,0,,ok
TH-02098,2026-07-06,A,17.7,31.2,24.3,46.6,0.98,3.8,5,0,,ok
TH-02099,2026-07-06,A,17.7,31.3,26.7,52.6,1.03,3.3,7,0,,OK
TH-02109,2026-07-06,A,17.7,32.0,26.6,48.7,-3.22,3.3,6,0,,OK
TH-02111,2026-07-06,A,17.7,31.7,25.4,48.9,1.88,6.2,6,0,,OK
TH-02112,2026-07-06,A,17.7,30.8,26.3,50.1,1.54,6.2,4,0,,ok
TH-02113,2026-07-06,A,17.7,32.5,26.5,49.3,1.3,4.1,8,0,,OK
TH-02114,2026-07-06,A,17.7,31.5,24.3,49.3,1.07,4.5,9,0,,ok
TH-02118,2026-07-06,A,17.7,31.1,25.7,49.0,1.54,6.2,12,0,E-211,OK
TH-02121,2026-07-06,A,17.7,-999,24.3,46.2,0.96,3.1,7,0,,OK
TH-02124,2026-07-06,A,17.7,32.6,26.5,47.6,1.06,3.6,6,0,,OK
TH-02125,2026-07-06,A,17.7,31.6,24.4,48.5,2.09,7.4,10,0,,ok
TH-02129,2026-07-06,A,17.7,31.9,24.9,46.0,1.37,5.7,14,0,,ok
TH-02130,2026-07-06,A,17.7,33.5,26.7,49.6,1.99,7.5,9,0,,OK
TH-02132,2026-07-06,A,17.7,30.8,25.2,51.6,1.75,7.0,10,0,,ok
TH-02134,2026-07-06,A,17.7,32.8,26.8,52.8,1.71,7.3,10,0,,ok
TH-02136,2026-07-06,A,17.7,32.8,27.2,53.0,1.01,3.7,8,0,,ok
TH-02137,2026-07-06,A,17.7,31.5,24.0,49.0,1.21,4.2,9,0,,OK
TH-02138,2026-07-06,A,17.7,32.9,27.4,51.5,1.97,6.2,9,0,,ok
TH-02139,2026-07-06,A,17.7,31.9,27.2,52.8,0.96,3.6,9,0,,ok
TH-02140,2026-07-06,A,17.7,31.0,23.7,46.0,1.93,7.3,8,0,,OK
TH-02141,2026-07-06,B,17.7,,,,17195.9,,16,0,,0
TH-02143,2026-07-06,B,17.7,,,,17940.8,,11,0,,0
TH-02144,2026-07-06,B,17.7,30.8,23.6,,12961.9,,13,0,6021,0
TH-02145,2026-07-06,B,17.7,,,,4836.7,,11,0,,0
TH-02146,2026-07-06,B,17.7,,,,24524.3,,4,0,6021,0
TH-02148,2026-07-06,B,17.7,,,,12926.0,,3,0,6021,0
TH-02149,2026-07-06,B,17.7,,,,8096.0,,5,0,,0
TH-02152,2026-07-06,B,17.7,,,,22540.8,,6,0,,0
TH-02153,2026-07-06,B,17.7,,,,19049.2,,9,0,6021,0
TH-02155,2026-07-06,B,17.7,,,,4512.2,,14,0,6021,0
TH-02158,2026-07-06,B,17.7,,,,7092.3,,6,0,,0
TH-02159,2026-07-06,B,17.7,,,,12093.4,,12,0,,0
TH-02160,2026-07-06,B,17.7,,,,14962.3,,14,0,,0
TH-02161,2026-07-06,B,17.7,,,,8305.2,,3,0,,0
TH-02165,2026-07-06,B,17.7,,,,15129.3,,10,0,6021,0
TH-02166,2026-07-06,B,17.7,,,,17555.4,,7,0,6021,0
TH-02168,2026-07-06,B,17.7,,,,13667.1,,11,0,6021,0
TH-02169,2026-07-06,B,17.7,,,,18485.5,,9,0,,0
TH-02170,2026-07-06,B,17.7,,,,11467.9,,9,0,,0
TH-02171,2026-07-06,B,17.7,,,,14091.3,,2,0,6021,0
TH-02173,2026-07-06,B,17.7,,,,6976.5,,7,0,6021,0
TH-02175,2026-07-06,B,17.7,,,,12079.9,,10,0,,0
TH-02178,2026-07-06,B,17.7,,,,19523.7,,6,0,,0
TH-02180,2026-07-06,B,17.7,,,,11633.4,,2,0,,0
TH-02181,2026-07-06,B,17.7,,,,18766.8,,8,0,,0
TH-02184,2026-07-06,B,17.7,,,,20314.3,,6,0,6021,0
TH-02185,2026-07-06,B,17.7,,,,25245.4,,2,0,6021,0
TH-02187,2026-07-06,B,17.7,,,,13641.8,,7,0,6021,0
TH-02189,2026-07-06,B,17.7,,,,19381.0,,10,0,,0
TH-02190,2026-07-06,B,17.7,,,,24696.2,,7,0,6021,0
TH-02192,2026-07-06,B,17.7,,,,23403.3,,11,0,6021,0
TH-02194,2026-07-06,B,17.7,,,,19027.3,,11,0,6021,0
TH-02195,2026-07-06,B,17.7,,,,14848.8,,12,0,,0
TH-02196,2026-07-06,B,17.7,,,,25242.8,,15,0,,0
TH-02202,2026-07-06,B,17.7,,,,13845.8,,8,0,,0
TH-02206,2026-07-06,B,17.7,,,,17416.2,,6,0,,0
TH-02207,2026-07-06,B,17.7,,,,13698.5,,11,0,,0
TH-02213,2026-07-06,B,17.7,,,,9343.3,,6,0,,0
TH-02214,2026-07-06,B,17.7,,,,9149.5,,3,0,6021,0
TH-02215,2026-07-06,B,17.7,,,,18275.1,,5,0,,0
TH-02216,2026-07-06,B,17.7,,,,17185.5,,7,0,6021,0
TH-02223,2026-07-06,B,17.7,,,,22260.1,,9,0,6021,0
TH-02224,2026-07-06,B,17.7,,,,8776.5,,10,0,,0
TH-02226,2026-07-06,B,17.7,,,,9763.5,,8,0,,0
TH-02228,2026-07-06,B,17.7,,,,23952.5,,8,0,,0
TH-02231,2026-07-06,B,17.7,,,,7599.9,,9,0,6021,0
TH-02235,2026-07-06,B,17.7,,,,22698.6,,9,0,6021,0
TH-02236,2026-07-06,B,17.7,,,,4254.4,,12,0,,0
TH-02238,2026-07-06,B,17.7,,,,7793.8,,12,0,,0
TH-02239,2026-07-06,B,17.7,,,,17230.8,,5,0,,0
TH-02242,2026-07-06,B,17.7,32.7,26.6,,14363.4,,10,0,6021,0
TH-02244,2026-07-06,B,17.7,,,,16894.4,,9,0,6021,0
TH-02246,2026-07-06,B,17.7,,,,15966.9,,12,0,,0
TH-02247,2026-07-06,B,17.7,,,,5501.5,,7,0,,0
TH-02248,2026-07-06,B,17.7,,,,23306.5,,2,0,6021,0
TH-02249,2026-07-06,B,17.7,,,,6911.6,,12,0,,0
TH-02250,2026-07-06,B,17.7,,,,11199.1,,10,0,,0
TH-02251,2026-07-06,B,17.7,,,,24476.0,,11,0,6021,0
TH-02255,2026-07-06,B,17.7,,,,12944.2,,9,0,6021,0
TH-02256,2026-07-06,B,17.7,,,,7869.4,,7,0,6021,0
TH-02257,2026-07-06,B,17.7,,,,21296.8,,8,0,,0
TH-02258,2026-07-06,B,17.7,,,,10370.7,,9,0,3104,2
TH-02259,2026-07-06,B,17.7,,,,12300.9,,5,0,,0
TH-02262,2026-07-06,B,17.7,,,,9197.1,,8,0,6021,0
TH-02265,2026-07-06,B,17.7,,,,22610.2,,15,0,,0
TH-02266,2026-07-06,B,17.7,,,,16133.5,,7,0,6021,0
TH-02267,2026-07-06,B,17.7,,,,11558.3,,10,0,,0
TH-02269,2026-07-06,B,17.7,,,,12416.4,,10,0,6021,0
TH-02271,2026-07-06,B,17.7,,,,4965.1,,8,0,,0
TH-02272,2026-07-06,B,17.7,,,,24869.8,,5,0,6021,0
TH-02275,2026-07-06,B,17.7,,,,12360.6,,10,0,,0
TH-02277,2026-07-06,B,17.7,,,,17902.4,,5,0,1188,2
TH-02278,2026-07-06,B,17.7,,,,14840.3,,4,0,,0
TH-02279,2026-07-06,B,17.7,,,,21109.4,,14,0,,0
TH-02280,2026-07-06,B,17.7,,,,17737.3,,5,0,6021,0
TH-02285,2026-07-06,B,17.7,,,,12845.5,,4,0,,0
TH-02287,2026-07-06,B,17.7,,,,18041.5,,8,0,,0
TH-02288,2026-07-06,B,17.7,,,,5448.9,,11,0,,0
TH-02290,2026-07-06,B,17.7,,,,7336.3,,15,0,6021,0
TH-02292,2026-07-06,C,17.7,,,,1.13,,,0,,OK
TH-02294,2026-07-06,C,17.7,,,50.6,1.63,,,0,,warn
TH-02296,2026-07-06,C,17.7,,,,1.87,,,0,,OK
TH-02297,2026-07-06,C,17.7,,,,1.17,,,0,,warn
TH-02298,2026-07-06,C,17.7,,,,1.48,,,0,,OK
TH-02299,2026-07-06,C,17.7,,,,1.72,,,0,,OK
TH-02300,2026-07-06,C,17.7,,,,1.3,,,0,,
TH-02303,2026-07-06,C,17.7,,,,0.85,,,0,,OK
TH-02304,2026-07-06,C,17.7,,,,1.54,,,0,,OK
TH-02308,2026-07-06,C,17.7,,,,1.58,,,0,,
TH-02311,2026-07-06,C,17.7,,,,1.13,,,0,,warn
TH-02313,2026-07-06,C,17.7,,,,1.51,,,0,,OK
TH-02314,2026-07-06,C,17.7,31.5,,,1.51,,,0,,
TH-02316,2026-07-06,C,17.7,,,,0.95,,,0,,warn
TH-02317,2026-07-06,C,17.7,,,,1.62,,,0,,
TH-02319,2026-07-06,C,17.7,,,,0.81,,,0,,warn
TH-02322,2026-07-06,C,17.7,,,,0.71,,,0,ALM_HP_HP_SWITCH,OK
TH-02323,2026-07-06,C,17.7,,,,1.82,,,0,,warn
TH-02331,2026-07-06,C,17.7,,,,0.81,,,0,,OK
TH-02333,2026-07-06,C,17.7,,,,1.02,,,0,,OK
TH-02334,2026-07-06,C,17.7,,,,1.48,,,0,,warn
TH-02335,2026-07-06,C,17.7,31.4,,,0.73,,,0,,OK
TH-02337,2026-07-06,C,17.7,,,,2.09,,,0,,OK
TH-02338,2026-07-06,C,17.7,,,,1.0,,,0,,
TH-02341,2026-07-06,C,17.7,,,,1.55,,,0,,warn
TH-02343,2026-07-06,C,17.7,,,,1.93,,,0,,warn
TH-02345,2026-07-06,C,17.7,,,,2.14,,,0,,warn
TH-02346,2026-07-06,C,17.7,,,,1.55,,,0,,warn
TH-02347,2026-07-06,C,17.7,,,,1.62,,,0,,warn
TH-02348,2026-07-06,C,17.7,,,,1.52,,,0,,warn
TH-02351,2026-07-06,C,17.7,,,,1.52,,,0,,
TH-02352,2026-07-06,C,17.7,,,,1.7,,,0,,warn
TH-02355,2026-07-06,C,17.7,,,,1.03,,,0,,
TH-02357,2026-07-06,C,17.7,,,,1.52,,,0,,
TH-02358,2026-07-06,C,17.7,,,,1.44,,,0,,OK
TH-02359,2026-07-06,C,17.7,,,,1.51,,,0,,OK
TH-02360,2026-07-06,C,17.7,,,52.7,1.45,,,0,,warn
TH-02363,2026-07-06,C,17.7,,,,1.51,,,0,,warn
TH-02365,2026-07-06,C,17.7,,,,1.32,,,0,,
TH-02366,2026-07-06,C,17.7,,,,1.3,,,0,,warn
TH-02367,2026-07-06,C,17.7,30.7,,,1.47,,,0,,OK
TH-02371,2026-07-06,C,17.7,,,,0.94,,,0,,
TH-02374,2026-07-06,C,17.7,,,,1.07,,,0,,OK
TH-02375,2026-07-06,C,17.7,,,,1.79,,,0,,
TH-02377,2026-07-06,C,17.7,,,,1.41,,,0,,warn
TH-02379,2026-07-06,C,17.7,,,,1.3,,,0,,
TH-02381,2026-07-06,C,17.7,,,,1.68,,,0,,OK
TH-02383,2026-07-06,C,17.7,,,,1.76,,,0,,warn
TH-02384,2026-07-06,C,17.7,,,,1.53,,,0,,OK
TH-02385,2026-07-06,C,17.7,,,,0.8,,,0,,
TH-02387,2026-07-06,C,17.7,,,,0.79,,,0,,
TH-02389,2026-07-06,C,17.7,,,,1.75,,,0,,warn
TH-02395,2026-07-06,C,17.7,,,,1.5,,,0,,OK
TH-02396,2026-07-06,C,17.7,,,,0.92,,,0,,OK
TH-02397,2026-07-06,C,17.7,,,,1.82,,,0,,warn
TH-02398,2026-07-06,C,17.7,,,,1.56,,,0,,warn
TH-02399,2026-07-06,C,17.7,,,,1.26,,,0,,OK
TH-02400,2026-07-06,C,17.7,,,,1.04,,,0,,warn
th-02009,2026-07-06,A,17.7,31.9,25.1,47.6,1.82,7.2,10,0,,ok
th-02015,2026-07-06,A,17.7,31.9,25.0,52.8,1.79,7.4,8,0,,OK
th-02017,2026-07-06,A,17.7,32.6,27.4,46.8,2.17,6.9,7,0,,OK
th-02023,2026-07-06,A,17.7,32.1,26.2,51.7,1.37,5.6,6,0,,OK
th-02040,2026-07-06,A,17.7,31.4,26.0,0,1.63,6.1,7,0,,ok
th-02046,2026-07-06,A,17.7,32.6,27.2,52.7,1.44,5.1,7,0,,OK
th-02049,2026-07-06,A,17.7,31.2,24.1,51.1,1.42,4.5,9,0,,OK
th-02065,2026-07-06,A,17.7,31.9,24.6,52.5,0.99,3.9,6,0,,ok
th-02073,2026-07-06,A,17.7,32.4,25.8,49.9,1.35,5.4,6,0,,OK
th-02075,2026-07-06,A,17.7,31.5,24.3,46.1,1.12,4.7,4,0,,OK
th-02100,2026-07-06,A,17.7,31.9,26.3,52.3,0.94,4.1,9,0,,OK
th-02103,2026-07-06,A,17.7,32.9,27.9,49.1,0.84,3.6,4,0,,OK
th-02120,2026-07-06,A,17.7,32.1,27.5,51.7,0.82,3.3,8,0,,ok
th-02122,2026-07-06,A,17.7,32.3,25.8,49.2,1.84,7.3,11,0,,OK
th-02133,2026-07-06,A,17.7,33.3,28.2,50.6,1.27,5.5,11,0,,ok
th-02176,2026-07-06,B,17.7,,,,5440.6,,5,0,6021,0
th-02177,2026-07-06,B,17.7,,,,12968.1,,8,0,6021,0
th-02182,2026-07-06,B,17.7,,,,20976.1,,13,0,6021,0
th-02188,2026-07-06,B,17.7,,,,24512.9,,9,0,,0
th-02221,2026-07-06,B,17.7,,,,16217.7,,15,0,3104,2
th-02234,2026-07-06,B,17.7,,,,13310.3,,11,0,,0
th-02240,2026-07-06,B,17.7,,,,8070.5,,7,0,,0
th-02245,2026-07-06,B,17.7,,,,14952.9,,7,0,,0
th-02260,2026-07-06,B,17.7,,,,7358.0,,2,0,,0
th-02270,2026-07-06,B,17.7,,,,21952.3,,3,0,6021,0
th-02273,2026-07-06,B,17.7,,,,19824.9,,11,0,,0
th-02286,2026-07-06,B,17.7,,,,7599.1,,7,0,,0
th-02307,2026-07-06,C,17.7,,,,1.96,,,0,,
th-02309,2026-07-06,C,17.7,,,,1.33,,,0,,warn
th-02312,2026-07-06,C,17.7,,,,1.02,,,0,,
th-02324,2026-07-06,C,17.7,,,,0.89,,,0,,
th-02339,2026-07-06,C,17.7,,,,1.63,,,0,,
th-02340,2026-07-06,C,17.7,,,,1.72,,,0,,OK
th-02354,2026-07-06,C,17.7,,,,1.8,,,0,,OK
th-02388,2026-07-06,C,17.7,,,,1.73,,,0,,warn
 TH-02045,2026-07-07,A,17.7,30.9,26.4,50.6,1.51,4.8,8,0,E-104,ok
 TH-02048,2026-07-07,A,17.7,31.3,24.7,52.8,1.6,5.5,11,0,,OK
 TH-02056,2026-07-07,A,17.7,32.4,26.4,46.2,1.84,6.0,3,0,,ok
 TH-02062,2026-07-07,A,17.7,32.6,26.6,50.9,1.24,4.4,8,0,,OK
 TH-02068,2026-07-07,A,17.7,30.8,24.3,50.4,1.71,5.4,9,0,,ok
 TH-02080,2026-07-07,A,17.7,33.0,28.2,46.9,2.04,7.1,12,0,,ok
 TH-02087,2026-07-07,A,17.7,31.2,26.1,46.2,1.88,6.2,9,0,,ok
 TH-02149,2026-07-07,B,17.7,,,,8096.9,,10,0,,0
 TH-02182,2026-07-07,B,17.7,31.1,24.8,,20977.9,,9,0,3104,2
 TH-02288,2026-07-07,B,17.7,,,,5450.1,,4,0,6021,0
 TH-02322,2026-07-07,C,17.7,,,,1.41,,,0,,warn
 TH-02358,2026-07-07,C,17.7,,,,0.88,,,0,,warn
 TH-02359,2026-07-07,C,17.7,,,,1.46,,,0,,OK
 TH-02383,2026-07-07,C,17.7,,,,2.17,,,0,,
 TH-02395,2026-07-07,C,17.7,32.1,,,-2.83,,,0,,warn
TH-02001,2026-07-07,A,17.7,32.4,26.2,47.8,1.06,4.5,11,0,,ok
TH-02002,2026-07-07,A,17.7,32.4,26.5,48.1,0.93,3.1,4,0,,ok
TH-02004,2026-07-07,A,17.7,31.0,25.8,51.5,1.31,4.6,7,0,,ok
TH-02005,2026-07-07,A,17.7,31.1,24.9,47.9,1.29,4.4,6,0,,ok
TH-02006,2026-07-07,A,17.7,31.3,25.0,47.6,1.38,5.7,8,0,E-211,OK
TH-02007,2026-07-07,A,17.7,32.3,26.7,47.2,1.7,5.8,7,0,E-211,warn
TH-02008,2026-07-07,A,17.7,32.7,25.6,0,1.51,5.0,13,0,,ok
TH-02009,2026-07-07,A,17.7,30.6,24.1,48.2,1.14,3.7,9,0,,OK
TH-02011,2026-07-07,A,17.7,33.4,27.6,46.7,1.73,6.3,7,0,,ok
TH-02012,2026-07-07,A,17.7,31.9,24.6,49.2,1.53,5.3,10,0,,ok
TH-02015,2026-07-07,A,17.7,33.3,27.9,46.7,1.19,4.3,10,0,E-317,OK
TH-02016,2026-07-07,A,17.7,31.1,26.1,53.0,2.34,7.3,2,0,,ok
TH-02017,2026-07-07,A,17.7,32.0,27.4,48.3,1.47,6.4,9,0,,OK
TH-02020,2026-07-07,A,17.7,32.8,28.2,52.2,1.01,4.1,9,0,,OK
TH-02021,2026-07-07,A,17.7,32.5,28.0,51.9,-3.74,6.3,2,0,,ok
TH-02023,2026-07-07,A,17.7,31.8,26.1,49.2,1.11,3.7,10,0,,OK
TH-02025,2026-07-07,A,17.7,32.3,27.6,47.8,1.67,7.3,8,0,,OK
TH-02028,2026-07-07,A,17.7,32.2,24.7,53.0,0.87,3.6,3,0,,ok
TH-02030,2026-07-07,A,17.7,33.4,27.6,47.0,1.75,7.0,10,0,,OK
TH-02033,2026-07-07,A,17.7,32.5,27.5,46.3,1.02,3.7,18,0,,ok
TH-02034,2026-07-07,A,17.7,31.1,24.7,49.6,1.91,6.9,10,0,,OK
TH-02035,2026-07-07,A,17.7,32.3,27.4,47.7,1.38,5.9,8,0,,ok
TH-02036,2026-07-07,A,17.7,32.8,26.1,49.7,-3.92,5.0,9,0,,OK
TH-02037,2026-07-07,A,17.7,32.4,25.2,47.4,1.44,5.2,11,0,,OK
TH-02038,2026-07-07,A,17.7,30.6,26.1,48.9,2.1,6.7,9,0,,ok
TH-02044,2026-07-07,A,17.7,31.0,24.6,52.3,1.51,6.6,15,0,,OK
TH-02047,2026-07-07,A,17.7,33.0,26.4,46.1,1.31,5.2,11,0,,OK
TH-02049,2026-07-07,A,17.7,32.4,26.4,46.1,1.92,7.2,11,0,,ok
TH-02050,2026-07-07,A,17.7,31.5,26.7,49.2,1.6,6.4,11,0,,OK
TH-02051,2026-07-07,A,17.7,32.7,27.2,49.1,2.11,6.6,10,0,,ok
TH-02052,2026-07-07,A,17.7,32.1,26.0,48.0,0.74,3.2,10,0,,ok
TH-02054,2026-07-07,A,17.7,32.9,25.7,47.3,1.27,4.0,7,0,,OK
TH-02055,2026-07-07,A,17.7,31.0,23.5,51.6,1.21,3.8,8,0,,ok
TH-02061,2026-07-07,A,17.7,30.6,24.2,50.4,1.41,4.8,7,0,,ok
TH-02063,2026-07-07,A,17.7,30.7,23.8,51.4,0.97,4.2,8,0,,OK
TH-02065,2026-07-07,A,17.7,31.3,25.3,52.2,1.47,5.8,9,0,,ok
TH-02071,2026-07-07,A,17.7,32.1,26.7,49.2,1.23,5.0,10,0,,ok
TH-02072,2026-07-07,A,17.7,31.5,25.5,51.6,1.73,5.4,5,0,,OK
TH-02073,2026-07-07,A,17.7,32.8,27.2,51.3,0.91,3.7,12,0,E-211,ok
TH-02074,2026-07-07,A,17.7,31.6,24.4,51.7,1.17,5.0,8,0,,ok
TH-02075,2026-07-07,A,17.7,30.7,25.3,52.1,1.26,4.1,6,0,,ok
TH-02076,2026-07-07,A,17.7,30.8,26.2,50.2,1.36,4.8,2,0,,OK
TH-02077,2026-07-07,A,17.7,31.5,26.2,48.2,1.08,4.4,11,0,,OK
TH-02078,2026-07-07,A,17.7,33.1,26.7,47.7,2.01,6.7,10,0,,ok
TH-02081,2026-07-07,A,17.7,31.5,25.6,48.0,0.73,3.1,10,0,,OK
TH-02083,2026-07-07,A,17.7,31.3,24.6,49.1,1.39,4.8,12,0,,ok
TH-02086,2026-07-07,A,17.7,33.1,26.9,50.6,1.76,5.9,4,0,,ok
TH-02091,2026-07-07,A,17.7,31.5,26.8,52.8,1.77,7.0,8,0,E-211,ok
TH-02097,2026-07-07,A,17.7,31.5,24.1,48.2,1.96,6.4,7,0,,ok
TH-02098,2026-07-07,A,17.7,32.2,25.6,52.4,1.46,4.9,15,0,,ok
TH-02099,2026-07-07,A,17.7,32.2,27.7,48.4,1.48,6.4,9,0,,OK
TH-02100,2026-07-07,A,17.7,33.4,28.0,48.7,1.83,6.6,12,0,,ok
TH-02101,2026-07-07,A,17.7,30.7,24.4,50.2,1.87,6.1,5,0,,ok
TH-02103,2026-07-07,A,17.7,32.8,26.1,51.5,1.8,6.4,12,0,,OK
TH-02109,2026-07-07,A,17.7,31.2,25.8,52.1,1.71,6.5,11,0,,ok
TH-02111,2026-07-07,A,17.7,31.5,25.1,47.0,1.86,7.4,8,0,,ok
TH-02112,2026-07-07,A,17.7,32.0,24.6,52.5,2.06,7.2,11,0,,OK
TH-02113,2026-07-07,A,17.7,33.3,26.5,48.4,1.0,3.7,5,0,,ok
TH-02118,2026-07-07,A,17.7,30.9,24.0,50.8,0.95,3.8,9,0,,OK
TH-02120,2026-07-07,A,17.7,30.9,24.1,46.6,1.41,5.7,8,0,,ok
TH-02121,2026-07-07,A,17.7,31.3,26.2,48.1,1.42,5.6,12,0,,ok
TH-02122,2026-07-07,A,17.7,32.5,26.2,47.5,1.27,4.1,8,0,E-317,OK
TH-02125,2026-07-07,A,17.7,30.5,24.8,49.1,1.86,6.1,8,0,,OK
TH-02126,2026-07-07,A,17.7,30.5,24.9,46.2,0.71,3.0,11,0,,OK
TH-02127,2026-07-07,A,17.7,32.5,27.9,46.2,1.06,4.4,11,0,,ok
TH-02129,2026-07-07,A,17.7,32.7,26.5,52.4,1.86,6.5,6,0,,OK
TH-02130,2026-07-07,A,17.7,31.0,26.2,47.8,1.85,6.3,7,0,,ok
TH-02132,2026-07-07,A,17.7,33.0,28.4,51.2,1.26,4.0,10,0,E-211,OK
TH-02133,2026-07-07,A,17.7,31.0,24.8,46.1,1.64,6.0,9,0,,ok
TH-02135,2026-07-07,A,17.7,31.1,23.8,48.4,1.4,5.1,10,0,,OK
TH-02137,2026-07-07,A,17.7,31.1,26.1,48.9,1.23,4.1,7,0,,ok
TH-02139,2026-07-07,A,17.7,33.2,28.1,47.9,1.33,5.0,5,0,,OK
TH-02141,2026-07-07,B,17.7,,,,17196.8,,10,0,6021,0
TH-02143,2026-07-07,B,17.7,,,,17941.7,,4,0,6021,0
TH-02144,2026-07-07,B,17.7,33.1,27.8,,12963.2,,5,0,,0
TH-02146,2026-07-07,B,17.7,,,,24525.4,,6,0,,0
TH-02148,2026-07-07,B,17.7,,,,12927.6,,3,0,,0
TH-02152,2026-07-07,B,17.7,,,,22541.9,,5,0,,0
TH-02153,2026-07-07,B,17.7,,,,19051.4,,5,0,,0
TH-02155,2026-07-07,B,17.7,,,,4513.5,,6,0,6021,0
TH-02158,2026-07-07,B,17.7,,,,7093.8,,7,0,6021,0
TH-02159,2026-07-07,B,17.7,,,,12094.2,,8,0,,0
TH-02160,2026-07-07,B,17.7,,,,14963.6,,7,0,,0
TH-02161,2026-07-07,B,17.7,,,,8307.3,,9,0,,0
TH-02162,2026-07-07,B,17.7,,,,14673.3,,7,0,6021,0
TH-02165,2026-07-07,B,17.7,,,,15130.1,,14,0,6021,0
TH-02166,2026-07-07,B,17.7,,,,17557.6,,10,0,,0
TH-02169,2026-07-07,B,17.7,,,,18487.0,,8,0,6021,0
TH-02171,2026-07-07,B,17.7,,,,14093.2,,13,0,,0
TH-02173,2026-07-07,B,17.7,,,,6978.6,,3,0,,0
TH-02175,2026-07-07,B,17.7,,,,12080.7,,16,0,6021,0
TH-02177,2026-07-07,B,17.7,,,,12969.5,,10,0,1188,2
TH-02178,2026-07-07,B,17.7,,,,19524.9,,3,0,6021,0
TH-02180,2026-07-07,B,17.7,,,,11635.3,,8,0,,0
TH-02181,2026-07-07,B,17.7,,,,18768.3,,10,0,,0
TH-02184,2026-07-07,B,17.7,,,,20315.1,,9,0,,0
TH-02187,2026-07-07,B,17.7,,,,13643.3,,8,0,6021,0
TH-02188,2026-07-07,B,17.7,,,,24513.9,,4,0,6021,0
TH-02189,2026-07-07,B,17.7,,,,19382.3,,7,0,6021,0
TH-02190,2026-07-07,B,17.7,,,,24697.4,,8,0,,0
TH-02194,2026-07-07,B,17.7,,,,19028.4,,10,0,,0
TH-02196,2026-07-07,B,17.7,,,,25244.4,,5,0,,0
TH-02206,2026-07-07,B,17.7,,,,17417.9,,7,0,6021,0
TH-02213,2026-07-07,B,17.7,,,,9344.7,,7,0,,0
TH-02214,2026-07-07,B,17.7,,,,9151.3,,15,0,,0
TH-02215,2026-07-07,B,17.7,,,,18276.8,,9,0,6021,0
TH-02216,2026-07-07,B,17.7,,,,17186.4,,12,0,,0
TH-02221,2026-07-07,B,17.7,,,,16219.6,,11,0,3104,2
TH-02226,2026-07-07,B,17.7,,,,9764.8,,9,0,6021,0
TH-02228,2026-07-07,B,17.7,,,,23953.5,,8,0,,0
TH-02231,2026-07-07,B,17.7,,,,7600.9,,14,0,6021,0
TH-02234,2026-07-07,B,17.7,,,,13312.0,,5,0,6021,0
TH-02235,2026-07-07,B,17.7,,,,22700.2,,11,0,3104,2
TH-02236,2026-07-07,B,17.7,,,,4255.8,,9,0,,0
TH-02238,2026-07-07,B,17.7,,,,7795.3,,7,0,6021,0
TH-02239,2026-07-07,B,17.7,,,,17231.7,,15,0,,0
TH-02240,2026-07-07,B,17.7,,,,8072.1,,7,0,,0
TH-02242,2026-07-07,B,17.7,,,,14364.9,,4,0,,0
TH-02243,2026-07-07,B,17.7,,,,11700.6,,4,0,6021,0
TH-02244,2026-07-07,B,17.7,,,,16896.1,,6,0,6021,0
TH-02245,2026-07-07,B,17.7,,,,14953.9,,8,0,,0
TH-02247,2026-07-07,B,17.7,,,,5502.9,,8,0,1188,2
TH-02248,2026-07-07,B,17.7,,,,23308.1,,13,0,6021,0
TH-02249,2026-07-07,B,17.7,,,,6913.1,,9,0,,0
TH-02250,2026-07-07,B,17.7,,,,11201.3,,4,0,,0
TH-02251,2026-07-07,B,17.7,,,,24477.7,,4,0,,0
TH-02255,2026-07-07,B,17.7,,,,12946.3,,11,0,,0
TH-02256,2026-07-07,B,17.7,,,,7871.0,,16,0,,0
TH-02257,2026-07-07,B,17.7,,,,21298.5,,11,0,,0
TH-02258,2026-07-07,B,17.7,,,,10372.7,,11,0,,0
TH-02259,2026-07-07,B,17.7,,,,12302.2,,9,0,,0
TH-02260,2026-07-07,B,17.7,,,,7359.3,,8,0,,0
TH-02262,2026-07-07,B,17.7,,,,9198.9,,8,0,1188,2
TH-02265,2026-07-07,B,17.7,,,,22612.1,,17,0,3104,2
TH-02266,2026-07-07,B,17.7,,,,16135.3,,6,0,,0
TH-02267,2026-07-07,B,17.7,,,,11559.8,,12,0,6021,0
TH-02268,2026-07-07,B,17.7,,,,23843.4,,13,0,,0
TH-02269,2026-07-07,B,17.7,,,,12418.0,,2,0,6021,0
TH-02270,2026-07-07,B,17.7,,,,21953.4,,13,0,6021,0
TH-02271,2026-07-07,B,17.7,,,,4965.9,,9,0,6021,0
TH-02273,2026-07-07,B,17.7,,,,19825.9,,6,0,6021,0
TH-02275,2026-07-07,B,17.7,,,,12361.5,,10,0,6021,0
TH-02277,2026-07-07,B,17.7,,,,17903.5,,9,0,6021,0
TH-02278,2026-07-07,B,17.7,,,,14841.9,,6,0,6021,0
TH-02279,2026-07-07,B,17.7,,,,21110.2,,5,0,6021,0
TH-02281,2026-07-07,B,17.7,,,,4273.7,,6,0,,0
TH-02283,2026-07-07,B,17.7,,,,21365.1,,11,0,6021,0
TH-02285,2026-07-07,B,17.7,,,,12847.0,,3,0,6021,0
TH-02286,2026-07-07,B,17.7,,,,7600.9,,9,0,,0
TH-02287,2026-07-07,B,17.7,,,,18043.4,,14,0,,0
TH-02290,2026-07-07,B,17.7,,,,7337.6,,18,0,3104,2
TH-02292,2026-07-07,C,17.7,,,,1.63,,,0,,
TH-02294,2026-07-07,C,17.7,,,,0.91,,,0,,warn
TH-02296,2026-07-07,C,17.7,,,,1.43,,,0,,
TH-02297,2026-07-07,C,17.7,,,,1.33,,,0,,warn
TH-02298,2026-07-07,C,17.7,,,,0.97,,,0,,
TH-02299,2026-07-07,C,17.7,,,,1.51,,,0,,
TH-02302,2026-07-07,C,17.7,,,,1.77,,,0,,
TH-02303,2026-07-07,C,17.7,,,,1.22,,,0,,warn
TH-02304,2026-07-07,C,17.7,,,,1.91,,,0,,
TH-02307,2026-07-07,C,17.7,,,,1.66,,,0,,warn
TH-02308,2026-07-07,C,17.7,,,,0.96,,,0,,OK
TH-02309,2026-07-07,C,17.7,,,,1.55,,,0,,
TH-02311,2026-07-07,C,17.7,,,47.3,1.97,,,0,,OK
TH-02312,2026-07-07,C,17.7,,,,0.9,,,0,,OK
TH-02313,2026-07-07,C,17.7,,,,1.15,,,0,,warn
TH-02314,2026-07-07,C,17.7,,,,1.86,,,0,,
TH-02316,2026-07-07,C,17.7,,,,0.86,,,0,,warn
TH-02317,2026-07-07,C,17.7,,,,1.0,,,0,,warn
TH-02319,2026-07-07,C,17.7,,,,1.11,,,0,,OK
TH-02323,2026-07-07,C,17.7,,,,1.28,,,0,,warn
TH-02324,2026-07-07,C,17.7,,,,1.45,,,0,,OK
TH-02331,2026-07-07,C,17.7,,,,1.39,,,0,,OK
TH-02333,2026-07-07,C,17.7,,,,1.32,,,0,,OK
TH-02336,2026-07-07,C,17.7,,,,1.99,,,0,,
TH-02337,2026-07-07,C,17.7,,,,1.37,,,0,,OK
TH-02338,2026-07-07,C,17.7,,,,1.19,,,0,,warn
TH-02339,2026-07-07,C,17.7,,,,1.64,,,0,,warn
TH-02340,2026-07-07,C,17.7,,,,0.97,,,0,,OK
TH-02341,2026-07-07,C,17.7,,,50.1,1.9,,,0,,warn
TH-02342,2026-07-07,C,17.7,,,,1.86,,,0,,
TH-02343,2026-07-07,C,17.7,,,,1.59,,,0,,OK
TH-02344,2026-07-07,C,17.7,31.3,,,1.59,,,0,,
TH-02345,2026-07-07,C,17.7,,,,1.02,,,0,,OK
TH-02346,2026-07-07,C,17.7,,,,1.66,,,0,,warn
TH-02347,2026-07-07,C,17.7,,,,1.72,,,0,,warn
TH-02348,2026-07-07,C,17.7,,,,1.88,,,0,,
TH-02351,2026-07-07,C,17.7,,,,1.75,,,0,,OK
TH-02357,2026-07-07,C,17.7,,,,1.26,,,0,,
TH-02360,2026-07-07,C,17.7,,,,1.98,,,0,,warn
TH-02361,2026-07-07,C,17.7,,,,0.9,,,0,,OK
TH-02363,2026-07-07,C,17.7,,,,1.47,,,0,,OK
TH-02365,2026-07-07,C,17.7,,,,1.88,,,0,,warn
TH-02366,2026-07-07,C,17.7,,,,1.98,,,0,,OK
TH-02367,2026-07-07,C,17.7,,,,1.23,,,0,,OK
TH-02371,2026-07-07,C,17.7,,,,1.55,,,0,,warn
TH-02374,2026-07-07,C,17.7,,,,1.71,,,0,,warn
TH-02375,2026-07-07,C,17.7,,,,1.42,,,0,,warn
TH-02377,2026-07-07,C,17.7,,,,0.84,,,0,,
TH-02380,2026-07-07,C,17.7,,,,1.15,,,0,,
TH-02381,2026-07-07,C,17.7,32.5,,,0.95,,,0,,
TH-02385,2026-07-07,C,17.7,,,,1.46,,,0,,warn
TH-02388,2026-07-07,C,17.7,,,,1.97,,,0,,warn
TH-02389,2026-07-07,C,17.7,,,,1.2,,,0,,OK
TH-02393,2026-07-07,C,17.7,,,,1.36,,,0,,
TH-02397,2026-07-07,C,17.7,,,,1.03,,,0,,OK
TH-02398,2026-07-07,C,17.7,,,,1.18,,,0,,
TH-02399,2026-07-07,C,17.7,,,,1.21,,,0,,
TH-02400,2026-07-07,C,17.7,,,,1.43,,,0,,OK
TH-90000,2026-07-07,C,17.7,,,,10.01,,,0,,OK
TH-90001,2026-07-07,C,17.7,,,,12.57,,,0,,OK
TH-90002,2026-07-07,C,17.7,,,,3.44,,,0,,OK
TH-90003,2026-07-07,C,17.7,,,,10.9,,,0,,OK
TH-90004,2026-07-07,C,17.7,,,,2.33,,,0,,OK
th-02019,2026-07-07,A,17.7,31.9,26.0,48.5,1.88,6.0,11,0,,OK
th-02032,2026-07-07,A,17.7,30.6,25.8,49.8,1.09,3.7,4,0,,ok
th-02040,2026-07-07,A,17.7,33.4,26.1,48.3,2.08,6.7,10,0,,OK
th-02046,2026-07-07,A,17.7,31.8,27.2,50.5,1.71,7.0,8,0,,OK
th-02084,2026-07-07,A,17.7,31.5,26.3,51.3,1.16,5.0,2,0,,ok
th-02085,2026-07-07,A,17.7,32.1,26.6,47.6,0.92,3.3,9,0,,ok
th-02090,2026-07-07,A,17.7,30.8,23.5,51.5,1.91,7.3,10,0,,ok
th-02094,2026-07-07,A,17.7,32.6,27.3,52.8,1.76,7.1,12,0,E-211,ok
th-02095,2026-07-07,A,17.7,32.9,27.7,48.8,1.18,5.0,12,0,,OK
th-02114,2026-07-07,A,17.7,33.3,27.3,46.2,2.2,7.3,5,0,,ok
th-02124,2026-07-07,A,17.7,30.5,24.5,47.1,0.89,3.7,13,0,,ok
th-02134,2026-07-07,A,17.7,32.9,28.3,51.6,0.95,3.2,6,0,,OK
th-02136,2026-07-07,A,17.7,31.4,24.7,50.1,1.06,3.8,7,0,,ok
th-02138,2026-07-07,A,17.7,33.0,27.7,47.3,0.8,3.3,12,0,,OK
th-02145,2026-07-07,B,17.7,,,,4838.2,,11,0,6021,0
th-02168,2026-07-07,B,17.7,,,,13668.1,,10,0,6021,0
th-02170,2026-07-07,B,17.7,,,,11469.4,,6,0,,0
th-02176,2026-07-07,B,17.7,,,,5441.9,,12,0,,0
th-02185,2026-07-07,B,17.7,,,,25247.4,,9,0,,0
th-02192,2026-07-07,B,17.7,,,,23404.3,,8,0,,0
th-02195,2026-07-07,B,17.7,,,,14850.3,,14,0,3104,2
th-02202,2026-07-07,B,17.7,,,,13846.8,,9,0,1188,2
th-02204,2026-07-07,B,17.7,,,,5204.8,,8,0,6021,0
th-02207,2026-07-07,B,17.7,,,,13700.5,,12,0,,0
th-02223,2026-07-07,B,17.7,,,,22261.2,,11,0,6021,0
th-02224,2026-07-07,B,17.7,,,,8777.3,,9,0,,0
th-02230,2026-07-07,B,17.7,,,,25648.8,,10,0,6021,0
th-02246,2026-07-07,B,17.7,,,,15968.4,,12,0,,0
th-02272,2026-07-07,B,17.7,,,,24870.6,,8,0,6021,0
th-02280,2026-07-07,B,17.7,,,,17738.5,,14,0,6021,0
th-02300,2026-07-07,C,17.7,,,,0.91,,,0,,warn
th-02334,2026-07-07,C,17.7,,,,1.35,,,0,,warn
th-02335,2026-07-07,C,17.7,,,,1.1,,,0,,
th-02352,2026-07-07,C,17.7,,,,1.43,,,0,,warn
th-02354,2026-07-07,C,17.7,,,,1.49,,,0,,
th-02355,2026-07-07,C,17.7,,,50.5,1.38,,,0,,warn
th-02379,2026-07-07,C,17.7,,,,2.12,,,0,,
th-02384,2026-07-07,C,17.7,,,,1.45,,,0,,OK
th-02387,2026-07-07,C,17.7,,,,1.34,,,0,,
th-02396,2026-07-07,C,17.7,,,,2.14,,,0,ALM_SM_LINK,
 TH-02001,2026-07-08,A,17.5,30.8,25.8,50.5,1.41,5.4,13,0,,ok
 TH-02033,2026-07-08,A,17.5,31.7,26.1,49.7,1.77,7.4,9,0,,OK
 TH-02077,2026-07-08,A,17.5,-999,25.7,50.7,2.16,7.1,14,0,,OK
 TH-02126,2026-07-08,A,17.5,32.3,26.8,50.3,1.26,4.4,15,0,,OK
 TH-02136,2026-07-08,A,17.5,31.3,24.0,46.6,2.14,6.7,8,0,,ok
 TH-02141,2026-07-08,B,17.5,,,,17198.1,,10,0,,0
 TH-02169,2026-07-08,B,17.5,,,,18487.9,,6,0,6021,0
 TH-02181,2026-07-08,B,17.5,,,,18769.4,,9,0,6021,0
 TH-02196,2026-07-08,B,17.5,,,,25245.8,,11,0,,0
 TH-02221,2026-07-08,B,17.5,,,,16221.4,,23,0,3104,2
 TH-02249,2026-07-08,B,17.5,,,,6914.4,,9,0,,0
 TH-02250,2026-07-08,B,17.5,,,,11203.0,,12,0,,0
 TH-02256,2026-07-08,B,17.5,,,,7872.1,,7,0,,0
 TH-02286,2026-07-08,B,17.5,,,,7602.5,,2,0,,0
 TH-02296,2026-07-08,C,17.5,,,,0.87,,,0,,warn
 TH-02300,2026-07-08,C,17.5,,,,2.26,,,0,,
 TH-02339,2026-07-08,C,17.5,33.3,,,1.58,,,0,,
 TH-02371,2026-07-08,C,17.5,,,,1.28,,,0,,warn
 TH-02384,2026-07-08,C,17.5,,,,1.2,,,0,,warn
TH-02002,2026-07-08,A,17.5,33.2,27.5,50.1,1.74,5.8,9,0,,ok
TH-02004,2026-07-08,A,17.5,33.2,27.4,50.8,1.65,5.5,11,0,,OK
TH-02005,2026-07-08,A,17.5,32.1,25.4,49.4,1.2,4.2,6,0,,OK
TH-02006,2026-07-08,A,17.5,32.5,26.2,47.1,1.8,6.7,7,0,E-211,ok
TH-02007,2026-07-08,A,17.5,33.0,27.8,47.9,1.5,5.4,4,0,E-211,warn
TH-02008,2026-07-08,A,17.5,31.9,25.0,48.6,1.28,5.5,9,0,,ok
TH-02009,2026-07-08,A,17.5,32.2,27.1,48.2,2.36,7.4,13,0,,OK
TH-02011,2026-07-08,A,17.5,31.9,25.2,47.7,1.24,5.1,9,0,,OK
TH-02012,2026-07-08,A,17.5,31.3,26.1,46.1,1.47,6.2,8,0,,OK
TH-02015,2026-07-08,A,17.5,30.5,23.6,47.2,2.17,7.2,4,0,,OK
TH-02016,2026-07-08,A,17.5,33.1,26.1,52.5,1.2,5.1,2,0,,ok
TH-02017,2026-07-08,A,17.5,31.2,26.4,48.6,1.9,6.6,9,0,,OK
TH-02020,2026-07-08,A,17.5,31.7,27.0,50.6,1.68,5.4,5,0,,ok
TH-02023,2026-07-08,A,17.5,31.2,25.9,49.9,1.23,4.1,9,0,,OK
TH-02025,2026-07-08,A,17.5,33.2,27.8,49.4,1.5,4.8,9,0,,OK
TH-02028,2026-07-08,A,17.5,32.1,27.4,51.1,1.27,5.5,8,0,,ok
TH-02030,2026-07-08,A,17.5,33.1,26.6,47.3,0.93,3.3,6,0,,ok
TH-02031,2026-07-08,A,17.5,32.6,27.5,48.5,0.9,3.8,10,0,,ok
TH-02032,2026-07-08,A,17.5,32.4,25.8,48.7,1.0,3.1,11,0,,ok
TH-02034,2026-07-08,A,17.5,31.5,24.1,51.8,0.71,3.0,7,0,,ok
TH-02035,2026-07-08,A,17.5,31.1,26.5,52.2,1.1,3.5,11,0,,ok
TH-02036,2026-07-08,A,17.5,30.7,24.5,47.6,0.82,3.5,8,0,,ok
TH-02037,2026-07-08,A,17.5,32.5,25.1,49.5,1.9,6.9,9,0,,OK
TH-02038,2026-07-08,A,17.5,31.5,26.0,47.3,1.37,5.1,7,0,E-211,OK
TH-02040,2026-07-08,A,17.5,31.5,24.2,51.0,1.24,4.2,13,0,,OK
TH-02044,2026-07-08,A,17.5,30.7,23.9,48.1,2.03,7.0,7,0,,ok
TH-02045,2026-07-08,A,17.5,31.0,26.4,50.1,2.19,7.0,11,0,,OK
TH-02047,2026-07-08,A,17.5,32.2,24.8,49.6,1.22,5.3,8,0,,OK
TH-02048,2026-07-08,A,17.5,31.3,24.7,47.2,1.24,4.0,8,0,,OK
TH-02049,2026-07-08,A,17.5,32.9,27.6,46.6,1.58,5.5,8,0,,OK
TH-02051,2026-07-08,A,17.5,32.0,25.1,50.2,1.1,4.4,10,0,,ok
TH-02052,2026-07-08,A,17.5,33.1,27.7,51.8,1.09,4.3,7,0,E-317,ok
TH-02053,2026-07-08,A,17.5,31.9,24.9,49.5,1.28,5.3,11,0,,OK
TH-02054,2026-07-08,A,17.5,32.5,25.0,52.1,1.55,6.8,7,0,,ok
TH-02056,2026-07-08,A,17.5,30.9,26.2,48.2,1.16,4.0,9,0,,ok
TH-02061,2026-07-08,A,17.5,33.5,28.1,51.5,1.76,7.0,9,0,,ok
TH-02062,2026-07-08,A,17.5,32.7,27.4,47.2,1.28,5.6,9,0,,OK
TH-02063,2026-07-08,A,17.5,30.6,23.5,52.5,1.32,4.7,7,0,,OK
TH-02065,2026-07-08,A,17.5,33.4,27.0,50.9,1.14,4.6,10,0,,OK
TH-02068,2026-07-08,A,17.5,33.5,26.6,50.7,1.79,6.0,10,0,,ok
TH-02071,2026-07-08,A,17.5,31.8,24.7,47.4,1.92,6.1,11,0,,OK
TH-02072,2026-07-08,A,17.5,32.5,25.7,52.8,1.19,3.7,10,0,,ok
TH-02073,2026-07-08,A,17.5,30.6,24.5,48.4,1.72,6.8,7,0,,ok
TH-02074,2026-07-08,A,17.5,33.2,28.4,51.7,1.6,6.9,9,0,,OK
TH-02075,2026-07-08,A,17.5,31.1,25.0,50.4,1.27,5.3,5,0,,ok
TH-02076,2026-07-08,A,17.5,31.1,23.6,46.3,0.82,3.3,9,0,,OK
TH-02078,2026-07-08,A,17.5,32.1,27.3,47.5,0.75,3.1,14,0,,OK
TH-02080,2026-07-08,A,17.5,31.9,25.6,48.6,1.82,7.5,11,0,,ok
TH-02081,2026-07-08,A,17.5,31.4,24.4,51.7,2.14,6.8,11,0,,OK
TH-02083,2026-07-08,A,17.5,32.7,25.5,51.6,1.33,4.6,10,0,,ok
TH-02084,2026-07-08,A,17.5,32.6,25.9,46.2,0.98,4.2,10,0,,ok
TH-02086,2026-07-08,A,17.5,30.5,24.0,50.2,1.22,4.3,2,0,,ok
TH-02087,2026-07-08,A,17.5,33.2,27.2,49.2,1.98,6.3,9,0,,OK
TH-02091,2026-07-08,A,17.5,32.0,26.3,52.1,1.58,5.3,8,0,E-211,warn
TH-02093,2026-07-08,A,17.5,32.1,24.8,47.0,2.21,7.1,11,0,,OK
TH-02094,2026-07-08,A,17.5,31.6,24.6,49.3,0.92,3.9,11,0,,OK
TH-02095,2026-07-08,A,17.5,31.9,25.7,51.7,1.65,5.5,8,0,,ok
TH-02097,2026-07-08,A,17.5,33.2,27.0,47.9,0.73,3.1,13,0,,OK
TH-02098,2026-07-08,A,17.5,32.2,25.9,47.3,1.24,3.9,12,0,,OK
TH-02100,2026-07-08,A,17.5,32.8,25.7,47.8,1.28,4.9,8,0,,OK
TH-02101,2026-07-08,A,17.5,31.5,25.7,47.7,1.27,5.2,10,0,E-505,ok
TH-02103,2026-07-08,A,17.5,31.7,25.2,46.2,1.18,4.7,10,0,E-505,OK
TH-02109,2026-07-08,A,17.5,30.8,24.9,47.6,0.92,3.1,13,0,,OK
TH-02111,2026-07-08,A,17.5,31.0,24.6,52.9,0.95,4.0,9,0,,OK
TH-02112,2026-07-08,A,17.5,30.8,25.7,52.1,1.42,5.2,11,0,,ok
TH-02114,2026-07-08,A,17.5,31.3,25.6,49.9,1.71,5.9,8,0,,OK
TH-02118,2026-07-08,A,17.5,31.8,26.4,47.7,1.54,5.9,9,0,,OK
TH-02120,2026-07-08,A,17.5,30.9,23.4,52.5,1.3,5.1,9,0,,OK
TH-02121,2026-07-08,A,17.5,33.4,26.8,50.0,1.23,4.0,7,0,,OK
TH-02122,2026-07-08,A,17.5,32.5,27.9,49.8,1.45,5.0,5,0,,OK
TH-02124,2026-07-08,A,17.5,32.8,28.2,49.7,1.67,6.4,5,0,,ok
TH-02125,2026-07-08,A,17.5,32.6,26.5,48.8,0.78,3.2,11,0,,OK
TH-02127,2026-07-08,A,17.5,32.7,26.3,50.9,1.28,5.5,12,0,,OK
TH-02129,2026-07-08,A,17.5,30.6,23.1,46.5,1.9,7.4,11,0,,OK
TH-02132,2026-07-08,A,17.5,33.4,28.6,47.0,0.83,3.2,11,0,,ok
TH-02133,2026-07-08,A,17.5,32.5,26.0,49.0,1.01,4.2,7,0,,OK
TH-02134,2026-07-08,A,17.5,30.5,25.6,51.5,0.87,3.1,8,0,,OK
TH-02135,2026-07-08,A,17.5,33.1,26.2,52.0,2.13,7.3,4,0,,ok
TH-02137,2026-07-08,A,17.5,32.5,26.9,47.2,1.69,5.6,7,0,,ok
TH-02139,2026-07-08,A,17.5,31.7,26.6,49.6,1.7,7.4,7,0,,OK
TH-02140,2026-07-08,A,17.5,31.7,27.1,51.0,0.99,3.7,8,0,,ok
TH-02145,2026-07-08,B,17.5,31.0,26.1,,4839.8,,8,0,6021,0
TH-02146,2026-07-08,B,17.5,31.3,25.1,,24526.6,,12,0,6021,0
TH-02148,2026-07-08,B,17.5,,,,12928.4,,10,0,,0
TH-02149,2026-07-08,B,17.5,,,,8098.4,,4,0,6021,0
TH-02152,2026-07-08,B,17.5,,,,22544.0,,9,0,,0
TH-02153,2026-07-08,B,17.5,,,,19053.1,,14,0,,0
TH-02155,2026-07-08,B,17.5,,,,4515.2,,7,0,6021,0
TH-02158,2026-07-08,B,17.5,33.4,26.1,,7095.8,,9,0,,0
TH-02159,2026-07-08,B,17.5,,,,12095.8,,7,0,,0
TH-02160,2026-07-08,B,17.5,,,,14965.7,,6,0,6021,0
TH-02161,2026-07-08,B,17.5,,,,8308.4,,11,0,,0
TH-02162,2026-07-08,B,17.5,,,,14674.6,,8,0,6021,0
TH-02165,2026-07-08,B,17.5,,,,15131.7,,9,0,6021,0
TH-02166,2026-07-08,B,17.5,,,,17559.3,,6,0,6021,0
TH-02168,2026-07-08,B,17.5,,,,13669.1,,5,0,6021,0
TH-02171,2026-07-08,B,17.5,,,,14094.2,,10,0,,0
TH-02173,2026-07-08,B,17.5,,,,6979.8,,12,0,6021,0
TH-02175,2026-07-08,B,17.5,,,,12082.5,,7,0,,0
TH-02176,2026-07-08,B,17.5,,,,5443.1,,13,0,6021,0
TH-02177,2026-07-08,B,17.5,,,,12970.6,,12,0,6021,0
TH-02178,2026-07-08,B,17.5,,,,19526.6,,9,0,,0
TH-02180,2026-07-08,B,17.5,,,,11636.3,,8,0,6021,0
TH-02182,2026-07-08,B,17.5,,,,20979.4,,16,0,3104,2
TH-02184,2026-07-08,B,17.5,,,,20316.1,,7,0,,0
TH-02185,2026-07-08,B,17.5,,,,25248.9,,13,0,6021,0
TH-02187,2026-07-08,B,17.5,,,,13644.7,,13,0,3104,2
TH-02188,2026-07-08,B,17.5,,,,24515.2,,8,0,6021,0
TH-02189,2026-07-08,B,17.5,,,,19383.8,,9,0,6021,0
TH-02190,2026-07-08,B,17.5,,,,24698.9,,7,0,,0
TH-02194,2026-07-08,B,17.5,,,,19030.1,,12,0,,0
TH-02195,2026-07-08,B,17.5,,,,14852.2,,14,0,6021,0
TH-02202,2026-07-08,B,17.5,32.4,27.8,,13848.5,,8,0,,0
TH-02204,2026-07-08,B,17.5,,,,5206.4,,12,0,,0
TH-02206,2026-07-08,B,17.5,,,,17419.3,,8,0,6021,0
TH-02207,2026-07-08,B,17.5,,,,13701.7,,6,0,,0
TH-02214,2026-07-08,B,17.5,,,,9152.2,,2,0,,0
TH-02216,2026-07-08,B,17.5,,,,17187.8,,9,0,6021,0
TH-02223,2026-07-08,B,17.5,,,,22262.1,,5,0,6021,0
TH-02224,2026-07-08,B,17.5,,,,8778.2,,15,0,,0
TH-02226,2026-07-08,B,17.5,,,,9766.0,,5,0,,0
TH-02230,2026-07-08,B,17.5,31.7,26.4,,25649.9,,6,0,7702,2
TH-02231,2026-07-08,B,17.5,,,,7601.9,,8,0,6021,0
TH-02234,2026-07-08,B,17.5,,,,13313.2,,11,0,,0
TH-02235,2026-07-08,B,17.5,,,,22701.9,,10,0,,0
TH-02236,2026-07-08,B,17.5,,,,4257.2,,12,0,6021,0
TH-02238,2026-07-08,B,17.5,,,,7797.5,,10,0,,0
TH-02239,2026-07-08,B,17.5,,,,17233.8,,8,0,6021,0
TH-02242,2026-07-08,B,17.5,,,,14366.1,,12,0,6021,0
TH-02244,2026-07-08,B,17.5,,,,16897.5,,3,0,,0
TH-02245,2026-07-08,B,17.5,,,,14956.0,,13,0,6021,0
TH-02246,2026-07-08,B,17.5,,,,15970.4,,5,0,,0
TH-02247,2026-07-08,B,17.5,,,,5503.8,,8,0,,0
TH-02248,2026-07-08,B,17.5,,,,23308.9,,7,0,,0
TH-02251,2026-07-08,B,17.5,,,,24479.5,,8,0,6021,0
TH-02255,2026-07-08,B,17.5,,,,12948.2,,9,0,6021,0
TH-02257,2026-07-08,B,17.5,,,,21300.2,,5,0,6021,0
TH-02259,2026-07-08,B,17.5,,,,12302.9,,4,0,6021,0
TH-02260,2026-07-08,B,17.5,,,,7360.2,,7,0,,0
TH-02262,2026-07-08,B,17.5,,,,9200.4,,14,0,,0
TH-02265,2026-07-08,B,17.5,,,,22613.6,,18,0,6021,0
TH-02266,2026-07-08,B,17.5,,,,16137.1,,13,0,,0
TH-02267,2026-07-08,B,17.5,,,,11560.9,,10,0,,0
TH-02268,2026-07-08,B,17.5,,,,23844.9,,8,0,,0
TH-02269,2026-07-08,B,17.5,,,,12419.7,,11,0,,0
TH-02270,2026-07-08,B,17.5,,,,21954.7,,6,0,6021,0
TH-02271,2026-07-08,B,17.5,,,,4967.6,,7,0,6021,0
TH-02272,2026-07-08,B,17.5,,,,24872.0,,10,0,,0
TH-02273,2026-07-08,B,17.5,,,,19826.9,,10,0,6021,0
TH-02275,2026-07-08,B,17.5,,,,12363.7,,8,0,6021,0
TH-02278,2026-07-08,B,17.5,,,,14843.1,,10,0,6021,0
TH-02279,2026-07-08,B,17.5,,,,21112.1,,5,0,7702,2
TH-02280,2026-07-08,B,17.5,,,,17739.7,,10,0,3104,2
TH-02281,2026-07-08,B,17.5,,,,4275.3,,8,0,6021,0
TH-02283,2026-07-08,B,17.5,,,,21366.8,,4,0,6021,0
TH-02285,2026-07-08,B,17.5,,,,12848.4,,14,0,,0
TH-02287,2026-07-08,B,17.5,,,,18044.3,,11,0,,0
TH-02290,2026-07-08,B,17.5,,,,7338.5,,18,0,,0
TH-02292,2026-07-08,C,17.5,,,,1.52,,,0,,
TH-02294,2026-07-08,C,17.5,,,,1.23,,,0,,OK
TH-02298,2026-07-08,C,17.5,,,,0.84,,,0,,warn
TH-02299,2026-07-08,C,17.5,,,,1.68,,,0,,
TH-02302,2026-07-08,C,17.5,,,52.1,1.49,,,0,,OK
TH-02304,2026-07-08,C,17.5,,,,0.91,,,0,,
TH-02307,2026-07-08,C,17.5,,,,1.11,,,0,,
TH-02308,2026-07-08,C,17.5,,,,1.43,,,0,,warn
TH-02312,2026-07-08,C,17.5,,,,1.16,,,0,,OK
TH-02313,2026-07-08,C,17.5,,,,0.9,,,0,,warn
TH-02314,2026-07-08,C,17.5,,,,0.76,,,0,,warn
TH-02316,2026-07-08,C,17.5,,,,0.84,,,0,,
TH-02317,2026-07-08,C,17.5,,,,1.1,,,0,,
TH-02319,2026-07-08,C,17.5,,,,1.65,,,0,,warn
TH-02322,2026-07-08,C,17.5,,,,1.21,,,0,,OK
TH-02324,2026-07-08,C,17.5,,,,1.44,,,0,,OK
TH-02331,2026-07-08,C,17.5,,,,1.45,,,0,,OK
TH-02333,2026-07-08,C,17.5,,,,1.19,,,0,,OK
TH-02334,2026-07-08,C,17.5,,,,1.25,,,0,,
TH-02335,2026-07-08,C,17.5,,,,1.5,,,0,,warn
TH-02336,2026-07-08,C,17.5,,,,2.08,,,0,,warn
TH-02337,2026-07-08,C,17.5,,,,1.73,,,0,,warn
TH-02340,2026-07-08,C,17.5,,,,1.3,,,0,,OK
TH-02341,2026-07-08,C,17.5,,,,1.16,,,0,,
TH-02342,2026-07-08,C,17.5,,,,0.95,,,0,,OK
TH-02343,2026-07-08,C,17.5,,,,1.11,,,0,,
TH-02344,2026-07-08,C,17.5,,,,1.42,,,0,,warn
TH-02346,2026-07-08,C,17.5,,,,1.49,,,0,,warn
TH-02347,2026-07-08,C,17.5,,,,0.8,,,0,,warn
TH-02351,2026-07-08,C,17.5,,,,1.61,,,0,,OK
TH-02352,2026-07-08,C,17.5,,,,1.61,,,0,,
TH-02354,2026-07-08,C,17.5,,,,2.24,,,0,,OK
TH-02355,2026-07-08,C,17.5,,,,1.51,,,0,,OK
TH-02357,2026-07-08,C,17.5,,,,2.36,,,0,,OK
TH-02358,2026-07-08,C,17.5,,,,1.13,,,0,,warn
TH-02359,2026-07-08,C,17.5,,,,0.9,,,0,,OK
TH-02360,2026-07-08,C,17.5,,,,1.55,,,0,,OK
TH-02361,2026-07-08,C,17.5,,,,1.2,,,0,,warn
TH-02363,2026-07-08,C,17.5,,,,1.11,,,0,,OK
TH-02365,2026-07-08,C,17.5,,,,1.32,,,0,ALM_SM_LINK,
TH-02366,2026-07-08,C,17.5,,,,2.09,,,0,,OK
TH-02367,2026-07-08,C,17.5,,,,1.81,,,0,,OK
TH-02374,2026-07-08,C,17.5,,,,1.79,,,0,,OK
TH-02375,2026-07-08,C,17.5,,,,0.99,,,0,,
TH-02377,2026-07-08,C,17.5,,,,1.23,,,0,ALM_HP_HP_SWITCH,OK
TH-02380,2026-07-08,C,17.5,,,,1.06,,,0,,warn
TH-02381,2026-07-08,C,17.5,,,,1.67,,,0,,warn
TH-02383,2026-07-08,C,17.5,,,,2.02,,,0,,warn
TH-02385,2026-07-08,C,17.5,,,,2.28,,,0,,
TH-02388,2026-07-08,C,17.5,,,,1.38,,,0,,OK
TH-02389,2026-07-08,C,17.5,,,,2.19,,,0,,
TH-02393,2026-07-08,C,17.5,,,,1.69,,,0,,
TH-02395,2026-07-08,C,17.5,,,,1.52,,,0,,OK
TH-02396,2026-07-08,C,17.5,,,,0.92,,,0,,OK
TH-02397,2026-07-08,C,17.5,,,,1.24,,,0,,warn
TH-02398,2026-07-08,C,17.5,,,,1.73,,,0,ALM_SM_LINK,OK
TH-02399,2026-07-08,C,17.5,,,,1.43,,,0,,OK
TH-02400,2026-07-08,C,17.5,,,,2.25,,,0,,warn
th-02019,2026-07-08,A,17.5,31.5,25.0,47.5,1.09,4.0,9,0,,ok
th-02046,2026-07-08,A,17.5,33.3,28.0,51.8,0.86,3.5,5,0,,OK
th-02050,2026-07-08,A,17.5,31.3,25.6,50.8,1.11,4.6,9,0,,OK
th-02055,2026-07-08,A,17.5,30.6,25.7,50.4,2.02,6.3,12,0,,ok
th-02085,2026-07-08,A,17.5,32.2,25.1,49.7,1.03,3.9,5,0,,OK
th-02090,2026-07-08,A,17.5,31.2,26.1,46.2,1.34,4.2,5,0,,ok
th-02099,2026-07-08,A,17.5,32.2,25.1,52.8,1.62,6.1,6,0,,OK
th-02113,2026-07-08,A,17.5,33.0,26.4,50.6,1.92,6.1,8,0,,OK
th-02138,2026-07-08,A,17.5,33.1,27.2,51.7,1.78,7.3,9,0,,ok
th-02143,2026-07-08,B,17.5,,,,17943.3,,6,0,6021,0
th-02144,2026-07-08,B,17.5,,,,12965.0,,12,0,6021,0
th-02170,2026-07-08,B,17.5,,,,11470.7,,7,0,,0
th-02192,2026-07-08,B,17.5,,,,23406.5,,13,0,,0
th-02213,2026-07-08,B,17.5,,,,9346.5,,6,0,,0
th-02215,2026-07-08,B,17.5,,,,18278.5,,8,0,,0
th-02228,2026-07-08,B,17.5,,,,23955.5,,7,0,,0
th-02240,2026-07-08,B,17.5,,,,8073.0,,8,0,6021,0
th-02243,2026-07-08,B,17.5,,,,11701.5,,6,0,6021,0
th-02258,2026-07-08,B,17.5,,,,10374.0,,7,0,,0
th-02277,2026-07-08,B,17.5,,,,17905.0,,11,0,,0
th-02288,2026-07-08,B,17.5,,,,5450.9,,12,0,,0
th-02297,2026-07-08,C,17.5,,,,1.39,,,0,,warn
th-02303,2026-07-08,C,17.5,,,,1.3,,,0,ALM_SM_LINK,warn
th-02311,2026-07-08,C,17.5,,,,1.94,,,0,,OK
th-02323,2026-07-08,C,17.5,,,,1.25,,,0,,warn
th-02338,2026-07-08,C,17.5,,,,1.59,,,0,,
th-02345,2026-07-08,C,17.5,,,,0.9,,,0,,
th-02379,2026-07-08,C,17.5,,,,1.12,,,0,,warn
th-02387,2026-07-08,C,17.5,,,,2.22,,,0,,
 TH-02005,2026-07-09,A,19.3,32.6,27.1,49.9,1.91,6.8,3,0,,ok
 TH-02008,2026-07-09,A,19.3,32.9,28.1,52.6,1.6,6.9,18,0,,OK
 TH-02015,2026-07-09,A,19.3,32.7,27.3,47.2,1.32,4.1,12,0,,OK
 TH-02020,2026-07-09,A,19.3,32.5,27.1,51.6,1.32,5.4,6,0,,OK
 TH-02052,2026-07-09,A,19.3,31.0,26.2,52.5,1.18,4.8,11,0,,ok
 TH-02098,2026-07-09,A,19.3,31.0,25.5,51.5,1.83,5.7,10,0,,OK
 TH-02118,2026-07-09,A,19.3,32.8,26.1,49.4,1.05,3.8,9,0,,OK
 TH-02122,2026-07-09,A,19.3,30.5,24.2,46.5,1.66,6.3,12,0,,OK
 TH-02133,2026-07-09,A,19.3,31.5,25.5,46.7,2.12,7.3,17,0,,ok
 TH-02134,2026-07-09,A,19.3,32.6,27.8,48.7,1.72,7.4,7,0,,OK
 TH-02140,2026-07-09,A,19.3,30.5,23.8,52.7,0.88,3.7,14,0,E-211,warn
 TH-02149,2026-07-09,B,19.3,,,,8100.0,,12,0,,0
 TH-02166,2026-07-09,B,19.3,,,,17560.3,,12,0,,0
 TH-02246,2026-07-09,B,19.3,,,,15972.3,,8,0,6021,0
 TH-02250,2026-07-09,B,19.3,,,,11205.0,,8,0,7702,2
 TH-02257,2026-07-09,B,19.3,,,,21301.4,,7,0,6021,0
 TH-02272,2026-07-09,B,19.3,,,,24873.7,,9,0,,0
 TH-02279,2026-07-09,B,19.3,,,,21114.0,,14,0,6021,0
 TH-02290,2026-07-09,B,19.3,,,,7339.4,,13,0,6021,0
 TH-02292,2026-07-09,C,19.3,,,,1.35,,,0,,warn
 TH-02296,2026-07-09,C,19.3,,,,1.15,,,0,,warn
 TH-02312,2026-07-09,C,19.3,,,,1.39,,,0,,warn
 TH-02336,2026-07-09,C,19.3,,,,0.75,,,0,ALM_SM_LINK,OK
 TH-02342,2026-07-09,C,19.3,,,,1.31,,,0,,warn
 TH-02358,2026-07-09,C,19.3,,,,1.15,,,0,ALM_HP_HP_SWITCH,
 TH-02363,2026-07-09,C,19.3,,,,1.71,,,0,,OK
 TH-02375,2026-07-09,C,19.3,,,,1.44,,,0,,warn
 TH-02381,2026-07-09,C,19.3,,,,1.68,,,0,,OK
 TH-02389,2026-07-09,C,19.3,,,,1.44,,,0,,warn
TH-02001,2026-07-09,A,19.3,31.0,24.2,49.2,1.66,6.7,9,0,,ok
TH-02002,2026-07-09,A,19.3,30.7,25.7,46.0,1.69,7.1,5,0,,ok
TH-02004,2026-07-09,A,19.3,32.5,25.1,0,2.07,6.9,10,0,,OK
TH-02006,2026-07-09,A,19.3,31.5,27.6,48.0,1.71,6.9,15,0,,OK
TH-02009,2026-07-09,A,19.3,30.9,26.0,49.6,1.23,4.7,8,0,,ok
TH-02011,2026-07-09,A,19.3,32.1,25.8,51.8,1.62,6.1,10,0,,OK
TH-02017,2026-07-09,A,19.3,31.7,25.1,47.3,2.02,6.4,14,0,,ok
TH-02019,2026-07-09,A,19.3,33.0,25.9,46.7,1.66,5.3,9,0,,ok
TH-02021,2026-07-09,A,19.3,32.0,27.1,49.2,1.02,4.0,11,0,,ok
TH-02025,2026-07-09,A,19.3,30.6,24.8,46.6,1.34,5.7,10,0,,OK
TH-02030,2026-07-09,A,19.3,31.0,25.2,52.0,1.18,4.2,6,0,,ok
TH-02031,2026-07-09,A,19.3,31.8,24.7,47.6,0.95,4.0,9,0,,OK
TH-02032,2026-07-09,A,19.3,31.5,27.0,50.3,2.08,7.2,11,0,,OK
TH-02034,2026-07-09,A,19.3,32.4,25.1,49.5,1.88,6.2,12,0,,ok
TH-02035,2026-07-09,A,19.3,31.6,25.3,51.9,2.14,7.5,2,0,,ok
TH-02036,2026-07-09,A,19.3,31.1,25.9,49.3,2.06,6.4,5,0,,ok
TH-02037,2026-07-09,A,19.3,31.4,26.4,48.6,1.28,4.7,9,0,,ok
TH-02040,2026-07-09,A,19.3,30.8,25.3,47.5,1.98,7.0,9,0,,OK
TH-02044,2026-07-09,A,19.3,31.2,26.2,48.8,1.71,7.5,10,0,,OK
TH-02045,2026-07-09,A,19.3,30.6,23.4,50.5,1.27,5.0,14,0,,OK
TH-02046,2026-07-09,A,19.3,30.8,24.9,46.2,1.24,4.2,5,0,,ok
TH-02047,2026-07-09,A,19.3,33.4,28.9,51.7,1.39,5.4,3,0,,ok
TH-02050,2026-07-09,A,19.3,32.3,25.7,46.1,1.39,5.6,5,0,,ok
TH-02051,2026-07-09,A,19.3,33.0,25.8,49.0,1.58,6.9,8,0,E-505,warn
TH-02054,2026-07-09,A,19.3,31.7,25.0,51.7,1.81,6.4,5,0,E-211,ok
TH-02055,2026-07-09,A,19.3,32.3,27.1,49.9,1.5,5.5,11,0,,ok
TH-02056,2026-07-09,A,19.3,31.9,25.8,47.4,1.06,3.3,11,0,,ok
TH-02061,2026-07-09,A,19.3,31.5,25.6,51.9,1.31,4.5,8,0,,ok
TH-02062,2026-07-09,A,19.3,33.0,27.2,46.6,1.82,5.7,9,0,,OK
TH-02063,2026-07-09,A,19.3,33.0,28.1,50.0,1.78,5.9,10,0,,OK
TH-02065,2026-07-09,A,19.3,31.9,26.1,49.1,1.44,5.7,8,0,E-211,ok
TH-02068,2026-07-09,A,19.3,33.1,27.0,46.5,1.54,5.0,9,0,,ok
TH-02071,2026-07-09,A,19.3,31.6,25.6,51.3,1.35,5.1,10,0,E-211,ok
TH-02072,2026-07-09,A,19.3,31.2,26.5,47.6,0.79,3.4,7,0,,OK
TH-02074,2026-07-09,A,19.3,31.6,26.6,46.5,1.76,5.8,11,0,,OK
TH-02075,2026-07-09,A,19.3,33.5,27.0,49.6,0.97,4.1,5,0,,ok
TH-02077,2026-07-09,A,19.3,32.7,26.5,48.6,1.16,3.9,11,0,,OK
TH-02078,2026-07-09,A,19.3,31.6,26.3,51.1,1.5,6.0,9,0,,ok
TH-02080,2026-07-09,A,19.3,31.6,24.1,50.5,1.85,6.0,9,0,,OK
TH-02083,2026-07-09,A,19.3,31.6,25.1,46.2,1.16,4.7,9,0,,ok
TH-02084,2026-07-09,A,19.3,31.7,25.9,48.9,0.71,3.1,10,0,,ok
TH-02085,2026-07-09,A,19.3,-999,26.5,46.3,1.36,4.4,9,0,,ok
TH-02087,2026-07-09,A,19.3,32.9,26.1,50.1,1.1,4.5,10,0,,OK
TH-02091,2026-07-09,A,19.3,30.6,26.2,46.7,2.25,7.4,10,0,E-211,warn
TH-02093,2026-07-09,A,19.3,30.6,23.9,47.9,1.3,4.7,10,0,,OK
TH-02094,2026-07-09,A,19.3,33.1,28.6,51.6,1.76,6.6,7,0,,ok
TH-02095,2026-07-09,A,19.3,30.7,25.2,46.1,1.39,5.8,8,0,,ok
TH-02097,2026-07-09,A,19.3,32.7,28.0,51.3,1.51,4.7,9,0,,OK
TH-02099,2026-07-09,A,19.3,31.6,24.6,52.7,1.54,6.7,9,0,,OK
TH-02100,2026-07-09,A,19.3,31.1,26.1,46.7,1.18,4.7,13,0,,OK
TH-02101,2026-07-09,A,19.3,33.4,27.7,49.0,1.19,5.2,13,0,,ok
TH-02109,2026-07-09,A,19.3,31.9,26.7,47.9,1.18,3.7,12,0,,OK
TH-02111,2026-07-09,A,19.3,33.4,26.2,48.2,1.08,4.1,6,0,,OK
TH-02112,2026-07-09,A,19.3,33.0,26.7,51.4,1.63,6.6,9,0,,OK
TH-02113,2026-07-09,A,19.3,30.9,23.9,46.3,1.26,5.0,10,0,,ok
TH-02114,2026-07-09,A,19.3,33.3,27.9,51.1,1.52,6.1,7,0,,OK
TH-02120,2026-07-09,A,19.3,33.4,26.8,50.8,1.56,5.7,6,0,,ok
TH-02121,2026-07-09,A,19.3,31.8,25.7,46.0,1.88,6.8,10,0,,ok
TH-02124,2026-07-09,A,19.3,31.0,24.7,51.1,1.36,4.3,7,0,,OK
TH-02126,2026-07-09,A,19.3,32.2,25.6,50.5,1.03,3.3,7,0,,ok
TH-02127,2026-07-09,A,19.3,31.7,24.6,52.9,1.66,6.5,9,0,,OK
TH-02129,2026-07-09,A,19.3,33.1,26.3,50.4,1.73,6.3,9,0,,ok
TH-02130,2026-07-09,A,19.3,31.6,26.3,48.3,2.09,7.3,11,0,,ok
TH-02132,2026-07-09,A,19.3,31.2,25.3,52.3,1.21,4.8,9,0,,ok
TH-02135,2026-07-09,A,19.3,32.5,27.9,46.5,1.65,6.8,11,0,,ok
TH-02136,2026-07-09,A,19.3,31.4,26.9,50.2,1.09,4.1,9,0,,ok
TH-02137,2026-07-09,A,19.3,32.6,25.7,52.0,2.01,7.1,9,0,,OK
TH-02138,2026-07-09,A,19.3,31.0,26.3,46.1,0.92,3.7,8,0,,OK
TH-02139,2026-07-09,A,19.3,33.0,26.1,46.3,1.36,5.9,5,0,,OK
TH-02143,2026-07-09,B,19.3,,,,17944.6,,4,0,,0
TH-02144,2026-07-09,B,19.3,,,,12966.7,,10,0,6021,0
TH-02145,2026-07-09,B,19.3,,,,4841.5,,10,0,,0
TH-02146,2026-07-09,B,19.3,,,,24528.9,,11,0,6021,0
TH-02148,2026-07-09,B,19.3,,,,12930.0,,8,0,,0
TH-02152,2026-07-09,B,19.3,,,,22544.9,,7,0,,0
TH-02153,2026-07-09,B,19.3,33.1,26.8,,19054.7,,6,0,,0
TH-02158,2026-07-09,B,19.3,,,,7097.4,,3,0,,0
TH-02159,2026-07-09,B,19.3,,,,12097.7,,12,0,6021,0
TH-02160,2026-07-09,B,19.3,,,,14967.2,,14,0,,0
TH-02161,2026-07-09,B,19.3,,,,8309.5,,12,0,,0
TH-02162,2026-07-09,B,19.3,,,,14676.5,,12,0,6021,0
TH-02165,2026-07-09,B,19.3,,,,15133.0,,10,0,,0
TH-02168,2026-07-09,B,19.3,,,,13671.4,,6,0,6021,0
TH-02169,2026-07-09,B,19.3,,,,18489.3,,10,0,6021,0
TH-02171,2026-07-09,B,19.3,,,,14095.9,,8,0,,0
TH-02173,2026-07-09,B,19.3,,,,6980.9,,12,0,6021,0
TH-02175,2026-07-09,B,19.3,,,,12083.8,,8,0,,0
TH-02177,2026-07-09,B,19.3,,,,12972.0,,7,0,,0
TH-02178,2026-07-09,B,19.3,33.2,28.3,,19528.5,,7,0,,0
TH-02180,2026-07-09,B,19.3,,,,11637.9,,2,0,,0
TH-02181,2026-07-09,B,19.3,,,,18771.1,,9,0,6021,0
TH-02182,2026-07-09,B,19.3,,,,20980.9,,16,0,3104,2
TH-02184,2026-07-09,B,19.3,,,,20317.3,,14,0,6021,0
TH-02185,2026-07-09,B,19.3,,,,25250.4,,5,0,6021,0
TH-02187,2026-07-09,B,19.3,,,,13646.5,,11,0,,0
TH-02188,2026-07-09,B,19.3,,,,24516.1,,5,0,,0
TH-02189,2026-07-09,B,19.3,,,,19385.6,,9,0,,0
TH-02190,2026-07-09,B,19.3,,,,24700.9,,12,0,6021,0
TH-02194,2026-07-09,B,19.3,,,,19031.0,,11,0,6021,0
TH-02195,2026-07-09,B,19.3,,,,14853.6,,15,0,3104,2
TH-02196,2026-07-09,B,19.3,,,,25247.2,,11,0,,0
TH-02202,2026-07-09,B,19.3,,,,13849.5,,8,0,,0
TH-02204,2026-07-09,B,19.3,,,,5207.6,,10,0,,0
TH-02206,2026-07-09,B,19.3,,,,17421.0,,13,0,6021,0
TH-02207,2026-07-09,B,19.3,,,,13703.8,,4,0,6021,0
TH-02213,2026-07-09,B,19.3,32.2,25.4,,9348.2,,9,0,,0
TH-02214,2026-07-09,B,19.3,,,,9153.8,,10,0,,0
TH-02215,2026-07-09,B,19.3,,,,18279.6,,6,0,6021,0
TH-02221,2026-07-09,B,19.3,,,,16222.5,,13,0,6021,0
TH-02223,2026-07-09,B,19.3,,,,22263.1,,14,0,,0
TH-02226,2026-07-09,B,19.3,,,,9766.9,,8,0,6021,0
TH-02228,2026-07-09,B,19.3,,,,23956.9,,5,0,6021,0
TH-02230,2026-07-09,B,19.3,,,,25651.1,,10,0,6021,0
TH-02231,2026-07-09,B,19.3,,,,7603.6,,9,0,6021,0
TH-02235,2026-07-09,B,19.3,,,,22703.0,,6,0,,0
TH-02238,2026-07-09,B,19.3,,,,7798.5,,6,0,,0
TH-02240,2026-07-09,B,19.3,,,,8074.7,,11,0,,0
TH-02242,2026-07-09,B,19.3,32.2,27.5,,14367.6,,13,0,6021,0
TH-02243,2026-07-09,B,19.3,,,,11702.3,,6,0,,0
TH-02244,2026-07-09,B,19.3,,,,16899.3,,5,0,,0
TH-02245,2026-07-09,B,19.3,,,,14958.0,,6,0,,0
TH-02247,2026-07-09,B,19.3,,,,5505.3,,9,0,,0
TH-02248,2026-07-09,B,19.3,,,,23310.5,,8,0,6021,0
TH-02249,2026-07-09,B,19.3,,,,6916.1,,9,0,,0
TH-02251,2026-07-09,B,19.3,,,,24481.2,,7,0,6021,0
TH-02255,2026-07-09,B,19.3,,,,12949.9,,7,0,6021,0
TH-02256,2026-07-09,B,19.3,,,,7873.4,,12,0,6021,0
TH-02258,2026-07-09,B,19.3,,,,10374.8,,7,0,6021,0
TH-02259,2026-07-09,B,19.3,,,,12305.1,,9,0,,0
TH-02260,2026-07-09,B,19.3,,,,7361.2,,12,0,,0
TH-02262,2026-07-09,B,19.3,,,,9201.2,,11,0,6021,0
TH-02266,2026-07-09,B,19.3,,,,16138.8,,10,0,6021,0
TH-02267,2026-07-09,B,19.3,,,,11562.3,,10,0,,0
TH-02268,2026-07-09,B,19.3,,,,23846.1,,15,0,6021,0
TH-02269,2026-07-09,B,19.3,,,,12421.9,,8,0,,0
TH-02270,2026-07-09,B,19.3,,,,21955.7,,9,0,6021,0
TH-02271,2026-07-09,B,19.3,,,,4968.4,,14,0,6021,0
TH-02273,2026-07-09,B,19.3,,,,19828.9,,9,0,6021,0
TH-02277,2026-07-09,B,19.3,,,,17906.0,,4,0,6021,0
TH-02278,2026-07-09,B,19.3,,,,14844.8,,11,0,,0
TH-02280,2026-07-09,B,19.3,,,,17740.4,,9,0,,0
TH-02281,2026-07-09,B,19.3,,,,4277.0,,9,0,6021,0
TH-02283,2026-07-09,B,19.3,,,,21368.8,,7,0,,0
TH-02286,2026-07-09,B,19.3,,,,7604.4,,14,0,,0
TH-02287,2026-07-09,B,19.3,,,,18045.8,,7,0,,0
TH-02288,2026-07-09,B,19.3,,,,5452.6,,11,0,6021,0
TH-02294,2026-07-09,C,19.3,,,,2.05,,,0,,
TH-02297,2026-07-09,C,19.3,,,,1.02,,,0,,warn
TH-02298,2026-07-09,C,19.3,,,,0.96,,,0,,warn
TH-02299,2026-07-09,C,19.3,,,,2.09,,,0,,OK
TH-02300,2026-07-09,C,19.3,,,,1.9,,,0,,warn
TH-02302,2026-07-09,C,19.3,,,,1.7,,,0,,
TH-02304,2026-07-09,C,19.3,,,,0.99,,,0,,OK
TH-02307,2026-07-09,C,19.3,,,,1.67,,,0,,warn
TH-02308,2026-07-09,C,19.3,,,,1.39,,,0,,OK
TH-02311,2026-07-09,C,19.3,,,,1.27,,,0,ALM_HP_HP_SWITCH,OK
TH-02313,2026-07-09,C,19.3,,,,1.73,,,0,,
TH-02316,2026-07-09,C,19.3,,,,2.08,,,0,,warn
TH-02319,2026-07-09,C,19.3,,,,1.64,,,0,,warn
TH-02322,2026-07-09,C,19.3,,,52.2,2.03,,,0,,warn
TH-02323,2026-07-09,C,19.3,,,,1.6,,,0,,
TH-02324,2026-07-09,C,19.3,,,,1.35,,,0,,OK
TH-02331,2026-07-09,C,19.3,,,,0.92,,,0,,
TH-02333,2026-07-09,C,19.3,,,,1.33,,,0,,
TH-02334,2026-07-09,C,19.3,,,,1.05,,,0,,warn
TH-02335,2026-07-09,C,19.3,,,,1.0,,,0,,warn
TH-02337,2026-07-09,C,19.3,32.6,,,1.54,,,0,,OK
TH-02338,2026-07-09,C,19.3,,,,1.54,,,0,,OK
TH-02339,2026-07-09,C,19.3,,,,2.12,,,0,,OK
TH-02344,2026-07-09,C,19.3,,,,1.45,,,0,,OK
TH-02345,2026-07-09,C,19.3,,,,1.0,,,0,,
TH-02346,2026-07-09,C,19.3,32.3,,,1.94,,,0,,
TH-02348,2026-07-09,C,19.3,,,,1.36,,,0,,
TH-02351,2026-07-09,C,19.3,,,46.9,1.72,,,0,,warn
TH-02354,2026-07-09,C,19.3,,,,1.81,,,0,,OK
TH-02355,2026-07-09,C,19.3,,,,1.07,,,0,,warn
TH-02359,2026-07-09,C,19.3,,,,1.62,,,0,,warn
TH-02360,2026-07-09,C,19.3,,,,1.55,,,0,,
TH-02361,2026-07-09,C,19.3,,,,1.03,,,0,,OK
TH-02365,2026-07-09,C,19.3,,,,1.83,,,0,,warn
TH-02366,2026-07-09,C,19.3,,,,1.64,,,0,,
TH-02367,2026-07-09,C,19.3,,,,1.86,,,0,,warn
TH-02374,2026-07-09,C,19.3,30.9,,,1.71,,,0,,OK
TH-02377,2026-07-09,C,19.3,,,,1.83,,,0,,
TH-02379,2026-07-09,C,19.3,,,,2.08,,,0,,
TH-02380,2026-07-09,C,19.3,,,,1.23,,,0,,OK
TH-02383,2026-07-09,C,19.3,,,,1.61,,,0,,warn
TH-02384,2026-07-09,C,19.3,,,,1.11,,,0,,warn
TH-02385,2026-07-09,C,19.3,,,,0.92,,,0,,
TH-02387,2026-07-09,C,19.3,,,52.5,1.75,,,0,,warn
TH-02388,2026-07-09,C,19.3,,,,1.48,,,0,,OK
TH-02393,2026-07-09,C,19.3,,,,1.32,,,0,,OK
TH-02395,2026-07-09,C,19.3,,,,0.94,,,0,,OK
TH-02396,2026-07-09,C,19.3,,,,1.62,,,0,,
TH-02397,2026-07-09,C,19.3,,,,1.44,,,0,,OK
TH-02398,2026-07-09,C,19.3,,,,1.39,,,0,,warn
TH-02399,2026-07-09,C,19.3,,,,1.65,,,0,ALM_SM_LINK,
TH-90000,2026-07-09,C,19.3,,,,7.2,,,0,,OK
TH-90001,2026-07-09,C,19.3,,,,11.24,,,0,,OK
TH-90002,2026-07-09,C,19.3,,,,12.46,,,0,,OK
TH-90003,2026-07-09,C,19.3,,,,5.97,,,0,,OK
TH-90004,2026-07-09,C,19.3,,,,12.79,,,0,,OK
th-02012,2026-07-09,A,19.3,30.7,24.6,49.4,1.44,4.6,9,0,,ok
th-02016,2026-07-09,A,19.3,-999,25.4,47.6,1.01,3.6,12,0,,OK
th-02028,2026-07-09,A,19.3,32.6,27.7,51.1,1.82,6.7,7,0,,ok
th-02033,2026-07-09,A,19.3,30.5,25.4,49.6,1.65,5.2,13,0,,ok
th-02038,2026-07-09,A,19.3,30.6,25.6,47.5,1.58,5.0,6,0,,ok
th-02048,2026-07-09,A,19.3,32.4,26.8,47.5,0.94,3.6,12,0,,OK
th-02049,2026-07-09,A,19.3,31.1,26.3,50.0,1.15,3.7,8,0,,ok
th-02053,2026-07-09,A,19.3,31.4,26.0,49.7,0.99,3.2,13,0,,ok
th-02073,2026-07-09,A,19.3,30.5,25.0,52.0,1.07,3.6,8,0,E-211,OK
th-02076,2026-07-09,A,19.3,31.9,26.5,51.9,1.32,4.7,9,0,E-104,OK
th-02081,2026-07-09,A,19.3,31.6,24.5,51.7,1.84,6.6,8,0,,ok
th-02086,2026-07-09,A,19.3,31.4,26.1,51.8,1.06,4.4,11,0,,ok
th-02090,2026-07-09,A,19.3,30.7,24.4,48.9,1.49,5.2,12,0,,ok
th-02103,2026-07-09,A,19.3,32.6,26.7,49.0,0.98,4.1,6,0,,ok
th-02125,2026-07-09,A,19.3,31.8,27.0,50.7,1.01,4.1,10,0,,OK
th-02155,2026-07-09,B,19.3,,,,4517.1,,12,0,,0
th-02170,2026-07-09,B,19.3,,,,11472.0,,10,0,6021,0
th-02176,2026-07-09,B,19.3,,,,5444.7,,9,0,,0
th-02192,2026-07-09,B,19.3,,,,23408.4,,10,0,,0
th-02216,2026-07-09,B,19.3,,,,17188.7,,3,0,6021,0
th-02224,2026-07-09,B,19.3,,,,8779.2,,13,0,,0
th-02234,2026-07-09,B,19.3,,,,13314.1,,7,0,,0
th-02236,2026-07-09,B,19.3,,,,4258.5,,12,0,,0
th-02239,2026-07-09,B,19.3,,,,17235.9,,7,0,6021,0
th-02275,2026-07-09,B,19.3,,,,12364.6,,9,0,,0
th-02285,2026-07-09,B,19.3,,,,12849.8,,8,0,6021,0
th-02303,2026-07-09,C,19.3,,,49.9,1.67,,,0,ALM_HP_HP_SWITCH,
th-02309,2026-07-09,C,19.3,,,,1.08,,,0,,OK
th-02314,2026-07-09,C,19.3,,,,1.1,,,0,,OK
th-02340,2026-07-09,C,19.3,,,,1.69,,,0,,warn
th-02341,2026-07-09,C,19.3,,,,1.03,,,0,,
th-02343,2026-07-09,C,19.3,,,,0.88,,,0,,
th-02352,2026-07-09,C,19.3,,,,0.9,,,0,,warn
th-02357,2026-07-09,C,19.3,,,,1.16,,,0,,OK
th-02371,2026-07-09,C,19.3,33.2,,,1.66,,,0,,OK
 TH-02002,2026-07-10,A,21.8,30.8,23.6,48.2,0.89,3.5,3,0,,ok
 TH-02006,2026-07-10,A,21.8,31.2,26.6,52.6,1.74,5.2,2,0,E-211,warn
 TH-02011,2026-07-10,A,21.8,32.3,25.1,52.1,1.79,5.8,9,0,,OK
 TH-02031,2026-07-10,A,21.8,32.1,25.9,50.5,0.86,3.7,12,0,,OK
 TH-02045,2026-07-10,A,21.8,31.5,26.0,50.3,1.44,6.3,5,0,,ok
 TH-02046,2026-07-10,A,21.8,33.1,27.1,50.3,1.6,5.5,8,0,,ok
 TH-02054,2026-07-10,A,21.8,32.4,25.7,47.8,1.93,7.1,13,0,,ok
 TH-02072,2026-07-10,A,21.8,32.7,27.1,52.6,0.92,3.8,5,0,,OK
 TH-02074,2026-07-10,A,21.8,30.7,25.2,46.2,1.34,5.6,4,0,,OK
 TH-02075,2026-07-10,A,21.8,33.0,27.6,48.8,1.68,5.8,8,0,,OK
 TH-02080,2026-07-10,A,21.8,33.4,27.3,50.6,0.78,3.4,9,0,,ok
 TH-02090,2026-07-10,A,21.8,32.9,27.8,50.3,1.5,4.9,7,0,,ok
 TH-02091,2026-07-10,A,21.8,32.3,28.7,49.2,0.99,3.3,6,0,E-211,warn
 TH-02114,2026-07-10,A,21.8,32.6,26.6,52.5,1.54,6.0,8,0,,ok
 TH-02127,2026-07-10,A,21.8,33.4,28.4,47.9,0.82,3.1,8,0,,OK
 TH-02192,2026-07-10,B,21.8,,,,23409.9,,8,0,6021,0
 TH-02215,2026-07-10,B,21.8,,,,18280.5,,12,0,6021,0
 TH-02316,2026-07-10,C,21.8,,,,1.7,,,0,,warn
 TH-02361,2026-07-10,C,21.8,,,,2.35,,,0,,
TH-02001,2026-07-10,A,21.8,31.8,26.2,50.3,1.28,5.1,6,0,,ok
TH-02004,2026-07-10,A,21.8,33.5,28.9,47.1,1.08,4.2,9,0,,ok
TH-02005,2026-07-10,A,21.8,32.5,27.6,46.8,0.98,3.1,7,0,,OK
TH-02007,2026-07-10,A,21.8,33.2,28.1,52.7,0.99,3.2,11,0,,OK
TH-02008,2026-07-10,A,21.8,33.4,27.3,50.2,1.17,4.9,4,0,,ok
TH-02009,2026-07-10,A,21.8,33.0,27.8,46.7,2.23,7.0,3,0,,ok
TH-02015,2026-07-10,A,21.8,32.9,27.5,46.5,1.15,4.8,7,0,,OK
TH-02016,2026-07-10,A,21.8,32.3,25.6,46.0,1.27,5.4,12,0,,OK
TH-02017,2026-07-10,A,21.8,31.5,25.2,47.9,1.71,5.7,12,0,,ok
TH-02019,2026-07-10,A,21.8,32.7,26.3,53.0,1.53,5.8,6,0,,OK
TH-02020,2026-07-10,A,21.8,31.2,24.3,49.6,1.07,4.1,6,0,,ok
TH-02021,2026-07-10,A,21.8,31.3,26.4,48.1,1.42,5.6,8,0,,OK
TH-02023,2026-07-10,A,21.8,31.7,24.3,48.0,0.75,3.2,8,0,,ok
TH-02025,2026-07-10,A,21.8,33.2,26.2,47.3,0.73,3.1,11,0,,ok
TH-02028,2026-07-10,A,21.8,32.5,27.0,51.5,1.3,4.2,11,0,,OK
TH-02032,2026-07-10,A,21.8,33.0,25.7,49.1,1.61,5.6,9,0,,OK
TH-02033,2026-07-10,A,21.8,31.0,24.9,50.7,1.99,7.4,7,0,,ok
TH-02034,2026-07-10,A,21.8,30.7,23.3,50.2,2.07,7.4,6,0,,OK
TH-02035,2026-07-10,A,21.8,31.6,25.9,51.0,1.93,6.9,12,0,,ok
TH-02036,2026-07-10,A,21.8,32.2,27.4,52.4,1.55,5.3,5,0,,ok
TH-02037,2026-07-10,A,21.8,31.6,26.0,50.6,1.62,5.5,10,0,,OK
TH-02040,2026-07-10,A,21.8,32.0,26.2,51.5,0.78,3.0,10,0,,ok
TH-02047,2026-07-10,A,21.8,30.7,25.5,51.0,1.12,4.7,11,0,,OK
TH-02049,2026-07-10,A,21.8,33.3,28.5,49.1,1.4,4.5,2,0,,ok
TH-02050,2026-07-10,A,21.8,31.3,26.3,46.8,1.73,7.1,17,0,,OK
TH-02051,2026-07-10,A,21.8,32.8,27.9,47.1,0.94,3.3,7,0,,OK
TH-02052,2026-07-10,A,21.8,31.0,23.8,46.5,1.36,5.8,4,0,,ok
TH-02055,2026-07-10,A,21.8,32.8,28.0,48.4,1.51,6.2,3,0,,OK
TH-02056,2026-07-10,A,21.8,31.4,25.4,48.6,1.83,6.9,12,0,,OK
TH-02061,2026-07-10,A,21.8,31.6,25.2,51.5,1.33,5.1,9,0,,OK
TH-02062,2026-07-10,A,21.8,33.2,27.4,46.9,1.82,7.2,9,0,,OK
TH-02063,2026-07-10,A,21.8,32.6,26.0,47.8,1.88,6.4,8,0,,ok
TH-02065,2026-07-10,A,21.8,32.1,27.2,52.2,1.35,4.8,13,0,,ok
TH-02068,2026-07-10,A,21.8,32.2,27.3,48.4,1.06,3.8,9,0,,OK
TH-02071,2026-07-10,A,21.8,32.5,27.0,48.4,1.46,5.6,6,0,,ok
TH-02073,2026-07-10,A,21.8,33.0,27.7,48.8,1.1,4.0,12,0,E-211,ok
TH-02076,2026-07-10,A,21.8,31.3,23.8,52.4,0.99,3.3,10,0,,OK
TH-02077,2026-07-10,A,21.8,31.8,25.8,48.1,1.08,4.5,12,0,,ok
TH-02078,2026-07-10,A,21.8,30.7,25.5,47.6,1.1,4.0,8,0,,OK
TH-02081,2026-07-10,A,21.8,32.8,26.1,51.8,1.15,4.0,18,0,,OK
TH-02083,2026-07-10,A,21.8,31.3,26.5,52.2,2.07,6.7,5,0,,ok
TH-02084,2026-07-10,A,21.8,33.2,28.5,51.6,1.46,4.8,8,0,,OK
TH-02085,2026-07-10,A,21.8,32.6,27.7,50.8,2.03,6.9,8,0,,OK
TH-02086,2026-07-10,A,21.8,30.9,26.2,49.0,1.37,5.3,5,0,,ok
TH-02093,2026-07-10,A,21.8,32.4,25.7,49.1,2.08,6.8,9,0,,ok
TH-02094,2026-07-10,A,21.8,32.4,27.5,0,1.0,4.2,8,0,,OK
TH-02097,2026-07-10,A,21.8,32.6,25.9,47.3,1.09,4.1,6,0,,ok
TH-02098,2026-07-10,A,21.8,31.7,24.3,50.1,0.84,3.5,10,0,,OK
TH-02100,2026-07-10,A,21.8,33.4,27.6,47.0,1.4,5.8,8,0,,OK
TH-02101,2026-07-10,A,21.8,33.1,26.2,47.2,1.34,5.1,12,0,,OK
TH-02103,2026-07-10,A,21.8,33.4,28.6,51.5,1.49,6.2,7,0,,OK
TH-02109,2026-07-10,A,21.8,32.4,25.0,49.6,1.36,5.9,6,0,,OK
TH-02111,2026-07-10,A,21.8,30.7,25.6,52.3,1.74,7.4,6,0,,OK
TH-02112,2026-07-10,A,21.8,-999,27.8,50.5,1.23,5.1,11,0,,OK
TH-02124,2026-07-10,A,21.8,31.6,26.0,49.0,2.21,7.1,10,0,,OK
TH-02126,2026-07-10,A,21.8,31.0,24.8,48.1,1.05,4.0,9,0,,ok
TH-02130,2026-07-10,A,21.8,31.6,24.6,52.6,1.82,7.3,13,0,,OK
TH-02132,2026-07-10,A,21.8,32.8,27.1,51.6,1.3,4.9,10,0,E-211,warn
TH-02133,2026-07-10,A,21.8,33.0,25.7,49.9,1.64,5.5,9,0,,ok
TH-02134,2026-07-10,A,21.8,32.3,27.7,46.9,0.93,3.3,11,0,,OK
TH-02135,2026-07-10,A,21.8,31.0,26.0,46.9,1.76,5.8,8,0,,OK
TH-02136,2026-07-10,A,21.8,30.7,24.6,50.4,1.84,7.3,2,0,,ok
TH-02137,2026-07-10,A,21.8,32.3,26.4,49.9,0.74,3.1,9,0,E-211,ok
TH-02138,2026-07-10,A,21.8,32.6,26.5,46.5,1.77,7.2,4,0,,ok
TH-02139,2026-07-10,A,21.8,31.8,27.1,46.9,1.4,4.7,3,0,,ok
TH-02140,2026-07-10,A,21.8,32.1,24.6,51.7,1.02,4.3,3,0,,ok
TH-02143,2026-07-10,B,21.8,,,,17945.8,,12,0,,0
TH-02144,2026-07-10,B,21.8,,,,12968.0,,6,0,,0
TH-02145,2026-07-10,B,21.8,32.8,27.2,,4842.3,,11,0,,0
TH-02146,2026-07-10,B,21.8,,,,24529.7,,9,0,6021,0
TH-02148,2026-07-10,B,21.8,,,,12931.2,,11,0,1188,2
TH-02149,2026-07-10,B,21.8,,,,8101.6,,10,0,6021,0
TH-02152,2026-07-10,B,21.8,,,,22546.1,,11,0,6021,0
TH-02153,2026-07-10,B,21.8,,,,19056.2,,11,0,,0
TH-02155,2026-07-10,B,21.8,,,,4518.2,,10,0,6021,0
TH-02158,2026-07-10,B,21.8,,,,7098.4,,7,0,3104,2
TH-02159,2026-07-10,B,21.8,,,,12098.5,,11,0,,0
TH-02161,2026-07-10,B,21.8,,,,8310.3,,8,0,6021,0
TH-02162,2026-07-10,B,21.8,,,,14678.0,,10,0,,0
TH-02165,2026-07-10,B,21.8,,,,15133.9,,6,0,,0
TH-02166,2026-07-10,B,21.8,,,,17561.8,,7,0,,0
TH-02168,2026-07-10,B,21.8,31.4,26.8,,13672.6,,12,0,6021,0
TH-02169,2026-07-10,B,21.8,,,,18490.9,,7,0,6021,0
TH-02170,2026-07-10,B,21.8,,,,11473.6,,4,0,,0
TH-02171,2026-07-10,B,21.8,32.9,26.7,,14097.5,,4,0,6021,0
TH-02173,2026-07-10,B,21.8,31.3,25.0,,6981.9,,9,0,,0
TH-02175,2026-07-10,B,21.8,,,,12085.1,,13,0,6021,0
TH-02177,2026-07-10,B,21.8,,,,12973.6,,10,0,,0
TH-02178,2026-07-10,B,21.8,,,,19529.6,,8,0,,0
TH-02180,2026-07-10,B,21.8,,,,11639.4,,6,0,,0
TH-02181,2026-07-10,B,21.8,,,,18772.5,,7,0,6021,0
TH-02182,2026-07-10,B,21.8,,,,20982.2,,20,0,,0
TH-02185,2026-07-10,B,21.8,,,,25251.6,,5,0,,0
TH-02187,2026-07-10,B,21.8,,,,13648.2,,4,0,,0
TH-02188,2026-07-10,B,21.8,,,,24517.1,,13,0,,0
TH-02189,2026-07-10,B,21.8,,,,19387.0,,6,0,1188,2
TH-02190,2026-07-10,B,21.8,,,,24701.8,,13,0,,0
TH-02194,2026-07-10,B,21.8,,,,19031.9,,7,0,,0
TH-02195,2026-07-10,B,21.8,,,,14855.5,,18,0,6021,0
TH-02196,2026-07-10,B,21.8,,,,25248.4,,8,0,6021,0
TH-02202,2026-07-10,B,21.8,,,,13850.5,,8,0,6021,0
TH-02204,2026-07-10,B,21.8,,,,5208.4,,10,0,,0
TH-02206,2026-07-10,B,21.8,,,,17422.3,,9,0,6021,0
TH-02207,2026-07-10,B,21.8,,,,13705.4,,6,0,,0
TH-02213,2026-07-10,B,21.8,,,,9349.3,,11,0,,0
TH-02214,2026-07-10,B,21.8,,,,9155.8,,12,0,,0
TH-02216,2026-07-10,B,21.8,,,,17189.8,,9,0,,0
TH-02221,2026-07-10,B,21.8,,,,16224.0,,16,0,3104,2
TH-02223,2026-07-10,B,21.8,,,,22264.3,,9,0,,0
TH-02224,2026-07-10,B,21.8,,,,8780.9,,7,0,6021,0
TH-02226,2026-07-10,B,21.8,,,,9768.8,,6,0,,0
TH-02228,2026-07-10,B,21.8,,,,23958.7,,7,0,,0
TH-02230,2026-07-10,B,21.8,,,,25652.1,,18,0,6021,0
TH-02231,2026-07-10,B,21.8,,,,7605.2,,12,0,6021,0
TH-02234,2026-07-10,B,21.8,,,,13315.6,,11,0,,0
TH-02235,2026-07-10,B,21.8,,,,22704.6,,5,0,,0
TH-02236,2026-07-10,B,21.8,,,,4259.6,,14,0,,0
TH-02238,2026-07-10,B,21.8,31.2,24.8,,7800.2,,4,0,6021,0
TH-02239,2026-07-10,B,21.8,32.9,26.2,,17238.2,,13,0,,0
TH-02240,2026-07-10,B,21.8,,,,8075.8,,5,0,,0
TH-02242,2026-07-10,B,21.8,,,,14369.6,,9,0,,0
TH-02243,2026-07-10,B,21.8,,,,11703.2,,7,0,,0
TH-02244,2026-07-10,B,21.8,-999,25.4,,16901.3,,9,0,6021,0
TH-02245,2026-07-10,B,21.8,,,,14959.6,,5,0,,0
TH-02246,2026-07-10,B,21.8,,,,15973.2,,7,0,6021,0
TH-02248,2026-07-10,B,21.8,,,,23311.7,,2,0,6021,0
TH-02249,2026-07-10,B,21.8,,,,6918.0,,7,0,7702,2
TH-02250,2026-07-10,B,21.8,,,,11206.0,,4,0,6021,0
TH-02251,2026-07-10,B,21.8,,,,24482.7,,3,0,,0
TH-02257,2026-07-10,B,21.8,,,,21303.0,,9,0,6021,0
TH-02258,2026-07-10,B,21.8,,,,10375.9,,10,0,,0
TH-02259,2026-07-10,B,21.8,,,,12306.8,,10,0,,0
TH-02260,2026-07-10,B,21.8,,,,7363.1,,5,0,6021,0
TH-02262,2026-07-10,B,21.8,,,,9203.3,,11,0,,0
TH-02265,2026-07-10,B,21.8,,,,22614.8,,20,0,6021,0
TH-02266,2026-07-10,B,21.8,,,,16140.8,,10,0,,0
TH-02267,2026-07-10,B,21.8,,,,11563.5,,2,0,6021,0
TH-02268,2026-07-10,B,21.8,,,,23847.5,,12,0,,0
TH-02270,2026-07-10,B,21.8,,,,21957.2,,10,0,6021,0
TH-02271,2026-07-10,B,21.8,,,,4970.5,,13,0,,0
TH-02272,2026-07-10,B,21.8,,,,24875.5,,5,0,6021,0
TH-02275,2026-07-10,B,21.8,,,,12366.3,,5,0,6021,0
TH-02277,2026-07-10,B,21.8,,,,17907.5,,2,0,,0
TH-02278,2026-07-10,B,21.8,,,,14846.4,,7,0,1188,2
TH-02279,2026-07-10,B,21.8,,,,21115.7,,9,0,,0
TH-02280,2026-07-10,B,21.8,,,,17742.0,,7,0,,0
TH-02281,2026-07-10,B,21.8,,,,4278.7,,7,0,,0
TH-02283,2026-07-10,B,21.8,,,,21370.7,,11,0,,0
TH-02285,2026-07-10,B,21.8,,,,12850.6,,6,0,6021,0
TH-02286,2026-07-10,B,21.8,,,,7606.2,,4,0,7702,2
TH-02287,2026-07-10,B,21.8,32.5,26.4,,18046.8,,13,0,,0
TH-02288,2026-07-10,B,21.8,,,,5454.4,,9,0,6021,0
TH-02290,2026-07-10,B,21.8,31.8,25.0,,7340.6,,22,0,,0
TH-02292,2026-07-10,C,21.8,,,,1.82,,,0,,warn
TH-02297,2026-07-10,C,21.8,,,,2.14,,,0,,OK
TH-02299,2026-07-10,C,21.8,31.3,,,1.23,,,0,,OK
TH-02300,2026-07-10,C,21.8,,,,0.79,,,0,,warn
TH-02302,2026-07-10,C,21.8,,,,1.2,,,0,,OK
TH-02303,2026-07-10,C,21.8,,,,2.07,,,0,,OK
TH-02304,2026-07-10,C,21.8,31.2,,,1.22,,,0,,warn
TH-02307,2026-07-10,C,21.8,,,,1.89,,,0,,
TH-02308,2026-07-10,C,21.8,,,,1.6,,,0,,
TH-02309,2026-07-10,C,21.8,,,,1.34,,,0,,
TH-02311,2026-07-10,C,21.8,,,,0.96,,,0,,OK
TH-02312,2026-07-10,C,21.8,,,,1.22,,,0,,OK
TH-02313,2026-07-10,C,21.8,,,,1.39,,,0,,OK
TH-02314,2026-07-10,C,21.8,,,,1.34,,,0,,warn
TH-02317,2026-07-10,C,21.8,,,,0.97,,,0,,warn
TH-02319,2026-07-10,C,21.8,,,,1.36,,,0,,warn
TH-02322,2026-07-10,C,21.8,,,,1.15,,,0,,warn
TH-02323,2026-07-10,C,21.8,,,,1.17,,,0,,OK
TH-02324,2026-07-10,C,21.8,,,,1.27,,,0,,
TH-02333,2026-07-10,C,21.8,,,,1.43,,,0,,OK
TH-02336,2026-07-10,C,21.8,,,,0.94,,,0,,OK
TH-02337,2026-07-10,C,21.8,,,,1.1,,,0,,warn
TH-02338,2026-07-10,C,21.8,,,,0.98,,,0,,
TH-02339,2026-07-10,C,21.8,,,,1.87,,,0,,
TH-02342,2026-07-10,C,21.8,,,,0.93,,,0,,
TH-02343,2026-07-10,C,21.8,,,,1.36,,,0,,warn
TH-02344,2026-07-10,C,21.8,,,,1.93,,,0,,warn
TH-02345,2026-07-10,C,21.8,,,,1.39,,,0,,OK
TH-02347,2026-07-10,C,21.8,,,,0.98,,,0,,warn
TH-02348,2026-07-10,C,21.8,,,,0.75,,,0,,warn
TH-02351,2026-07-10,C,21.8,,,,1.66,,,0,,
TH-02352,2026-07-10,C,21.8,,,,0.99,,,0,,OK
TH-02357,2026-07-10,C,21.8,,,,1.4,,,0,ALM_HP_HP_SWITCH,OK
TH-02359,2026-07-10,C,21.8,,,,1.69,,,0,,
TH-02360,2026-07-10,C,21.8,,,,1.88,,,0,,warn
TH-02365,2026-07-10,C,21.8,,,,0.96,,,0,,warn
TH-02366,2026-07-10,C,21.8,,,,1.47,,,0,,OK
TH-02367,2026-07-10,C,21.8,,,,1.09,,,0,,warn
TH-02371,2026-07-10,C,21.8,,,,1.39,,,0,,
TH-02374,2026-07-10,C,21.8,32.3,,,1.43,,,0,,
TH-02375,2026-07-10,C,21.8,31.2,,,1.03,,,0,,OK
TH-02379,2026-07-10,C,21.8,,,49.0,1.81,,,0,,
TH-02380,2026-07-10,C,21.8,,,,2.37,,,0,,
TH-02383,2026-07-10,C,21.8,,,,1.19,,,0,,warn
TH-02384,2026-07-10,C,21.8,,,,1.26,,,0,,OK
TH-02385,2026-07-10,C,21.8,,,,1.19,,,0,,
TH-02387,2026-07-10,C,21.8,,,,0.82,,,0,,OK
TH-02388,2026-07-10,C,21.8,,,,1.42,,,0,ALM_SM_LINK,warn
TH-02389,2026-07-10,C,21.8,,,,2.02,,,0,,OK
TH-02393,2026-07-10,C,21.8,,,,1.02,,,0,,OK
TH-02395,2026-07-10,C,21.8,,,,1.26,,,0,,
TH-02396,2026-07-10,C,21.8,,,49.3,1.64,,,0,,
TH-02397,2026-07-10,C,21.8,,,,2.0,,,0,,
TH-02398,2026-07-10,C,21.8,,,,1.24,,,0,,
TH-02400,2026-07-10,C,21.8,33.0,,,1.19,,,0,,OK
th-02012,2026-07-10,A,21.8,32.4,26.1,47.8,1.81,5.9,4,0,,OK
th-02030,2026-07-10,A,21.8,30.6,23.6,52.1,0.69,3.0,10,0,,OK
th-02038,2026-07-10,A,21.8,31.8,28.2,50.2,2.09,6.5,7,0,,OK
th-02044,2026-07-10,A,21.8,32.3,25.9,51.1,0.82,3.1,8,0,,OK
th-02048,2026-07-10,A,21.8,31.7,25.4,48.4,1.97,6.8,5,0,,OK
th-02053,2026-07-10,A,21.8,33.1,27.7,48.9,1.6,6.9,3,0,,OK
th-02087,2026-07-10,A,21.8,33.5,26.2,46.0,1.53,5.5,6,0,,ok
th-02095,2026-07-10,A,21.8,30.6,24.2,52.8,1.97,7.3,10,0,,ok
th-02099,2026-07-10,A,21.8,31.8,26.8,51.5,2.11,7.1,7,0,,ok
th-02113,2026-07-10,A,21.8,32.1,26.4,46.2,0.87,3.5,12,0,,ok
th-02118,2026-07-10,A,21.8,31.5,25.5,50.9,1.58,6.3,8,0,,ok
th-02120,2026-07-10,A,21.8,30.9,23.9,52.3,1.2,5.1,8,0,,OK
th-02121,2026-07-10,A,21.8,32.2,27.1,48.0,1.66,7.1,13,0,,OK
th-02125,2026-07-10,A,21.8,33.0,28.0,46.9,1.45,5.3,5,0,,ok
th-02129,2026-07-10,A,21.8,33.1,27.2,50.0,1.12,4.0,11,0,,OK
th-02141,2026-07-10,B,21.8,,,,17199.5,,7,0,,0
th-02160,2026-07-10,B,21.8,,,,14968.5,,3,0,,0
th-02176,2026-07-10,B,21.8,,,,5446.2,,12,0,6021,0
th-02184,2026-07-10,B,21.8,,,,20319.0,,4,0,6021,0
th-02247,2026-07-10,B,21.8,,,,5506.4,,10,0,6021,0
th-02255,2026-07-10,B,21.8,,,,12951.9,,7,0,,0
th-02256,2026-07-10,B,21.8,,,,7875.1,,10,0,,0
th-02273,2026-07-10,B,21.8,,,,19830.5,,12,0,,0
th-02294,2026-07-10,C,21.8,,,,1.29,,,0,,warn
th-02296,2026-07-10,C,21.8,,,,1.72,,,0,,OK
th-02298,2026-07-10,C,21.8,,,,1.25,,,0,,OK
th-02331,2026-07-10,C,21.8,,,,1.97,,,0,,warn
th-02334,2026-07-10,C,21.8,,,,1.55,,,0,,
th-02335,2026-07-10,C,21.8,,,,1.03,,,0,,warn
th-02340,2026-07-10,C,21.8,,,,1.6,,,0,,warn
th-02341,2026-07-10,C,21.8,,,,1.33,,,0,,OK
th-02346,2026-07-10,C,21.8,,,,0.93,,,0,,warn
th-02354,2026-07-10,C,21.8,,,,2.11,,,0,,
th-02358,2026-07-10,C,21.8,,,,1.08,,,0,,warn
th-02363,2026-07-10,C,21.8,,,,1.56,,,0,,
th-02377,2026-07-10,C,21.8,,,,1.55,,,0,,OK
th-02381,2026-07-10,C,21.8,,,,1.77,,,0,ALM_SM_LINK,OK
th-02399,2026-07-10,C,21.8,,,,1.29,,,0,,warn
 TH-02001,2026-07-11,A,20.7,32.2,26.3,51.5,1.32,4.4,4,0,,OK
 TH-02002,2026-07-11,A,20.7,30.9,26.1,49.9,1.16,4.6,8,0,,OK
 TH-02004,2026-07-11,A,20.7,30.9,25.1,48.0,1.54,6.1,12,0,,ok
 TH-02007,2026-07-11,A,20.7,33.3,29.2,48.9,2.19,7.1,11,0,E-211,ok
 TH-02020,2026-07-11,A,20.7,33.1,27.3,48.1,1.14,4.9,6,0,,OK
 TH-02023,2026-07-11,A,20.7,32.5,25.3,47.7,1.92,7.4,12,0,,OK
 TH-02072,2026-07-11,A,20.7,33.5,28.3,51.7,1.91,6.0,9,0,,ok
 TH-02076,2026-07-11,A,20.7,31.9,26.1,52.1,0.83,3.6,13,0,,OK
 TH-02077,2026-07-11,A,20.7,30.7,23.5,48.2,0.86,3.7,6,0,,ok
 TH-02086,2026-07-11,A,20.7,31.9,24.6,51.7,1.85,7.5,9,0,,OK
 TH-02087,2026-07-11,A,20.7,31.9,26.7,50.7,1.57,6.5,8,0,,ok
 TH-02091,2026-07-11,A,20.7,-999,26.8,46.1,1.65,5.0,11,0,,OK
 TH-02111,2026-07-11,A,20.7,32.9,26.0,48.2,1.62,6.3,10,0,,ok
 TH-02122,2026-07-11,A,20.7,32.3,27.5,52.0,1.45,5.6,9,0,,ok
 TH-02158,2026-07-11,B,20.7,,,,7100.2,,11,0,,0
 TH-02169,2026-07-11,B,20.7,,,,18492.8,,7,0,,0
 TH-02178,2026-07-11,B,20.7,,,,19530.5,,9,0,,0
 TH-02221,2026-07-11,B,20.7,,,,16225.7,,20,0,6021,0
 TH-02235,2026-07-11,B,20.7,,,,22706.3,,5,0,6021,0
 TH-02248,2026-07-11,B,20.7,,,,23312.8,,10,0,6021,0
 TH-02269,2026-07-11,B,20.7,,,,12423.1,,11,0,6021,0
 TH-02270,2026-07-11,B,20.7,32.7,26.1,,21959.0,,5,0,6021,0
 TH-02272,2026-07-11,B,20.7,,,,24877.7,,11,0,6021,0
 TH-02279,2026-07-11,B,20.7,,,,21117.7,,2,0,6021,0
 TH-02287,2026-07-11,B,20.7,,,,18049.0,,9,0,,0
 TH-02307,2026-07-11,C,20.7,,,,1.17,,,0,,warn
 TH-02311,2026-07-11,C,20.7,,,,1.68,,,0,,warn
 TH-02334,2026-07-11,C,20.7,33.4,,,1.59,,,0,,OK
 TH-02343,2026-07-11,C,20.7,,,,1.15,,,0,,warn
 TH-02354,2026-07-11,C,20.7,,,,2.06,,,0,,OK
 TH-02359,2026-07-11,C,20.7,,,,1.18,,,0,,warn
 TH-02388,2026-07-11,C,20.7,,,,0.93,,,0,,warn
TH-02005,2026-07-11,A,20.7,32.3,25.5,48.6,1.12,3.8,10,0,,OK
TH-02006,2026-07-11,A,20.7,33.4,28.9,46.2,1.25,4.5,9,0,E-211,OK
TH-02008,2026-07-11,A,20.7,32.7,27.2,49.8,1.78,6.9,10,0,,ok
TH-02009,2026-07-11,A,20.7,32.2,27.3,50.6,1.47,5.9,15,0,,OK
TH-02011,2026-07-11,A,20.7,30.7,23.8,52.0,1.09,4.7,4,0,,ok
TH-02012,2026-07-11,A,20.7,32.9,28.0,49.0,1.26,5.0,10,0,,OK
TH-02015,2026-07-11,A,20.7,32.4,26.2,52.7,2.02,6.6,10,0,,ok
TH-02016,2026-07-11,A,20.7,32.3,25.5,51.3,1.22,3.8,10,0,,OK
TH-02017,2026-07-11,A,20.7,32.0,25.9,50.6,1.06,3.5,9,0,,ok
TH-02021,2026-07-11,A,20.7,31.5,24.0,51.0,1.45,4.5,3,0,,OK
TH-02025,2026-07-11,A,20.7,32.7,26.4,50.7,1.73,7.4,8,0,,OK
TH-02028,2026-07-11,A,20.7,31.4,26.0,49.2,1.95,6.2,9,0,,ok
TH-02030,2026-07-11,A,20.7,33.1,27.2,46.7,1.68,6.7,11,0,,ok
TH-02031,2026-07-11,A,20.7,33.0,25.9,49.9,1.46,5.8,10,0,,OK
TH-02032,2026-07-11,A,20.7,30.8,24.3,47.7,1.17,4.2,8,0,,ok
TH-02033,2026-07-11,A,20.7,32.2,26.2,48.7,1.61,5.5,9,0,,OK
TH-02034,2026-07-11,A,20.7,32.5,25.1,46.0,2.15,7.1,7,0,,OK
TH-02036,2026-07-11,A,20.7,32.2,26.7,51.3,1.85,6.5,10,0,,OK
TH-02037,2026-07-11,A,20.7,32.9,25.9,47.3,1.87,5.8,12,0,,OK
TH-02038,2026-07-11,A,20.7,33.5,29.8,51.2,1.26,4.3,8,0,E-211,warn
TH-02040,2026-07-11,A,20.7,30.7,24.4,52.9,1.08,4.6,10,0,,OK
TH-02044,2026-07-11,A,20.7,31.5,25.8,48.5,1.19,4.3,9,0,,OK
TH-02045,2026-07-11,A,20.7,31.1,26.6,47.5,1.18,4.7,10,0,,OK
TH-02047,2026-07-11,A,20.7,32.3,27.2,51.4,1.71,7.1,8,0,,OK
TH-02048,2026-07-11,A,20.7,32.8,27.2,51.0,1.51,4.7,8,0,,ok
TH-02049,2026-07-11,A,20.7,32.6,27.7,50.5,1.03,4.5,8,0,,OK
TH-02050,2026-07-11,A,20.7,33.5,27.3,47.0,1.13,4.0,11,0,,OK
TH-02052,2026-07-11,A,20.7,33.2,27.2,52.3,1.72,7.0,9,0,,OK
TH-02054,2026-07-11,A,20.7,33.1,27.5,47.7,0.77,3.3,9,0,,OK
TH-02055,2026-07-11,A,20.7,31.4,25.6,51.0,1.85,6.2,7,0,,ok
TH-02056,2026-07-11,A,20.7,31.7,24.4,50.2,1.09,4.7,7,0,,ok
TH-02061,2026-07-11,A,20.7,33.5,26.7,51.5,1.64,5.2,7,0,,ok
TH-02063,2026-07-11,A,20.7,31.0,24.6,52.6,1.58,5.8,5,0,,OK
TH-02065,2026-07-11,A,20.7,31.3,25.1,46.2,1.4,5.9,11,0,,OK
TH-02068,2026-07-11,A,20.7,32.3,25.2,48.3,0.87,3.8,11,0,,OK
TH-02071,2026-07-11,A,20.7,31.9,26.9,48.3,1.37,5.8,11,0,,ok
TH-02073,2026-07-11,A,20.7,30.6,26.6,49.1,0.99,3.2,9,0,E-211,ok
TH-02074,2026-07-11,A,20.7,33.4,26.1,51.6,1.91,6.7,9,0,,OK
TH-02078,2026-07-11,A,20.7,31.1,26.3,47.3,1.5,5.1,4,0,,OK
TH-02080,2026-07-11,A,20.7,32.2,25.4,51.4,2.29,7.4,12,0,,OK
TH-02084,2026-07-11,A,20.7,31.1,24.4,46.7,1.51,6.6,6,0,,ok
TH-02085,2026-07-11,A,20.7,31.3,25.6,52.7,1.24,5.3,12,0,,OK
TH-02090,2026-07-11,A,20.7,31.5,26.9,51.6,1.2,5.1,12,0,,ok
TH-02093,2026-07-11,A,20.7,33.5,26.2,50.2,1.12,4.3,14,0,,OK
TH-02094,2026-07-11,A,20.7,32.9,28.1,49.6,1.61,7.0,2,0,,OK
TH-02095,2026-07-11,A,20.7,31.5,24.9,47.8,1.46,6.3,15,0,,OK
TH-02097,2026-07-11,A,20.7,32.8,28.0,46.1,1.73,5.9,8,0,,ok
TH-02098,2026-07-11,A,20.7,33.0,27.3,49.1,1.8,5.7,7,0,,OK
TH-02099,2026-07-11,A,20.7,32.0,26.6,52.2,2.05,7.1,17,0,,ok
TH-02101,2026-07-11,A,20.7,33.1,26.2,48.8,1.47,5.5,4,0,,OK
TH-02103,2026-07-11,A,20.7,32.5,25.6,52.2,0.89,3.8,5,0,,ok
TH-02109,2026-07-11,A,20.7,32.7,27.8,50.4,1.55,5.8,6,0,,ok
TH-02113,2026-07-11,A,20.7,31.5,26.9,46.4,1.2,3.8,8,0,,ok
TH-02114,2026-07-11,A,20.7,30.5,24.3,53.0,1.67,5.9,4,0,,OK
TH-02118,2026-07-11,A,20.7,33.3,26.2,50.9,1.37,4.8,9,0,,ok
TH-02120,2026-07-11,A,20.7,31.6,24.3,51.7,2.1,6.9,7,0,,ok
TH-02121,2026-07-11,A,20.7,31.1,26.0,46.4,0.78,3.1,13,0,,ok
TH-02126,2026-07-11,A,20.7,31.8,27.0,52.8,2.13,7.5,9,0,,OK
TH-02127,2026-07-11,A,20.7,32.9,28.0,46.2,1.37,4.8,10,0,,ok
TH-02129,2026-07-11,A,20.7,32.9,26.4,51.0,1.16,5.0,13,0,,ok
TH-02130,2026-07-11,A,20.7,31.6,27.0,48.8,1.04,4.2,15,0,,OK
TH-02132,2026-07-11,A,20.7,32.8,29.0,52.7,0.98,3.5,10,0,E-211,ok
TH-02133,2026-07-11,A,20.7,33.4,26.4,50.0,1.78,6.2,3,0,,OK
TH-02134,2026-07-11,A,20.7,33.3,26.4,50.0,1.08,4.0,11,0,,OK
TH-02135,2026-07-11,A,20.7,31.4,25.8,50.1,1.52,6.1,5,0,,OK
TH-02136,2026-07-11,A,20.7,-999,26.7,49.2,1.0,3.1,13,0,,ok
TH-02137,2026-07-11,A,20.7,30.7,25.4,50.2,1.03,4.2,9,0,,OK
TH-02138,2026-07-11,A,20.7,33.2,27.5,47.7,1.55,6.7,8,0,,ok
TH-02140,2026-07-11,A,20.7,30.6,23.5,47.5,1.88,7.2,10,0,,OK
TH-02141,2026-07-11,B,20.7,,,,17200.7,,3,0,,0
TH-02143,2026-07-11,B,20.7,,,,17947.6,,9,0,6021,0
TH-02144,2026-07-11,B,20.7,,,,12969.6,,11,0,6021,0
TH-02146,2026-07-11,B,20.7,,,,24531.6,,8,0,6021,0
TH-02152,2026-07-11,B,20.7,,,,22547.8,,6,0,,0
TH-02155,2026-07-11,B,20.7,,,,4519.0,,5,0,,0
TH-02159,2026-07-11,B,20.7,,,,12100.1,,15,0,6021,0
TH-02160,2026-07-11,B,20.7,,,,14970.2,,13,0,,0
TH-02161,2026-07-11,B,20.7,,,,8312.3,,8,0,,0
TH-02162,2026-07-11,B,20.7,,,,14679.2,,5,0,6021,0
TH-02165,2026-07-11,B,20.7,,,,15135.7,,6,0,,0
TH-02166,2026-07-11,B,20.7,,,,17562.9,,9,0,6021,0
TH-02168,2026-07-11,B,20.7,,,,13674.5,,12,0,,0
TH-02170,2026-07-11,B,20.7,,,,11474.5,,10,0,1188,2
TH-02171,2026-07-11,B,20.7,,,,14098.8,,10,0,,0
TH-02173,2026-07-11,B,20.7,,,,6983.6,,7,0,,0
TH-02175,2026-07-11,B,20.7,,,,12086.2,,9,0,,0
TH-02176,2026-07-11,B,20.7,,,,5447.6,,3,0,,0
TH-02177,2026-07-11,B,20.7,,,,12974.7,,7,0,3104,2
TH-02180,2026-07-11,B,20.7,33.2,27.5,,11640.5,,9,0,,0
TH-02182,2026-07-11,B,20.7,,,,20983.5,,23,0,6021,0
TH-02184,2026-07-11,B,20.7,,,,20320.0,,8,0,,0
TH-02185,2026-07-11,B,20.7,,,,25252.6,,7,0,6021,0
TH-02187,2026-07-11,B,20.7,,,,13649.0,,11,0,,0
TH-02188,2026-07-11,B,20.7,,,,24518.1,,6,0,,0
TH-02189,2026-07-11,B,20.7,,,,19387.9,,11,0,6021,0
TH-02190,2026-07-11,B,20.7,,,,24702.5,,6,0,,0
TH-02192,2026-07-11,B,20.7,,,,23411.9,,6,0,,0
TH-02194,2026-07-11,B,20.7,,,,19032.9,,8,0,6021,0
TH-02195,2026-07-11,B,20.7,,,,14857.3,,22,0,6021,0
TH-02202,2026-07-11,B,20.7,,,,13851.6,,8,0,,0
TH-02204,2026-07-11,B,20.7,,,,5209.5,,8,0,,0
TH-02207,2026-07-11,B,20.7,,,,13707.1,,11,0,,0
TH-02213,2026-07-11,B,20.7,,,,9350.6,,6,0,,0
TH-02214,2026-07-11,B,20.7,,,,9157.1,,6,0,,0
TH-02215,2026-07-11,B,20.7,,,,18282.5,,6,0,,0
TH-02216,2026-07-11,B,20.7,,,,17191.8,,9,0,,0
TH-02223,2026-07-11,B,20.7,,,,22265.6,,10,0,6021,0
TH-02226,2026-07-11,B,20.7,,,,9770.2,,9,0,6021,0
TH-02228,2026-07-11,B,20.7,,,,23960.3,,2,0,6021,0
TH-02230,2026-07-11,B,20.7,,,,25653.2,,5,0,,0
TH-02231,2026-07-11,B,20.7,,,,7606.2,,11,0,6021,0
TH-02234,2026-07-11,B,20.7,,,,13317.7,,5,0,6021,0
TH-02236,2026-07-11,B,20.7,,,,4261.4,,9,0,6021,0
TH-02238,2026-07-11,B,20.7,,,,7801.9,,5,0,6021,0
TH-02239,2026-07-11,B,20.7,,,,17239.7,,10,0,,0
TH-02240,2026-07-11,B,20.7,,,,8078.0,,4,0,6021,0
TH-02242,2026-07-11,B,20.7,,,,14370.5,,10,0,6021,0
TH-02244,2026-07-11,B,20.7,,,,16903.2,,8,0,7702,2
TH-02245,2026-07-11,B,20.7,,,,14961.3,,6,0,,0
TH-02246,2026-07-11,B,20.7,,,,15974.3,,7,0,6021,0
TH-02247,2026-07-11,B,20.7,,,,5508.1,,9,0,6021,0
TH-02249,2026-07-11,B,20.7,,,,6918.8,,13,0,6021,0
TH-02250,2026-07-11,B,20.7,,,,11207.9,,9,0,,0
TH-02251,2026-07-11,B,20.7,,,,24483.7,,9,0,,0
TH-02255,2026-07-11,B,20.7,,,,12953.3,,11,0,6021,0
TH-02257,2026-07-11,B,20.7,,,,21305.0,,5,0,7702,2
TH-02258,2026-07-11,B,20.7,,,,10378.2,,13,0,6021,0
TH-02259,2026-07-11,B,20.7,,,,12308.1,,8,0,,0
TH-02260,2026-07-11,B,20.7,,,,7364.1,,8,0,3104,2
TH-02262,2026-07-11,B,20.7,,,,9204.6,,13,0,6021,0
TH-02265,2026-07-11,B,20.7,33.2,27.0,,22616.4,,22,0,3104,2
TH-02267,2026-07-11,B,20.7,,,,11564.9,,7,0,,0
TH-02268,2026-07-11,B,20.7,,,,23848.7,,6,0,,0
TH-02271,2026-07-11,B,20.7,,,,4971.5,,2,0,,0
TH-02273,2026-07-11,B,20.7,,,,19831.4,,14,0,6021,0
TH-02275,2026-07-11,B,20.7,,,,12367.7,,10,0,6021,0
TH-02278,2026-07-11,B,20.7,,,,14847.3,,7,0,6021,0
TH-02280,2026-07-11,B,20.7,,,,17743.6,,8,0,6021,0
TH-02281,2026-07-11,B,20.7,,,,4280.2,,6,0,,0
TH-02283,2026-07-11,B,20.7,,,,21371.5,,13,0,6021,0
TH-02285,2026-07-11,B,20.7,,,,12851.9,,13,0,6021,0
TH-02286,2026-07-11,B,20.7,33.1,27.4,,7607.0,,10,0,,0
TH-02288,2026-07-11,B,20.7,,,,5455.5,,9,0,6021,0
TH-02290,2026-07-11,B,20.7,,,,7341.6,,17,0,3104,2
TH-02294,2026-07-11,C,20.7,,,,0.97,,,0,,
TH-02296,2026-07-11,C,20.7,,,,1.33,,,0,,
TH-02297,2026-07-11,C,20.7,,,,1.03,,,0,,
TH-02298,2026-07-11,C,20.7,,,,0.85,,,0,,
TH-02299,2026-07-11,C,20.7,,,,1.61,,,0,,OK
TH-02300,2026-07-11,C,20.7,,,,1.64,,,0,,OK
TH-02302,2026-07-11,C,20.7,,,,1.12,,,0,,OK
TH-02303,2026-07-11,C,20.7,,,,1.59,,,0,,OK
TH-02308,2026-07-11,C,20.7,,,,1.24,,,0,,OK
TH-02309,2026-07-11,C,20.7,32.6,,,2.15,,,0,,OK
TH-02312,2026-07-11,C,20.7,,,,1.68,,,0,,warn
TH-02313,2026-07-11,C,20.7,,,,1.58,,,0,,OK
TH-02314,2026-07-11,C,20.7,,,,0.82,,,0,,
TH-02316,2026-07-11,C,20.7,,,,1.43,,,0,,OK
TH-02317,2026-07-11,C,20.7,,,,1.9,,,0,,
TH-02319,2026-07-11,C,20.7,,,,1.29,,,0,,OK
TH-02322,2026-07-11,C,20.7,,,,1.0,,,0,,OK
TH-02323,2026-07-11,C,20.7,,,,0.96,,,0,,OK
TH-02324,2026-07-11,C,20.7,,,,1.78,,,0,,
TH-02331,2026-07-11,C,20.7,,,,1.74,,,0,,warn
TH-02333,2026-07-11,C,20.7,,,,1.16,,,0,,OK
TH-02335,2026-07-11,C,20.7,,,,1.31,,,0,,
TH-02336,2026-07-11,C,20.7,,,,2.03,,,0,,OK
TH-02337,2026-07-11,C,20.7,,,,1.46,,,0,,OK
TH-02338,2026-07-11,C,20.7,,,,0.91,,,0,,OK
TH-02339,2026-07-11,C,20.7,,,,2.11,,,0,,warn
TH-02340,2026-07-11,C,20.7,,,,1.7,,,0,,OK
TH-02341,2026-07-11,C,20.7,,,,1.8,,,0,,
TH-02344,2026-07-11,C,20.7,,,,1.33,,,0,,OK
TH-02345,2026-07-11,C,20.7,,,,1.31,,,0,,warn
TH-02346,2026-07-11,C,20.7,,,,1.81,,,0,,OK
TH-02347,2026-07-11,C,20.7,,,,1.44,,,0,,
TH-02348,2026-07-11,C,20.7,,,,1.69,,,0,,OK
TH-02351,2026-07-11,C,20.7,,,,0.94,,,0,,warn
TH-02352,2026-07-11,C,20.7,,,,1.83,,,0,,
TH-02357,2026-07-11,C,20.7,,,,1.42,,,0,,OK
TH-02358,2026-07-11,C,20.7,,,,1.69,,,0,,OK
TH-02360,2026-07-11,C,20.7,,,,0.84,,,0,,
TH-02361,2026-07-11,C,20.7,,,,1.47,,,0,,warn
TH-02363,2026-07-11,C,20.7,,,,0.77,,,0,,warn
TH-02365,2026-07-11,C,20.7,,,,1.11,,,0,,OK
TH-02366,2026-07-11,C,20.7,,,,1.3,,,0,,warn
TH-02367,2026-07-11,C,20.7,33.0,,,1.02,,,0,,warn
TH-02371,2026-07-11,C,20.7,,,,0.77,,,0,,
TH-02374,2026-07-11,C,20.7,,,,2.12,,,0,,
TH-02375,2026-07-11,C,20.7,,,,1.74,,,0,,OK
TH-02377,2026-07-11,C,20.7,,,,1.61,,,0,,warn
TH-02379,2026-07-11,C,20.7,,,,1.51,,,0,,warn
TH-02380,2026-07-11,C,20.7,,,,1.72,,,0,,warn
TH-02381,2026-07-11,C,20.7,,,,1.36,,,0,,OK
TH-02383,2026-07-11,C,20.7,,,,1.71,,,0,,
TH-02387,2026-07-11,C,20.7,,,,0.68,,,0,,OK
TH-02389,2026-07-11,C,20.7,,,,1.6,,,0,,
TH-02393,2026-07-11,C,20.7,,,,1.41,,,0,,warn
TH-02395,2026-07-11,C,20.7,,,,1.75,,,0,,OK
TH-02396,2026-07-11,C,20.7,,,,1.36,,,0,,OK
TH-02397,2026-07-11,C,20.7,,,,2.02,,,0,,
TH-02399,2026-07-11,C,20.7,,,,2.16,,,0,,OK
TH-02400,2026-07-11,C,20.7,,,,1.33,,,0,,warn
TH-90000,2026-07-11,C,20.7,,,,2.97,,,0,,OK
TH-90001,2026-07-11,C,20.7,,,,7.85,,,0,,OK
TH-90002,2026-07-11,C,20.7,,,,13.05,,,0,,OK
TH-90003,2026-07-11,C,20.7,,,,3.05,,,0,,OK
TH-90004,2026-07-11,C,20.7,,,,3.95,,,0,,OK
th-02019,2026-07-11,A,20.7,33.2,26.1,46.5,0.9,3.4,7,0,,OK
th-02035,2026-07-11,A,20.7,30.8,26.0,46.6,0.91,3.4,9,0,,OK
th-02046,2026-07-11,A,20.7,32.2,25.6,51.7,1.28,5.4,9,0,,OK
th-02051,2026-07-11,A,20.7,32.1,25.2,48.9,2.06,7.1,8,0,,ok
th-02053,2026-07-11,A,20.7,30.7,24.0,51.5,1.17,5.0,6,0,,ok
th-02062,2026-07-11,A,20.7,31.1,24.8,50.2,1.14,4.8,2,0,,OK
th-02075,2026-07-11,A,20.7,31.4,26.5,49.2,1.27,4.3,6,0,,OK
th-02081,2026-07-11,A,20.7,32.0,25.9,49.0,1.7,7.4,14,0,E-211,ok
th-02083,2026-07-11,A,20.7,33.1,25.9,47.4,1.74,6.5,6,0,,OK
th-02100,2026-07-11,A,20.7,32.2,25.2,46.6,1.82,6.4,12,0,,ok
th-02124,2026-07-11,A,20.7,32.8,28.0,50.8,1.32,5.3,10,0,,OK
th-02125,2026-07-11,A,20.7,31.5,27.0,48.3,1.53,6.7,8,0,,ok
th-02139,2026-07-11,A,20.7,31.5,26.3,52.1,1.09,4.0,5,0,,ok
th-02145,2026-07-11,B,20.7,,,,4843.2,,12,0,,0
th-02149,2026-07-11,B,20.7,,,,8103.0,,8,0,6021,0
th-02153,2026-07-11,B,20.7,30.6,26.0,,19057.2,,2,0,,0
th-02181,2026-07-11,B,20.7,,,,18774.0,,11,0,,0
th-02196,2026-07-11,B,20.7,,,,25249.7,,8,0,6021,0
th-02206,2026-07-11,B,20.7,,,,17424.3,,10,0,,0
th-02243,2026-07-11,B,20.7,,,,11704.3,,13,0,3104,2
th-02256,2026-07-11,B,20.7,31.7,26.2,,7876.4,,6,0,6021,0
th-02266,2026-07-11,B,20.7,,,,16142.8,,9,0,6021,0
th-02292,2026-07-11,C,20.7,32.2,,,1.04,,,0,,OK
th-02304,2026-07-11,C,20.7,,,,0.8,,,0,,
th-02342,2026-07-11,C,20.7,,,,-0.82,,,0,,
th-02355,2026-07-11,C,20.7,,,,1.57,,,0,,
th-02384,2026-07-11,C,20.7,,,,2.14,,,0,,
th-02385,2026-07-11,C,20.7,,,52.6,2.06,,,0,,OK
th-02398,2026-07-11,C,20.7,,,,1.61,,,0,,
 TH-02035,2026-07-12,A,18.7,30.9,25.7,47.3,1.09,4.4,9,0,,OK
 TH-02037,2026-07-12,A,18.7,31.1,26.1,46.2,1.18,5.2,7,0,,ok
 TH-02047,2026-07-12,A,18.7,32.5,25.5,46.6,1.41,5.7,11,0,,ok
 TH-02081,2026-07-12,A,18.7,32.8,27.4,51.5,1.29,5.5,8,0,,OK
 TH-02095,2026-07-12,A,18.7,31.4,24.6,52.1,1.81,6.1,8,0,,ok
 TH-02099,2026-07-12,A,18.7,32.3,25.0,50.6,1.04,3.8,5,0,,OK
 TH-02146,2026-07-12,B,18.7,,,,24534.0,,13,0,,0
 TH-02173,2026-07-12,B,18.7,,,,6985.4,,13,0,6021,0
 TH-02206,2026-07-12,B,18.7,,,,17425.9,,7,0,,0
 TH-02236,2026-07-12,B,18.7,,,,4262.6,,10,0,6021,0
 TH-02255,2026-07-12,B,18.7,,,,12954.4,,6,0,,0
 TH-02257,2026-07-12,B,18.7,,,,21306.0,,9,0,,0
 TH-02285,2026-07-12,B,18.7,,,,12853.6,,7,0,,0
 TH-02317,2026-07-12,C,18.7,,,,1.22,,,0,,OK
 TH-02319,2026-07-12,C,18.7,,,,1.09,,,0,,
 TH-02341,2026-07-12,C,18.7,,,51.8,1.03,,,0,,OK
TH-02001,2026-07-12,A,18.7,31.0,24.7,48.0,1.84,6.5,7,0,,ok
TH-02002,2026-07-12,A,18.7,30.9,26.4,46.8,1.15,4.5,11,0,,ok
TH-02004,2026-07-12,A,18.7,32.2,26.0,49.9,1.34,5.3,6,0,,ok
TH-02005,2026-07-12,A,18.7,30.8,25.3,48.0,1.25,4.2,5,0,,ok
TH-02006,2026-07-12,A,18.7,31.2,25.9,51.5,2.23,7.0,8,0,,OK
TH-02007,2026-07-12,A,18.7,32.5,27.3,51.4,0.97,3.3,9,0,,ok
TH-02008,2026-07-12,A,18.7,31.2,24.6,46.5,1.89,7.1,14,0,,OK
TH-02009,2026-07-12,A,18.7,32.5,25.6,48.6,1.73,6.8,11,0,,OK
TH-02011,2026-07-12,A,18.7,31.6,24.2,51.0,1.39,4.9,8,0,,ok
TH-02012,2026-07-12,A,18.7,33.0,28.1,51.6,1.69,6.1,11,0,,ok
TH-02015,2026-07-12,A,18.7,31.8,25.2,47.2,1.69,6.2,11,0,,OK
TH-02016,2026-07-12,A,18.7,30.8,23.4,48.5,1.42,5.5,9,0,,OK
TH-02019,2026-07-12,A,18.7,33.0,25.8,50.1,0.93,3.2,8,0,,OK
TH-02020,2026-07-12,A,18.7,33.4,26.1,51.6,1.28,4.5,8,0,,ok
TH-02023,2026-07-12,A,18.7,31.3,25.8,51.9,2.08,6.6,11,0,,OK
TH-02025,2026-07-12,A,18.7,31.9,24.4,52.8,1.18,4.1,7,0,,ok
TH-02028,2026-07-12,A,18.7,31.6,25.1,47.9,1.46,6.2,12,0,,ok
TH-02030,2026-07-12,A,18.7,30.7,24.2,50.8,0.98,3.8,8,0,,OK
TH-02031,2026-07-12,A,18.7,31.9,26.9,47.7,1.33,4.7,9,0,,OK
TH-02034,2026-07-12,A,18.7,31.5,26.8,0,1.53,5.3,9,0,,OK
TH-02036,2026-07-12,A,18.7,31.7,25.1,52.7,1.06,4.0,19,0,,ok
TH-02038,2026-07-12,A,18.7,32.3,28.2,47.7,2.33,7.0,10,0,,OK
TH-02044,2026-07-12,A,18.7,33.1,27.4,49.3,1.02,3.6,4,0,,OK
TH-02046,2026-07-12,A,18.7,32.5,25.9,52.8,1.13,4.8,6,0,,OK
TH-02048,2026-07-12,A,18.7,30.9,24.3,50.2,1.26,4.6,10,0,,OK
TH-02050,2026-07-12,A,18.7,31.3,26.2,52.0,1.36,5.1,10,0,,OK
TH-02051,2026-07-12,A,18.7,31.7,26.5,47.9,1.22,5.1,8,0,,ok
TH-02053,2026-07-12,A,18.7,33.4,28.0,47.0,0.85,3.5,11,0,,ok
TH-02054,2026-07-12,A,18.7,32.3,25.0,50.2,1.25,5.1,9,0,,OK
TH-02055,2026-07-12,A,18.7,32.5,25.3,48.9,0.95,3.7,12,0,,ok
TH-02056,2026-07-12,A,18.7,32.9,26.1,49.2,1.56,6.2,12,0,E-505,warn
TH-02061,2026-07-12,A,18.7,31.0,25.6,49.6,1.59,6.9,8,0,,ok
TH-02062,2026-07-12,A,18.7,31.3,25.4,49.0,1.13,4.5,16,0,,ok
TH-02063,2026-07-12,A,18.7,32.9,26.6,51.7,2.08,6.7,5,0,,ok
TH-02065,2026-07-12,A,18.7,32.0,26.8,48.2,1.12,3.9,7,0,,OK
TH-02068,2026-07-12,A,18.7,32.0,27.1,47.5,0.96,4.0,12,0,,OK
TH-02071,2026-07-12,A,18.7,30.8,23.4,48.9,0.81,3.5,11,0,,ok
TH-02072,2026-07-12,A,18.7,30.5,24.9,50.3,1.52,5.6,7,0,,OK
TH-02073,2026-07-12,A,18.7,31.4,28.1,47.9,1.47,5.3,12,0,,OK
TH-02075,2026-07-12,A,18.7,31.2,24.8,49.2,1.57,6.9,8,0,,OK
TH-02076,2026-07-12,A,18.7,32.8,25.6,48.8,1.66,6.1,9,0,,OK
TH-02077,2026-07-12,A,18.7,32.2,27.7,50.2,0.78,3.2,7,0,,OK
TH-02078,2026-07-12,A,18.7,32.7,26.4,50.8,1.95,6.3,11,0,,ok
TH-02080,2026-07-12,A,18.7,33.3,28.6,47.6,0.79,3.1,7,0,,ok
TH-02083,2026-07-12,A,18.7,32.8,27.5,48.1,1.2,4.8,7,0,,OK
TH-02084,2026-07-12,A,18.7,32.2,26.6,48.4,2.22,7.3,13,0,,ok
TH-02085,2026-07-12,A,18.7,32.0,24.6,52.2,0.9,3.7,11,0,,ok
TH-02086,2026-07-12,A,18.7,30.6,23.3,50.9,1.93,6.1,9,0,,ok
TH-02087,2026-07-12,A,18.7,31.2,26.4,52.1,0.76,3.2,12,0,,OK
TH-02090,2026-07-12,A,18.7,31.7,24.6,46.2,1.01,4.4,14,0,,OK
TH-02091,2026-07-12,A,18.7,33.2,28.6,47.2,1.12,4.2,2,0,E-211,warn
TH-02093,2026-07-12,A,18.7,33.4,28.2,46.8,1.44,5.4,10,0,,ok
TH-02094,2026-07-12,A,18.7,32.5,27.5,52.4,2.09,7.1,6,0,,ok
TH-02098,2026-07-12,A,18.7,31.3,25.2,46.0,1.47,6.2,5,0,,OK
TH-02100,2026-07-12,A,18.7,32.7,27.1,46.4,1.57,5.7,2,0,,OK
TH-02101,2026-07-12,A,18.7,33.0,27.1,51.5,0.95,4.0,11,0,,ok
TH-02103,2026-07-12,A,18.7,31.9,26.3,48.4,1.33,5.6,12,0,E-104,OK
TH-02109,2026-07-12,A,18.7,31.0,26.1,50.1,1.3,5.1,5,0,,ok
TH-02111,2026-07-12,A,18.7,32.4,27.9,52.7,1.25,4.9,7,0,E-211,warn
TH-02112,2026-07-12,A,18.7,32.4,27.5,51.2,1.07,3.8,8,0,,OK
TH-02113,2026-07-12,A,18.7,32.1,27.2,52.9,1.78,6.8,9,0,,OK
TH-02114,2026-07-12,A,18.7,31.3,24.1,48.2,1.17,4.0,12,0,,ok
TH-02118,2026-07-12,A,18.7,30.9,25.2,49.7,1.42,5.7,11,0,,ok
TH-02120,2026-07-12,A,18.7,30.8,24.2,52.7,0.96,3.1,7,0,,OK
TH-02122,2026-07-12,A,18.7,31.4,24.2,47.0,1.38,4.7,9,0,,OK
TH-02124,2026-07-12,A,18.7,33.2,27.3,49.5,1.29,4.6,2,0,,OK
TH-02125,2026-07-12,A,18.7,33.4,27.9,49.0,1.88,6.9,12,0,,ok
TH-02126,2026-07-12,A,18.7,31.8,26.6,48.3,1.77,5.8,8,0,,ok
TH-02127,2026-07-12,A,18.7,33.5,28.5,46.8,1.13,4.8,10,0,,ok
TH-02130,2026-07-12,A,18.7,32.1,26.5,50.1,1.52,6.2,8,0,,ok
TH-02132,2026-07-12,A,18.7,31.1,27.2,46.8,1.49,5.1,18,0,,ok
TH-02133,2026-07-12,A,18.7,-999,23.9,47.5,1.24,5.0,4,0,,OK
TH-02134,2026-07-12,A,18.7,32.5,26.9,52.0,1.24,4.9,9,0,,ok
TH-02135,2026-07-12,A,18.7,30.8,24.3,49.2,1.67,6.1,8,0,,ok
TH-02136,2026-07-12,A,18.7,33.3,28.6,46.2,1.55,6.6,13,0,,OK
TH-02137,2026-07-12,A,18.7,33.2,28.6,52.7,1.38,5.6,9,0,,ok
TH-02138,2026-07-12,A,18.7,32.4,26.0,47.0,0.79,3.3,7,0,,ok
TH-02139,2026-07-12,A,18.7,33.0,27.3,51.1,1.29,4.1,10,0,,ok
TH-02143,2026-07-12,B,18.7,,,,17948.5,,14,0,,0
TH-02144,2026-07-12,B,18.7,,,,12971.2,,14,0,,0
TH-02148,2026-07-12,B,18.7,,,,12932.3,,5,0,6021,0
TH-02149,2026-07-12,B,18.7,,,,8104.6,,9,0,6021,0
TH-02152,2026-07-12,B,18.7,,,,22549.0,,8,0,6021,0
TH-02153,2026-07-12,B,18.7,,,,19058.7,,12,0,6021,0
TH-02155,2026-07-12,B,18.7,,,,4520.4,,8,0,,0
TH-02158,2026-07-12,B,18.7,,,,7101.6,,8,0,6021,0
TH-02159,2026-07-12,B,18.7,,,,12101.6,,11,0,6021,0
TH-02161,2026-07-12,B,18.7,,,,8313.5,,8,0,6021,0
TH-02162,2026-07-12,B,18.7,,,,14681.0,,10,0,6021,0
TH-02165,2026-07-12,B,18.7,,,,15137.2,,3,0,6021,0
TH-02166,2026-07-12,B,18.7,,,,17564.4,,12,0,,0
TH-02168,2026-07-12,B,18.7,,,,13675.9,,8,0,6021,0
TH-02170,2026-07-12,B,18.7,,,,11475.6,,7,0,,0
TH-02171,2026-07-12,B,18.7,,,,14099.7,,10,0,,0
TH-02175,2026-07-12,B,18.7,,,,12087.7,,7,0,,0
TH-02176,2026-07-12,B,18.7,,,,5448.6,,10,0,6021,0
TH-02177,2026-07-12,B,18.7,,,,12975.9,,11,0,,0
TH-02178,2026-07-12,B,18.7,,,,19531.4,,9,0,,0
TH-02181,2026-07-12,B,18.7,,,,18776.2,,7,0,,0
TH-02184,2026-07-12,B,18.7,,,,20321.1,,12,0,,0
TH-02185,2026-07-12,B,18.7,,,,25254.4,,10,0,6021,0
TH-02188,2026-07-12,B,18.7,,,,24519.6,,8,0,,0
TH-02190,2026-07-12,B,18.7,32.4,26.7,,24703.5,,4,0,6021,0
TH-02192,2026-07-12,B,18.7,,,,23414.2,,7,0,6021,0
TH-02194,2026-07-12,B,18.7,,,,19034.6,,11,0,,0
TH-02195,2026-07-12,B,18.7,,,,14859.0,,21,0,3104,2
TH-02196,2026-07-12,B,18.7,,,,25251.2,,10,0,6021,0
TH-02204,2026-07-12,B,18.7,,,,5210.6,,8,0,6021,0
TH-02207,2026-07-12,B,18.7,,,,13708.7,,12,0,,0
TH-02213,2026-07-12,B,18.7,,,,9352.0,,9,0,6021,0
TH-02214,2026-07-12,B,18.7,,,,9158.4,,10,0,,0
TH-02215,2026-07-12,B,18.7,,,,18283.5,,10,0,6021,0
TH-02216,2026-07-12,B,18.7,,,,17193.5,,10,0,,0
TH-02221,2026-07-12,B,18.7,,,,16227.1,,24,0,,0
TH-02223,2026-07-12,B,18.7,,,,22267.5,,7,0,6021,0
TH-02224,2026-07-12,B,18.7,,,,8781.6,,12,0,,0
TH-02226,2026-07-12,B,18.7,,,,9771.3,,6,0,,0
TH-02228,2026-07-12,B,18.7,,,,23961.3,,11,0,,0
TH-02230,2026-07-12,B,18.7,,,,25654.5,,7,0,,0
TH-02231,2026-07-12,B,18.7,,,,7607.1,,14,0,,0
TH-02234,2026-07-12,B,18.7,32.2,27.2,,13319.2,,7,0,,0
TH-02235,2026-07-12,B,18.7,,,,22707.6,,8,0,6021,0
TH-02238,2026-07-12,B,18.7,,,,7802.8,,12,0,,0
TH-02239,2026-07-12,B,18.7,,,,17240.7,,10,0,6021,0
TH-02240,2026-07-12,B,18.7,,,,8079.0,,10,0,,0
TH-02242,2026-07-12,B,18.7,,,,14371.3,,11,0,6021,0
TH-02243,2026-07-12,B,18.7,,,,11705.6,,10,0,,0
TH-02244,2026-07-12,B,18.7,,,,16905.0,,7,0,,0
TH-02245,2026-07-12,B,18.7,,,,14962.4,,7,0,6021,0
TH-02247,2026-07-12,B,18.7,,,,5509.5,,10,0,,0
TH-02248,2026-07-12,B,18.7,,,,23313.7,,7,0,6021,0
TH-02249,2026-07-12,B,18.7,,,,6920.9,,11,0,,0
TH-02256,2026-07-12,B,18.7,,,,7878.0,,9,0,,0
TH-02258,2026-07-12,B,18.7,,,,10379.5,,8,0,6021,0
TH-02259,2026-07-12,B,18.7,,,,12309.1,,12,0,,0
TH-02260,2026-07-12,B,18.7,,,,7365.2,,5,0,,0
TH-02262,2026-07-12,B,18.7,,,,9206.3,,9,0,,0
TH-02265,2026-07-12,B,18.7,,,,22617.5,,27,0,6021,0
TH-02266,2026-07-12,B,18.7,,,,16144.3,,8,0,,0
TH-02267,2026-07-12,B,18.7,,,,11566.2,,7,0,6021,0
TH-02268,2026-07-12,B,18.7,,,,23851.0,,12,0,,0
TH-02269,2026-07-12,B,18.7,,,,12424.6,,6,0,,0
TH-02270,2026-07-12,B,18.7,,,,21960.8,,7,0,6021,0
TH-02271,2026-07-12,B,18.7,,,,4972.5,,8,0,,0
TH-02272,2026-07-12,B,18.7,,,,24879.1,,2,0,6021,0
TH-02273,2026-07-12,B,18.7,,,,19833.4,,6,0,,0
TH-02277,2026-07-12,B,18.7,,,,17909.3,,14,0,6021,0
TH-02279,2026-07-12,B,18.7,,,,21118.9,,8,0,,0
TH-02280,2026-07-12,B,18.7,,,,17745.3,,9,0,,0
TH-02286,2026-07-12,B,18.7,,,,7608.1,,6,0,,0
TH-02287,2026-07-12,B,18.7,,,,18050.1,,11,0,,0
TH-02288,2026-07-12,B,18.7,,,,5456.5,,9,0,,0
TH-02290,2026-07-12,B,18.7,,,,7343.9,,26,0,3104,2
TH-02296,2026-07-12,C,18.7,,,,1.31,,,0,,
TH-02297,2026-07-12,C,18.7,,,,1.73,,,0,,
TH-02298,2026-07-12,C,18.7,,,,1.19,,,0,,
TH-02299,2026-07-12,C,18.7,,,,1.83,,,0,,OK
TH-02300,2026-07-12,C,18.7,,,,1.2,,,0,,
TH-02302,2026-07-12,C,18.7,,,,1.55,,,0,,warn
TH-02303,2026-07-12,C,18.7,,,,1.13,,,0,,OK
TH-02304,2026-07-12,C,18.7,,,,2.15,,,0,,warn
TH-02307,2026-07-12,C,18.7,,,,1.15,,,0,,OK
TH-02308,2026-07-12,C,18.7,,,,1.55,,,0,,
TH-02311,2026-07-12,C,18.7,,,,1.16,,,0,,warn
TH-02312,2026-07-12,C,18.7,,,,0.83,,,0,,
TH-02313,2026-07-12,C,18.7,,,,0.93,,,0,,warn
TH-02314,2026-07-12,C,18.7,,,,0.92,,,0,,OK
TH-02323,2026-07-12,C,18.7,,,,1.06,,,0,,warn
TH-02324,2026-07-12,C,18.7,,,,1.39,,,0,,warn
TH-02331,2026-07-12,C,18.7,,,,1.71,,,0,,
TH-02334,2026-07-12,C,18.7,,,,1.16,,,0,,warn
TH-02337,2026-07-12,C,18.7,,,,1.36,,,0,,
TH-02338,2026-07-12,C,18.7,,,,1.77,,,0,,warn
TH-02339,2026-07-12,C,18.7,,,,2.11,,,0,,warn
TH-02340,2026-07-12,C,18.7,,,,0.94,,,0,,
TH-02342,2026-07-12,C,18.7,,,,1.82,,,0,,
TH-02343,2026-07-12,C,18.7,,,,1.02,,,0,,warn
TH-02344,2026-07-12,C,18.7,,,,1.7,,,0,,
TH-02345,2026-07-12,C,18.7,,,,1.19,,,0,,OK
TH-02346,2026-07-12,C,18.7,,,,0.9,,,0,,OK
TH-02347,2026-07-12,C,18.7,,,,1.54,,,0,,warn
TH-02348,2026-07-12,C,18.7,,,51.7,1.53,,,0,,OK
TH-02351,2026-07-12,C,18.7,,,,1.73,,,0,,
TH-02354,2026-07-12,C,18.7,,,,1.9,,,0,,
TH-02357,2026-07-12,C,18.7,,,,2.01,,,0,,warn
TH-02358,2026-07-12,C,18.7,,,,0.99,,,0,,OK
TH-02359,2026-07-12,C,18.7,,,,0.98,,,0,,
TH-02360,2026-07-12,C,18.7,,,,2.08,,,0,,
TH-02361,2026-07-12,C,18.7,,,,0.97,,,0,,warn
TH-02363,2026-07-12,C,18.7,,,,1.59,,,0,,
TH-02365,2026-07-12,C,18.7,,,48.9,1.65,,,0,,warn
TH-02366,2026-07-12,C,18.7,,,,1.6,,,0,,
TH-02367,2026-07-12,C,18.7,30.5,,,0.85,,,0,ALM_SM_LINK,warn
TH-02371,2026-07-12,C,18.7,,,,1.77,,,0,,OK
TH-02374,2026-07-12,C,18.7,,,,1.58,,,0,ALM_HP_HP_SWITCH,OK
TH-02380,2026-07-12,C,18.7,,,,0.94,,,0,,warn
TH-02385,2026-07-12,C,18.7,,,,1.39,,,0,,warn
TH-02387,2026-07-12,C,18.7,,,,0.87,,,0,,
TH-02388,2026-07-12,C,18.7,,,,2.28,,,0,,OK
TH-02389,2026-07-12,C,18.7,,,,0.96,,,0,,OK
TH-02393,2026-07-12,C,18.7,,,,1.3,,,0,,
TH-02395,2026-07-12,C,18.7,,,,2.23,,,0,,OK
TH-02396,2026-07-12,C,18.7,,,,1.1,,,0,,OK
TH-02397,2026-07-12,C,18.7,,,,1.09,,,0,,
TH-02398,2026-07-12,C,18.7,,,,1.17,,,0,,
TH-02399,2026-07-12,C,18.7,,,,1.15,,,0,,OK
TH-02400,2026-07-12,C,18.7,,,,1.17,,,0,,OK
th-02017,2026-07-12,A,18.7,32.1,26.1,49.3,1.64,6.4,6,0,,ok
th-02021,2026-07-12,A,18.7,32.9,25.6,50.8,1.47,4.6,7,0,,ok
th-02032,2026-07-12,A,18.7,30.8,23.8,48.7,1.97,6.8,11,0,,OK
th-02033,2026-07-12,A,18.7,30.5,23.9,49.8,1.37,5.5,10,0,,OK
th-02040,2026-07-12,A,18.7,33.1,27.7,47.6,0.91,3.9,9,0,,ok
th-02045,2026-07-12,A,18.7,33.2,28.4,46.0,1.6,6.0,9,0,,ok
th-02049,2026-07-12,A,18.7,31.5,24.7,47.2,1.44,5.9,10,0,,OK
th-02052,2026-07-12,A,18.7,33.4,26.6,53.0,1.77,5.7,11,0,,OK
th-02074,2026-07-12,A,18.7,31.1,25.8,46.9,0.82,3.5,13,0,,OK
th-02129,2026-07-12,A,18.7,33.4,26.5,51.4,1.7,6.4,10,0,,ok
th-02160,2026-07-12,B,18.7,,,,14971.3,,9,0,,0
th-02169,2026-07-12,B,18.7,,,,18494.1,,5,0,6021,0
th-02180,2026-07-12,B,18.7,,,,11641.4,,11,0,,0
th-02182,2026-07-12,B,18.7,,,,20985.7,,21,0,,0
th-02187,2026-07-12,B,18.7,,,,13650.9,,8,0,6021,0
th-02189,2026-07-12,B,18.7,,,,19388.8,,4,0,6021,0
th-02246,2026-07-12,B,18.7,,,,15976.1,,6,0,,0
th-02250,2026-07-12,B,18.7,,,,11210.0,,9,0,,0
th-02251,2026-07-12,B,18.7,,,,24485.3,,4,0,1188,2
th-02275,2026-07-12,B,18.7,,,,12369.5,,7,0,,0
th-02278,2026-07-12,B,18.7,,,,14848.8,,7,0,6021,0
th-02281,2026-07-12,B,18.7,,,,4280.9,,12,0,7702,2
th-02283,2026-07-12,B,18.7,,,,21372.9,,10,0,6021,0
th-02292,2026-07-12,C,18.7,,,,1.01,,,0,,OK
th-02294,2026-07-12,C,18.7,,,,1.04,,,0,,
th-02309,2026-07-12,C,18.7,,,,0.99,,,0,,warn
th-02316,2026-07-12,C,18.7,,,,2.24,,,0,,OK
th-02322,2026-07-12,C,18.7,,,,1.21,,,0,,warn
th-02333,2026-07-12,C,18.7,,,,1.81,,,0,,OK
th-02335,2026-07-12,C,18.7,,,,1.65,,,0,,OK
th-02355,2026-07-12,C,18.7,,,,1.42,,,0,,warn
th-02375,2026-07-12,C,18.7,,,,1.43,,,0,,OK
th-02379,2026-07-12,C,18.7,,,,1.47,,,0,,warn
th-02381,2026-07-12,C,18.7,,,,2.06,,,0,,warn
th-02383,2026-07-12,C,18.7,,,,1.57,,,0,,warn
th-02384,2026-07-12,C,18.7,,,,1.43,,,0,,
 TH-02019,2026-07-13,A,17.8,32.9,27.4,51.5,0.9,3.1,10,0,,OK
 TH-02021,2026-07-13,A,17.8,32.0,26.8,48.1,1.83,7.1,6,0,E-317,ok
 TH-02051,2026-07-13,A,17.8,31.9,25.2,48.9,0.84,3.1,6,0,,ok
 TH-02052,2026-07-13,A,17.8,33.4,27.4,49.2,0.81,3.4,7,0,,ok
 TH-02074,2026-07-13,A,17.8,32.9,27.7,51.8,1.3,5.6,6,0,,ok
 TH-02076,2026-07-13,A,17.8,31.2,24.3,46.1,0.8,3.1,4,0,,ok
 TH-02090,2026-07-13,A,17.8,31.9,25.7,47.7,1.77,6.2,2,0,,ok
 TH-02099,2026-07-13,A,17.8,32.8,28.2,48.0,1.0,3.8,8,0,,ok
 TH-02113,2026-07-13,A,17.8,31.3,26.7,49.4,1.1,4.1,7,0,,ok
 TH-02118,2026-07-13,A,17.8,32.9,25.8,52.6,1.25,5.1,7,0,,ok
 TH-02125,2026-07-13,A,17.8,31.2,24.5,52.9,1.13,4.2,11,0,,ok
 TH-02130,2026-07-13,A,17.8,32.7,26.6,46.0,1.08,3.9,8,0,,OK
 TH-02133,2026-07-13,A,17.8,32.5,25.4,51.0,1.57,6.2,10,0,,ok
 TH-02136,2026-07-13,A,17.8,33.1,27.4,50.4,1.09,4.6,10,0,,OK
 TH-02137,2026-07-13,A,17.8,31.9,24.6,48.5,1.11,3.7,7,0,,ok
 TH-02146,2026-07-13,B,17.8,,,,24535.9,,11,0,,0
 TH-02162,2026-07-13,B,17.8,,,,14682.3,,3,0,6021,0
 TH-02176,2026-07-13,B,17.8,,,,5450.6,,9,0,6021,0
 TH-02180,2026-07-13,B,17.8,,,,11643.7,,9,0,,0
 TH-02188,2026-07-13,B,17.8,,,,24521.3,,3,0,6021,0
 TH-02266,2026-07-13,B,17.8,,,,16145.9,,9,0,,0
 TH-02268,2026-07-13,B,17.8,,,,23852.9,,5,0,,0
 TH-02319,2026-07-13,C,17.8,,,,0.84,,,0,,
 TH-02333,2026-07-13,C,17.8,32.8,,47.9,2.0,,,0,,warn
 TH-02352,2026-07-13,C,17.8,,,,1.25,,,0,,OK
 TH-02371,2026-07-13,C,17.8,,,,0.97,,,0,,OK
 TH-02374,2026-07-13,C,17.8,,,,1.5,,,0,,
 TH-02387,2026-07-13,C,17.8,,,,1.49,,,0,,OK
TH-02002,2026-07-13,A,17.8,32.0,26.9,47.9,1.43,4.7,8,0,,ok
TH-02004,2026-07-13,A,17.8,32.2,24.9,51.2,1.91,6.1,6,0,,ok
TH-02005,2026-07-13,A,17.8,31.1,24.0,46.8,1.57,6.0,6,0,,ok
TH-02007,2026-07-13,A,17.8,32.1,27.1,47.1,2.12,6.4,7,0,E-211,OK
TH-02008,2026-07-13,A,17.8,32.0,27.3,50.9,1.02,4.4,9,0,,ok
TH-02009,2026-07-13,A,17.8,32.3,26.4,52.6,-0.99,4.2,7,0,,ok
TH-02011,2026-07-13,A,17.8,31.1,23.8,48.4,1.41,6.1,9,0,,ok
TH-02012,2026-07-13,A,17.8,30.7,25.6,50.4,0.74,3.2,18,0,,OK
TH-02015,2026-07-13,A,17.8,30.8,24.0,46.4,1.66,6.0,9,0,,OK
TH-02016,2026-07-13,A,17.8,33.3,27.9,46.3,1.45,5.3,8,0,,ok
TH-02017,2026-07-13,A,17.8,30.5,25.4,52.5,1.6,6.0,13,0,,OK
TH-02020,2026-07-13,A,17.8,31.8,24.4,49.6,1.76,6.2,11,0,,OK
TH-02025,2026-07-13,A,17.8,30.5,24.6,51.8,1.05,4.5,6,0,,OK
TH-02028,2026-07-13,A,17.8,31.3,24.2,47.5,1.1,4.1,2,0,,OK
TH-02030,2026-07-13,A,17.8,33.3,27.1,48.7,1.26,4.9,10,0,,ok
TH-02031,2026-07-13,A,17.8,31.0,26.3,49.5,2.03,6.8,8,0,,ok
TH-02032,2026-07-13,A,17.8,33.1,26.4,52.9,1.19,3.7,11,0,,ok
TH-02033,2026-07-13,A,17.8,31.8,25.4,48.5,1.83,5.8,10,0,,OK
TH-02035,2026-07-13,A,17.8,32.7,27.7,48.4,1.25,4.1,6,0,,OK
TH-02036,2026-07-13,A,17.8,30.8,25.5,52.7,1.01,3.3,4,0,,OK
TH-02037,2026-07-13,A,17.8,32.5,27.0,50.5,1.62,5.7,11,0,,OK
TH-02038,2026-07-13,A,17.8,31.5,26.8,47.9,1.63,5.6,3,0,,ok
TH-02040,2026-07-13,A,17.8,31.8,25.3,46.9,0.94,3.2,10,0,,OK
TH-02044,2026-07-13,A,17.8,31.7,26.8,52.5,1.67,7.1,6,0,,OK
TH-02045,2026-07-13,A,17.8,32.6,26.7,49.1,2.03,7.5,13,0,,ok
TH-02046,2026-07-13,A,17.8,30.6,23.3,49.8,0.99,3.7,7,0,,OK
TH-02048,2026-07-13,A,17.8,32.2,25.7,47.7,1.11,4.5,6,0,E-104,OK
TH-02049,2026-07-13,A,17.8,33.2,27.6,52.8,1.97,7.5,11,0,,OK
TH-02050,2026-07-13,A,17.8,30.9,24.1,47.7,1.18,4.8,8,0,,ok
TH-02053,2026-07-13,A,17.8,31.5,26.2,48.8,0.92,3.7,8,0,,OK
TH-02054,2026-07-13,A,17.8,33.2,26.6,47.9,0.81,3.3,11,0,,OK
TH-02055,2026-07-13,A,17.8,31.0,24.3,51.8,1.85,7.4,16,0,,ok
TH-02056,2026-07-13,A,17.8,31.7,25.4,49.3,1.8,6.8,9,0,,ok
TH-02061,2026-07-13,A,17.8,31.4,24.7,49.1,1.69,7.0,8,0,,ok
TH-02062,2026-07-13,A,17.8,33.1,26.2,46.3,1.11,4.4,13,0,,OK
TH-02063,2026-07-13,A,17.8,30.5,25.7,47.7,2.33,7.3,4,0,,OK
TH-02068,2026-07-13,A,17.8,32.8,28.2,47.0,1.58,5.8,7,0,,OK
TH-02071,2026-07-13,A,17.8,32.9,26.0,50.5,1.25,4.9,2,0,E-104,ok
TH-02073,2026-07-13,A,17.8,31.4,27.6,48.4,1.04,3.5,11,0,E-211,ok
TH-02075,2026-07-13,A,17.8,32.2,27.2,46.8,1.31,5.1,10,0,,OK
TH-02077,2026-07-13,A,17.8,31.9,26.1,51.5,1.09,4.6,2,0,,ok
TH-02078,2026-07-13,A,17.8,32.4,26.2,52.6,1.28,4.4,11,0,,OK
TH-02081,2026-07-13,A,17.8,32.3,25.4,48.0,1.28,5.0,11,0,,ok
TH-02083,2026-07-13,A,17.8,31.5,25.4,51.6,0.75,3.1,8,0,,ok
TH-02084,2026-07-13,A,17.8,33.1,27.4,49.1,1.69,6.5,6,0,,ok
TH-02085,2026-07-13,A,17.8,32.7,26.8,48.7,1.2,4.7,9,0,,ok
TH-02086,2026-07-13,A,17.8,32.8,25.5,52.3,1.71,7.1,11,0,,ok
TH-02087,2026-07-13,A,17.8,33.1,26.1,48.4,0.96,3.4,6,0,E-317,warn
TH-02091,2026-07-13,A,17.8,33.3,28.2,48.1,1.2,4.6,4,0,E-211,ok
TH-02093,2026-07-13,A,17.8,33.0,25.6,52.7,1.29,4.2,7,0,,ok
TH-02095,2026-07-13,A,17.8,31.8,26.8,50.0,0.78,3.1,16,0,,OK
TH-02097,2026-07-13,A,17.8,32.6,26.1,47.7,1.43,6.1,9,0,,OK
TH-02098,2026-07-13,A,17.8,32.7,26.9,53.0,1.8,5.9,4,0,,OK
TH-02100,2026-07-13,A,17.8,32.0,25.3,49.6,1.17,3.8,7,0,,OK
TH-02101,2026-07-13,A,17.8,31.5,25.4,47.5,1.45,6.1,13,0,,OK
TH-02103,2026-07-13,A,17.8,32.1,24.7,48.3,1.73,6.1,13,0,,OK
TH-02109,2026-07-13,A,17.8,31.7,25.0,46.3,1.66,5.5,14,0,,ok
TH-02112,2026-07-13,A,17.8,31.0,25.5,48.1,1.08,3.6,7,0,,OK
TH-02114,2026-07-13,A,17.8,32.2,26.6,51.6,1.8,5.8,5,0,,OK
TH-02120,2026-07-13,A,17.8,32.1,25.7,53.0,1.8,7.4,11,0,,ok
TH-02121,2026-07-13,A,17.8,32.7,28.1,52.7,1.48,5.7,8,0,,ok
TH-02122,2026-07-13,A,17.8,31.6,24.5,49.9,1.74,5.8,5,0,,ok
TH-02126,2026-07-13,A,17.8,31.8,26.2,52.0,1.61,5.4,14,0,,ok
TH-02129,2026-07-13,A,17.8,30.7,24.5,50.4,1.49,4.8,4,0,,ok
TH-02132,2026-07-13,A,17.8,-999,28.8,49.5,1.0,3.8,6,0,,ok
TH-02134,2026-07-13,A,17.8,31.2,25.8,46.3,1.07,4.1,8,0,,ok
TH-02135,2026-07-13,A,17.8,32.4,27.9,52.8,1.76,7.1,7,0,,ok
TH-02138,2026-07-13,A,17.8,31.5,26.9,46.7,0.93,3.2,10,0,,OK
TH-02139,2026-07-13,A,17.8,33.3,26.3,52.0,1.74,6.6,6,0,,ok
TH-02140,2026-07-13,A,17.8,30.5,25.0,49.2,1.39,5.4,8,0,,OK
TH-02141,2026-07-13,B,17.8,,,,17202.4,,6,0,,0
TH-02143,2026-07-13,B,17.8,,,,17950.3,,12,0,6021,0
TH-02145,2026-07-13,B,17.8,,,,4844.9,,10,0,6021,0
TH-02152,2026-07-13,B,17.8,,,,22550.0,,9,0,6021,0
TH-02155,2026-07-13,B,17.8,,,,4521.9,,8,0,,0
TH-02158,2026-07-13,B,17.8,,,,7102.8,,8,0,6021,0
TH-02159,2026-07-13,B,17.8,,,,12103.5,,10,0,,0
TH-02160,2026-07-13,B,17.8,,,,14972.9,,10,0,,0
TH-02161,2026-07-13,B,17.8,,,,8315.0,,12,0,,0
TH-02165,2026-07-13,B,17.8,,,,15138.0,,5,0,,0
TH-02166,2026-07-13,B,17.8,,,,17566.3,,8,0,,0
TH-02169,2026-07-13,B,17.8,,,,18496.0,,14,0,6021,0
TH-02170,2026-07-13,B,17.8,,,,11477.2,,11,0,6021,0
TH-02171,2026-07-13,B,17.8,,,,14100.7,,7,0,6021,0
TH-02173,2026-07-13,B,17.8,,,,6987.0,,7,0,,0
TH-02175,2026-07-13,B,17.8,,,,12088.6,,8,0,6021,0
TH-02177,2026-07-13,B,17.8,,,,12977.2,,4,0,,0
TH-02178,2026-07-13,B,17.8,33.0,25.6,,19532.3,,6,0,6021,0
TH-02181,2026-07-13,B,17.8,,,,18777.3,,8,0,6021,0
TH-02182,2026-07-13,B,17.8,,,,20987.1,,20,0,,0
TH-02184,2026-07-13,B,17.8,,,,20322.1,,11,0,,0
TH-02185,2026-07-13,B,17.8,,,,25256.1,,5,0,6021,0
TH-02189,2026-07-13,B,17.8,,,,19389.9,,7,0,,0
TH-02190,2026-07-13,B,17.8,,,,24704.9,,9,0,,0
TH-02192,2026-07-13,B,17.8,,,,23415.2,,8,0,,0
TH-02194,2026-07-13,B,17.8,,,,19036.1,,5,0,,0
TH-02196,2026-07-13,B,17.8,,,,25252.1,,7,0,6021,0
TH-02204,2026-07-13,B,17.8,,,,5212.2,,9,0,6021,0
TH-02206,2026-07-13,B,17.8,,,,17427.6,,9,0,,0
TH-02213,2026-07-13,B,17.8,,,,9353.9,,16,0,6021,0
TH-02214,2026-07-13,B,17.8,,,,9159.3,,7,0,6021,0
TH-02215,2026-07-13,B,17.8,,,,18284.5,,9,0,,0
TH-02216,2026-07-13,B,17.8,,,,17195.3,,6,0,6021,0
TH-02221,2026-07-13,B,17.8,,,,16228.2,,24,0,3104,2
TH-02223,2026-07-13,B,17.8,,,,22269.4,,9,0,,0
TH-02226,2026-07-13,B,17.8,,,,9772.3,,10,0,6021,0
TH-02228,2026-07-13,B,17.8,,,,23962.3,,15,0,6021,0
TH-02230,2026-07-13,B,17.8,,,,25656.1,,6,0,6021,0
TH-02231,2026-07-13,B,17.8,33.3,28.5,,7607.9,,7,0,6021,0
TH-02234,2026-07-13,B,17.8,,,,13320.1,,11,0,,0
TH-02235,2026-07-13,B,17.8,,,,22709.2,,7,0,,0
TH-02238,2026-07-13,B,17.8,,,,7803.6,,8,0,6021,0
TH-02239,2026-07-13,B,17.8,,,,17242.3,,9,0,,0
TH-02240,2026-07-13,B,17.8,,,,8080.2,,8,0,6021,0
TH-02242,2026-07-13,B,17.8,,,,14373.2,,13,0,6021,0
TH-02243,2026-07-13,B,17.8,,,,11707.4,,8,0,,0
TH-02244,2026-07-13,B,17.8,,,,16906.7,,5,0,6021,0
TH-02247,2026-07-13,B,17.8,,,,5511.5,,9,0,6021,0
TH-02248,2026-07-13,B,17.8,,,,23314.8,,9,0,6021,0
TH-02249,2026-07-13,B,17.8,,,,6922.0,,11,0,,0
TH-02250,2026-07-13,B,17.8,,,,11211.1,,8,0,,0
TH-02251,2026-07-13,B,17.8,,,,24487.2,,6,0,,0
TH-02255,2026-07-13,B,17.8,,,,12955.4,,10,0,6021,0
TH-02256,2026-07-13,B,17.8,,,,7879.7,,7,0,6021,0
TH-02257,2026-07-13,B,17.8,,,,21307.6,,10,0,,0
TH-02259,2026-07-13,B,17.8,,,,12310.9,,6,0,,0
TH-02260,2026-07-13,B,17.8,,,,7366.4,,10,0,,0
TH-02262,2026-07-13,B,17.8,,,,9208.4,,12,0,6021,0
TH-02265,2026-07-13,B,17.8,,,,22619.6,,26,0,,0
TH-02267,2026-07-13,B,17.8,,,,11567.6,,8,0,,0
TH-02270,2026-07-13,B,17.8,,,,21962.3,,11,0,,0
TH-02271,2026-07-13,B,17.8,,,,4974.1,,11,0,3104,2
TH-02272,2026-07-13,B,17.8,,,,24880.4,,11,0,6021,0
TH-02273,2026-07-13,B,17.8,,,,19834.6,,6,0,,0
TH-02275,2026-07-13,B,17.8,,,,12371.0,,10,0,6021,0
TH-02277,2026-07-13,B,17.8,,,,17910.0,,5,0,,0
TH-02279,2026-07-13,B,17.8,,,,21120.9,,6,0,6021,0
TH-02280,2026-07-13,B,17.8,,,,17746.9,,5,0,6021,0
TH-02281,2026-07-13,B,17.8,,,,4282.9,,8,0,,0
TH-02283,2026-07-13,B,17.8,,,,21374.1,,10,0,6021,0
TH-02285,2026-07-13,B,17.8,,,,12854.7,,8,0,,0
TH-02286,2026-07-13,B,17.8,,,,7609.9,,7,0,,0
TH-02287,2026-07-13,B,17.8,,,,18052.1,,10,0,,0
TH-02288,2026-07-13,B,17.8,,,,5457.6,,7,0,6021,0
TH-02290,2026-07-13,B,17.8,,,,7345.2,,22,0,6021,0
TH-02292,2026-07-13,C,17.8,,,,1.28,,,0,,
TH-02294,2026-07-13,C,17.8,,,,1.53,,,0,,warn
TH-02296,2026-07-13,C,17.8,,,,1.0,,,0,,OK
TH-02298,2026-07-13,C,17.8,,,,1.2,,,0,,
TH-02300,2026-07-13,C,17.8,,,,2.27,,,0,,warn
TH-02303,2026-07-13,C,17.8,,,,1.63,,,0,,
TH-02304,2026-07-13,C,17.8,,,,1.46,,,0,,OK
TH-02308,2026-07-13,C,17.8,,,,1.56,,,0,,warn
TH-02309,2026-07-13,C,17.8,,,,1.38,,,0,,
TH-02311,2026-07-13,C,17.8,,,51.4,0.96,,,0,,warn
TH-02313,2026-07-13,C,17.8,30.9,,,1.33,,,0,,OK
TH-02316,2026-07-13,C,17.8,,,,1.49,,,0,,warn
TH-02317,2026-07-13,C,17.8,,,,1.55,,,0,,warn
TH-02322,2026-07-13,C,17.8,,,,0.96,,,0,,warn
TH-02324,2026-07-13,C,17.8,,,,1.44,,,0,,OK
TH-02331,2026-07-13,C,17.8,,,,1.94,,,0,,warn
TH-02334,2026-07-13,C,17.8,,,,0.81,,,0,,warn
TH-02335,2026-07-13,C,17.8,,,,1.91,,,0,,OK
TH-02336,2026-07-13,C,17.8,,,,1.4,,,0,,
TH-02337,2026-07-13,C,17.8,32.8,,,1.76,,,0,,
TH-02338,2026-07-13,C,17.8,,,,1.69,,,0,,OK
TH-02340,2026-07-13,C,17.8,,,,1.84,,,0,,
TH-02341,2026-07-13,C,17.8,32.8,,,1.35,,,0,,OK
TH-02343,2026-07-13,C,17.8,31.8,,,1.17,,,0,,OK
TH-02345,2026-07-13,C,17.8,,,,1.16,,,0,,warn
TH-02346,2026-07-13,C,17.8,,,,0.7,,,0,,
TH-02347,2026-07-13,C,17.8,,,,1.4,,,0,,
TH-02348,2026-07-13,C,17.8,,,,1.18,,,0,,OK
TH-02351,2026-07-13,C,17.8,,,,1.62,,,0,,warn
TH-02354,2026-07-13,C,17.8,,,,1.37,,,0,,warn
TH-02358,2026-07-13,C,17.8,,,,1.06,,,0,,OK
TH-02360,2026-07-13,C,17.8,32.8,,,2.1,,,0,,OK
TH-02361,2026-07-13,C,17.8,,,,1.86,,,0,,warn
TH-02363,2026-07-13,C,17.8,,,,1.63,,,0,,warn
TH-02365,2026-07-13,C,17.8,,,,1.83,,,0,,warn
TH-02366,2026-07-13,C,17.8,,,,1.53,,,0,,
TH-02367,2026-07-13,C,17.8,,,,1.4,,,0,,OK
TH-02375,2026-07-13,C,17.8,,,,1.65,,,0,,
TH-02377,2026-07-13,C,17.8,,,,1.52,,,0,,
TH-02379,2026-07-13,C,17.8,,,,2.16,,,0,,warn
TH-02380,2026-07-13,C,17.8,,,,0.91,,,0,,OK
TH-02381,2026-07-13,C,17.8,,,,0.87,,,0,,
TH-02383,2026-07-13,C,17.8,,,,0.82,,,0,,OK
TH-02384,2026-07-13,C,17.8,,,,1.25,,,0,,OK
TH-02385,2026-07-13,C,17.8,,,,1.61,,,0,,warn
TH-02388,2026-07-13,C,17.8,,,,1.1,,,0,,
TH-02389,2026-07-13,C,17.8,,,,0.89,,,0,,warn
TH-02396,2026-07-13,C,17.8,,,,2.09,,,0,,OK
TH-02397,2026-07-13,C,17.8,,,,1.74,,,0,,
TH-02398,2026-07-13,C,17.8,,,,1.58,,,0,,
TH-02399,2026-07-13,C,17.8,30.6,,,1.61,,,0,,OK
TH-02400,2026-07-13,C,17.8,,,49.6,1.64,,,0,,OK
TH-90000,2026-07-13,C,17.8,,,,13.16,,,0,,OK
TH-90001,2026-07-13,C,17.8,,,,4.97,,,0,,OK
TH-90002,2026-07-13,C,17.8,,,,7.14,,,0,,OK
TH-90003,2026-07-13,C,17.8,,,,3.36,,,0,,OK
TH-90004,2026-07-13,C,17.8,,,,12.21,,,0,,OK
th-02001,2026-07-13,A,17.8,32.8,25.7,48.4,1.0,3.7,10,0,,OK
th-02006,2026-07-13,A,17.8,32.8,29.1,50.1,1.79,5.5,9,0,E-211,warn
th-02023,2026-07-13,A,17.8,31.0,24.7,46.2,0.95,3.1,11,0,,OK
th-02034,2026-07-13,A,17.8,31.6,27.0,51.7,0.79,3.0,11,0,,OK
th-02047,2026-07-13,A,17.8,31.8,26.0,47.4,1.21,4.0,10,0,,OK
th-02065,2026-07-13,A,17.8,31.4,26.0,52.4,1.82,7.0,10,0,,ok
th-02072,2026-07-13,A,17.8,31.5,24.8,51.5,1.36,5.3,12,0,,ok
th-02080,2026-07-13,A,17.8,31.2,24.9,46.6,1.51,5.0,12,0,,ok
th-02094,2026-07-13,A,17.8,33.0,26.7,51.8,1.83,5.7,11,0,,OK
th-02111,2026-07-13,A,17.8,31.4,25.1,52.9,1.62,7.0,7,0,,OK
th-02124,2026-07-13,A,17.8,33.4,28.7,49.6,1.11,3.7,11,0,,ok
th-02127,2026-07-13,A,17.8,32.7,27.7,52.2,1.15,4.4,13,0,,ok
th-02144,2026-07-13,B,17.8,,,,12972.4,,12,0,6021,0
th-02148,2026-07-13,B,17.8,,,,12933.7,,6,0,,0
th-02149,2026-07-13,B,17.8,,,,8106.2,,12,0,6021,0
th-02153,2026-07-13,B,17.8,,,,19059.5,,8,0,,0
th-02168,2026-07-13,B,17.8,32.1,25.7,,13677.8,,10,0,7702,2
th-02187,2026-07-13,B,17.8,,,,13652.9,,10,0,6021,0
th-02195,2026-07-13,B,17.8,,,,14859.9,,23,0,3104,2
th-02202,2026-07-13,B,17.8,,,,13852.6,,7,0,,0
th-02224,2026-07-13,B,17.8,,,,8782.8,,12,0,,0
th-02236,2026-07-13,B,17.8,,,,4263.9,,13,0,6021,0
th-02245,2026-07-13,B,17.8,,,,14963.7,,8,0,6021,0
th-02246,2026-07-13,B,17.8,,,,15977.5,,11,0,6021,0
th-02258,2026-07-13,B,17.8,,,,10381.3,,9,0,6021,0
th-02269,2026-07-13,B,17.8,,,,12425.5,,11,0,,0
th-02297,2026-07-13,C,17.8,,,,1.38,,,0,,OK
th-02299,2026-07-13,C,17.8,,,,1.1,,,0,,
th-02302,2026-07-13,C,17.8,,,,1.45,,,0,,warn
th-02307,2026-07-13,C,17.8,,,,0.81,,,0,,warn
th-02314,2026-07-13,C,17.8,,,46.7,1.09,,,0,,OK
th-02323,2026-07-13,C,17.8,,,,1.83,,,0,ALM_SM_LINK,
th-02339,2026-07-13,C,17.8,,,,1.95,,,0,,OK
th-02342,2026-07-13,C,17.8,,,,1.22,,,0,,OK
th-02355,2026-07-13,C,17.8,,,,1.72,,,0,,OK
th-02357,2026-07-13,C,17.8,,,,1.03,,,0,,OK
th-02359,2026-07-13,C,17.8,,,,2.03,,,0,,
th-02393,2026-07-13,C,17.8,,,,2.15,,,0,,
 TH-02008,2026-07-14,A,18.7,33.4,26.6,49.8,1.6,6.1,8,0,,OK
 TH-02009,2026-07-14,A,18.7,33.2,27.0,50.2,1.27,4.1,9,0,,ok
 TH-02011,2026-07-14,A,18.7,31.6,25.7,49.5,-3.0,6.9,5,0,,ok
 TH-02035,2026-07-14,A,18.7,32.8,25.4,51.5,1.51,5.3,10,0,,ok
 TH-02036,2026-07-14,A,18.7,32.3,25.2,48.9,1.64,6.2,6,0,,OK
 TH-02068,2026-07-14,A,18.7,32.6,25.6,51.8,1.34,4.8,12,0,,ok
 TH-02094,2026-07-14,A,18.7,33.3,28.5,50.0,1.86,6.2,10,0,E-104,warn
 TH-02120,2026-07-14,A,18.7,31.8,26.0,48.9,0.91,3.6,9,0,,ok
 TH-02140,2026-07-14,A,18.7,32.8,26.1,46.5,1.42,5.5,6,0,,ok
 TH-02182,2026-07-14,B,18.7,,,,20989.3,,26,0,3104,2
 TH-02184,2026-07-14,B,18.7,,,,20323.1,,7,0,6021,0
 TH-02206,2026-07-14,B,18.7,,,,17429.2,,8,0,6021,0
 TH-02238,2026-07-14,B,18.7,,,,7805.7,,4,0,,0
 TH-02271,2026-07-14,B,18.7,,,,4975.3,,7,0,,0
 TH-02272,2026-07-14,B,18.7,,,,24881.3,,4,0,,0
 TH-02297,2026-07-14,C,18.7,,,,0.7,,,0,,
 TH-02316,2026-07-14,C,18.7,,,,1.46,,,0,,OK
 TH-02345,2026-07-14,C,18.7,,,,1.77,,,0,,OK
 TH-02357,2026-07-14,C,18.7,32.2,,49.4,1.8,,,0,,OK
 TH-02365,2026-07-14,C,18.7,,,,1.75,,,0,,warn
TH-02001,2026-07-14,A,18.7,30.7,24.6,47.4,0.88,3.2,9,0,,ok
TH-02002,2026-07-14,A,18.7,33.3,25.9,48.4,1.8,7.1,12,0,,ok
TH-02004,2026-07-14,A,18.7,32.8,27.1,51.1,1.63,7.1,12,0,,OK
TH-02005,2026-07-14,A,18.7,32.5,27.0,47.7,1.22,4.0,5,0,,ok
TH-02006,2026-07-14,A,18.7,32.2,27.4,47.0,1.06,3.5,7,0,E-211,warn
TH-02007,2026-07-14,A,18.7,31.5,26.7,48.8,1.03,3.5,8,0,E-211,ok
TH-02012,2026-07-14,A,18.7,-999,25.0,52.5,1.71,7.1,8,0,E-104,ok
TH-02015,2026-07-14,A,18.7,32.4,27.2,50.3,1.05,3.4,15,0,,ok
TH-02016,2026-07-14,A,18.7,31.0,26.3,52.2,1.41,5.5,7,0,,ok
TH-02019,2026-07-14,A,18.7,31.4,26.4,47.0,0.76,3.1,16,0,,ok
TH-02020,2026-07-14,A,18.7,31.9,25.2,48.3,1.89,7.3,7,0,,ok
TH-02021,2026-07-14,A,18.7,32.0,26.9,48.7,1.14,4.0,2,0,,ok
TH-02023,2026-07-14,A,18.7,32.3,27.2,51.7,1.38,5.0,7,0,,OK
TH-02025,2026-07-14,A,18.7,31.2,24.9,47.7,1.37,5.2,9,0,,OK
TH-02030,2026-07-14,A,18.7,33.0,28.2,50.1,1.45,5.1,13,0,,ok
TH-02031,2026-07-14,A,18.7,31.3,25.8,49.4,1.47,5.0,6,0,,OK
TH-02032,2026-07-14,A,18.7,33.2,26.6,52.1,1.39,6.1,6,0,,OK
TH-02034,2026-07-14,A,18.7,32.6,27.7,46.9,1.42,5.7,8,0,,ok
TH-02037,2026-07-14,A,18.7,32.6,25.9,48.8,1.52,6.0,3,0,,ok
TH-02040,2026-07-14,A,18.7,33.5,27.8,47.1,0.98,4.0,8,0,,ok
TH-02045,2026-07-14,A,18.7,32.3,27.2,46.3,1.95,6.6,2,0,,ok
TH-02046,2026-07-14,A,18.7,32.7,25.6,46.1,1.04,4.5,5,0,,ok
TH-02048,2026-07-14,A,18.7,31.2,24.2,46.7,2.01,7.3,9,0,,ok
TH-02049,2026-07-14,A,18.7,30.6,25.0,51.5,1.75,5.6,14,0,,OK
TH-02050,2026-07-14,A,18.7,31.5,25.3,46.9,1.37,4.6,8,0,,ok
TH-02052,2026-07-14,A,18.7,31.4,25.8,49.8,2.07,7.3,9,0,,ok
TH-02053,2026-07-14,A,18.7,33.2,26.9,51.6,1.6,6.2,9,0,,OK
TH-02054,2026-07-14,A,18.7,31.5,24.6,50.1,1.93,6.8,12,0,,OK
TH-02055,2026-07-14,A,18.7,33.4,27.2,50.7,1.61,5.2,9,0,,OK
TH-02056,2026-07-14,A,18.7,32.1,26.5,48.8,1.61,5.2,9,0,,ok
TH-02062,2026-07-14,A,18.7,31.0,26.3,49.5,1.39,5.4,8,0,,OK
TH-02063,2026-07-14,A,18.7,32.4,27.4,52.3,1.25,4.1,5,0,,OK
TH-02065,2026-07-14,A,18.7,31.4,26.7,53.0,1.26,5.1,10,0,,OK
TH-02071,2026-07-14,A,18.7,31.5,24.6,50.2,1.58,6.2,10,0,,OK
TH-02072,2026-07-14,A,18.7,31.8,26.3,48.9,1.84,7.1,13,0,,OK
TH-02073,2026-07-14,A,18.7,31.5,27.4,49.6,1.09,4.0,7,0,,ok
TH-02074,2026-07-14,A,18.7,31.2,26.4,49.2,1.24,5.1,7,0,,OK
TH-02075,2026-07-14,A,18.7,33.2,28.4,51.8,1.43,6.1,5,0,,ok
TH-02076,2026-07-14,A,18.7,31.6,25.5,48.4,1.88,6.6,11,0,,OK
TH-02078,2026-07-14,A,18.7,32.0,25.0,47.4,1.53,6.5,9,0,,OK
TH-02080,2026-07-14,A,18.7,31.4,25.3,51.5,1.58,6.3,9,0,E-317,warn
TH-02081,2026-07-14,A,18.7,31.9,25.9,46.4,1.43,6.2,12,0,E-104,ok
TH-02083,2026-07-14,A,18.7,32.6,26.7,52.2,1.84,6.4,7,0,,ok
TH-02084,2026-07-14,A,18.7,31.1,24.3,46.1,1.73,6.2,10,0,,OK
TH-02085,2026-07-14,A,18.7,31.4,25.7,49.8,0.92,3.3,9,0,,ok
TH-02086,2026-07-14,A,18.7,32.3,25.1,50.0,0.91,3.9,9,0,,ok
TH-02090,2026-07-14,A,18.7,32.2,25.4,50.3,2.14,7.0,10,0,,ok
TH-02091,2026-07-14,A,18.7,32.7,29.6,52.8,1.61,5.7,9,0,E-211,OK
TH-02093,2026-07-14,A,18.7,32.9,28.3,48.8,0.89,3.8,10,0,E-211,warn
TH-02095,2026-07-14,A,18.7,30.9,26.0,49.7,0.93,3.3,6,0,,ok
TH-02097,2026-07-14,A,18.7,32.2,26.9,46.2,1.18,4.9,6,0,,ok
TH-02098,2026-07-14,A,18.7,32.1,25.9,46.7,1.93,6.7,9,0,,ok
TH-02100,2026-07-14,A,18.7,32.5,26.1,48.6,0.88,3.7,8,0,,OK
TH-02103,2026-07-14,A,18.7,31.8,25.4,47.9,1.57,6.2,8,0,,ok
TH-02109,2026-07-14,A,18.7,30.8,25.8,50.3,1.27,5.5,13,0,,OK
TH-02111,2026-07-14,A,18.7,31.0,26.3,47.4,1.36,5.4,8,0,,OK
TH-02113,2026-07-14,A,18.7,31.2,24.7,51.0,1.39,5.2,10,0,,OK
TH-02114,2026-07-14,A,18.7,32.2,25.5,49.1,1.06,3.6,7,0,,ok
TH-02118,2026-07-14,A,18.7,31.5,24.2,46.3,0.89,3.4,5,0,,OK
TH-02121,2026-07-14,A,18.7,32.8,27.3,52.0,0.84,3.3,7,0,,OK
TH-02122,2026-07-14,A,18.7,31.1,25.4,49.0,1.44,5.2,7,0,,OK
TH-02124,2026-07-14,A,18.7,33.0,27.5,47.2,1.83,5.9,9,0,,ok
TH-02125,2026-07-14,A,18.7,31.0,26.1,47.1,1.78,6.6,14,0,,ok
TH-02126,2026-07-14,A,18.7,-999,27.1,52.1,1.74,7.2,11,0,,ok
TH-02130,2026-07-14,A,18.7,32.7,26.8,48.9,1.28,5.2,11,0,,ok
TH-02133,2026-07-14,A,18.7,30.9,25.1,47.1,1.74,7.2,10,0,,ok
TH-02134,2026-07-14,A,18.7,32.4,25.8,48.2,1.29,4.0,7,0,,OK
TH-02135,2026-07-14,A,18.7,32.8,28.1,47.6,0.78,3.1,11,0,,ok
TH-02136,2026-07-14,A,18.7,31.6,26.5,46.6,1.42,5.3,12,0,,OK
TH-02137,2026-07-14,A,18.7,31.9,25.4,49.4,1.58,6.5,4,0,,OK
TH-02138,2026-07-14,A,18.7,33.3,26.4,50.3,1.69,7.0,9,0,,ok
TH-02139,2026-07-14,A,18.7,30.7,24.3,50.5,1.22,4.8,10,0,,ok
TH-02141,2026-07-14,B,18.7,,,,17203.6,,14,0,6021,0
TH-02143,2026-07-14,B,18.7,,,,17951.9,,14,0,,0
TH-02144,2026-07-14,B,18.7,,,,12973.9,,3,0,6021,0
TH-02145,2026-07-14,B,18.7,32.8,28.1,,4846.8,,11,0,6021,0
TH-02146,2026-07-14,B,18.7,,,,24537.3,,3,0,,0
TH-02148,2026-07-14,B,18.7,,,,12935.1,,2,0,,0
TH-02149,2026-07-14,B,18.7,,,,8108.1,,10,0,6021,0
TH-02152,2026-07-14,B,18.7,,,,22551.5,,12,0,,0
TH-02153,2026-07-14,B,18.7,,,,19060.8,,8,0,6021,0
TH-02155,2026-07-14,B,18.7,,,,4522.8,,6,0,,0
TH-02158,2026-07-14,B,18.7,,,,7104.8,,13,0,,0
TH-02160,2026-07-14,B,18.7,,,,14974.5,,12,0,,0
TH-02161,2026-07-14,B,18.7,,,,8315.9,,10,0,6021,0
TH-02162,2026-07-14,B,18.7,,,,14684.0,,7,0,6021,0
TH-02165,2026-07-14,B,18.7,,,,15138.9,,9,0,6021,0
TH-02166,2026-07-14,B,18.7,,,,17567.6,,10,0,,0
TH-02168,2026-07-14,B,18.7,,,,13679.4,,5,0,,0
TH-02169,2026-07-14,B,18.7,,,,18497.4,,5,0,6021,0
TH-02171,2026-07-14,B,18.7,,,,14102.5,,14,0,,0
TH-02176,2026-07-14,B,18.7,,,,5451.6,,14,0,,0
TH-02178,2026-07-14,B,18.7,,,,19533.6,,5,0,6021,0
TH-02180,2026-07-14,B,18.7,,,,11645.7,,8,0,6021,0
TH-02181,2026-07-14,B,18.7,,,,18778.7,,10,0,6021,0
TH-02185,2026-07-14,B,18.7,,,,25258.0,,8,0,6021,0
TH-02187,2026-07-14,B,18.7,,,,13653.9,,7,0,,0
TH-02188,2026-07-14,B,18.7,,,,24523.0,,11,0,,0
TH-02189,2026-07-14,B,18.7,,,,19390.9,,14,0,6021,0
TH-02190,2026-07-14,B,18.7,,,,24706.0,,5,0,,0
TH-02192,2026-07-14,B,18.7,,,,23416.5,,12,0,6021,0
TH-02194,2026-07-14,B,18.7,,,,19037.8,,8,0,,0
TH-02195,2026-07-14,B,18.7,33.2,26.3,,14861.6,,23,0,3104,2
TH-02202,2026-07-14,B,18.7,,,,13853.6,,12,0,,0
TH-02207,2026-07-14,B,18.7,,,,13709.6,,15,0,,0
TH-02213,2026-07-14,B,18.7,,,,9355.7,,13,0,,0
TH-02214,2026-07-14,B,18.7,,,,9161.2,,14,0,,0
TH-02215,2026-07-14,B,18.7,,,,18286.2,,13,0,,0
TH-02216,2026-07-14,B,18.7,,,,17196.2,,8,0,6021,0
TH-02221,2026-07-14,B,18.7,,,,16230.2,,17,0,3104,2
TH-02223,2026-07-14,B,18.7,,,,22271.0,,5,0,,0
TH-02224,2026-07-14,B,18.7,,,,8783.9,,12,0,6021,0
TH-02226,2026-07-14,B,18.7,,,,9774.2,,8,0,,0
TH-02228,2026-07-14,B,18.7,,,,23963.4,,8,0,,0
TH-02230,2026-07-14,B,18.7,,,,25657.8,,5,0,,0
TH-02231,2026-07-14,B,18.7,,,,7609.6,,10,0,,0
TH-02234,2026-07-14,B,18.7,,,,13321.7,,12,0,,0
TH-02235,2026-07-14,B,18.7,,,,22710.7,,8,0,6021,0
TH-02236,2026-07-14,B,18.7,,,,4265.3,,11,0,,0
TH-02239,2026-07-14,B,18.7,,,,17244.0,,9,0,6021,0
TH-02240,2026-07-14,B,18.7,,,,8081.8,,10,0,,0
TH-02242,2026-07-14,B,18.7,,,,14374.8,,13,0,6021,0
TH-02244,2026-07-14,B,18.7,,,,16908.7,,13,0,,0
TH-02245,2026-07-14,B,18.7,33.1,28.3,,14964.7,,7,0,6021,0
TH-02246,2026-07-14,B,18.7,,,,15979.4,,11,0,1188,2
TH-02247,2026-07-14,B,18.7,,,,5512.3,,8,0,1188,2
TH-02248,2026-07-14,B,18.7,,,,23315.9,,10,0,,0
TH-02249,2026-07-14,B,18.7,,,,6922.8,,9,0,3104,2
TH-02250,2026-07-14,B,18.7,,,,11212.0,,11,0,,0
TH-02255,2026-07-14,B,18.7,31.1,24.8,,12957.2,,8,0,,0
TH-02256,2026-07-14,B,18.7,,,,7881.9,,6,0,,0
TH-02258,2026-07-14,B,18.7,,,,10382.9,,6,0,6021,0
TH-02260,2026-07-14,B,18.7,,,,7367.4,,7,0,,0
TH-02262,2026-07-14,B,18.7,,,,9209.9,,15,0,,0
TH-02265,2026-07-14,B,18.7,32.2,27.2,,22621.8,,20,0,3104,2
TH-02266,2026-07-14,B,18.7,,,,16147.3,,10,0,,0
TH-02267,2026-07-14,B,18.7,,,,11569.0,,12,0,6021,0
TH-02268,2026-07-14,B,18.7,,,,23854.8,,4,0,3104,2
TH-02269,2026-07-14,B,18.7,,,,12427.0,,11,0,,0
TH-02270,2026-07-14,B,18.7,,,,21963.6,,16,0,,0
TH-02273,2026-07-14,B,18.7,,,,19835.9,,9,0,,0
TH-02275,2026-07-14,B,18.7,,,,12372.9,,7,0,6021,0
TH-02278,2026-07-14,B,18.7,,,,14850.7,,10,0,6021,0
TH-02279,2026-07-14,B,18.7,,,,21122.0,,6,0,,0
TH-02280,2026-07-14,B,18.7,,,,17749.0,,11,0,6021,0
TH-02281,2026-07-14,B,18.7,33.4,27.9,,4284.2,,6,0,6021,0
TH-02283,2026-07-14,B,18.7,,,,21375.5,,10,0,6021,0
TH-02285,2026-07-14,B,18.7,,,,12855.7,,10,0,,0
TH-02286,2026-07-14,B,18.7,,,,7611.5,,6,0,7702,2
TH-02287,2026-07-14,B,18.7,,,,18054.4,,6,0,,0
TH-02288,2026-07-14,B,18.7,,,,5459.1,,11,0,,0
TH-02290,2026-07-14,B,18.7,,,,7346.4,,22,0,6021,0
TH-02292,2026-07-14,C,18.7,,,,0.93,,,0,,warn
TH-02294,2026-07-14,C,18.7,,,,1.94,,,0,,OK
TH-02296,2026-07-14,C,18.7,,,,0.84,,,0,,
TH-02298,2026-07-14,C,18.7,,,,1.01,,,0,,warn
TH-02299,2026-07-14,C,18.7,,,,0.91,,,0,,OK
TH-02300,2026-07-14,C,18.7,,,46.2,0.86,,,0,,
TH-02302,2026-07-14,C,18.7,,,,0.99,,,0,,OK
TH-02303,2026-07-14,C,18.7,31.7,,,1.25,,,0,ALM_SM_LINK,OK
TH-02304,2026-07-14,C,18.7,,,,1.83,,,0,,OK
TH-02308,2026-07-14,C,18.7,,,,1.32,,,0,,
TH-02311,2026-07-14,C,18.7,,,,1.26,,,0,,warn
TH-02312,2026-07-14,C,18.7,,,,1.8,,,0,,OK
TH-02313,2026-07-14,C,18.7,,,50.5,1.04,,,0,,
TH-02314,2026-07-14,C,18.7,,,,1.58,,,0,,
TH-02317,2026-07-14,C,18.7,,,,0.92,,,0,,OK
TH-02322,2026-07-14,C,18.7,,,,0.74,,,0,,OK
TH-02323,2026-07-14,C,18.7,,,,2.06,,,0,,OK
TH-02324,2026-07-14,C,18.7,32.8,,,2.17,,,0,,warn
TH-02331,2026-07-14,C,18.7,30.9,,,1.39,,,0,,warn
TH-02333,2026-07-14,C,18.7,,,,0.85,,,0,,OK
TH-02335,2026-07-14,C,18.7,,,,2.13,,,0,,
TH-02336,2026-07-14,C,18.7,,,,1.49,,,0,,
TH-02337,2026-07-14,C,18.7,,,,1.76,,,0,,OK
TH-02338,2026-07-14,C,18.7,,,,1.87,,,0,,
TH-02339,2026-07-14,C,18.7,,,,1.27,,,0,,warn
TH-02340,2026-07-14,C,18.7,,,,1.64,,,0,,warn
TH-02341,2026-07-14,C,18.7,,,,0.82,,,0,,warn
TH-02342,2026-07-14,C,18.7,,,,1.72,,,0,,
TH-02343,2026-07-14,C,18.7,,,,0.79,,,0,,
TH-02344,2026-07-14,C,18.7,,,,1.75,,,0,,warn
TH-02346,2026-07-14,C,18.7,,,,1.44,,,0,,OK
TH-02347,2026-07-14,C,18.7,,,,1.14,,,0,,
TH-02351,2026-07-14,C,18.7,,,50.1,1.87,,,0,,OK
TH-02352,2026-07-14,C,18.7,,,,1.93,,,0,,warn
TH-02354,2026-07-14,C,18.7,,,,1.65,,,0,,OK
TH-02358,2026-07-14,C,18.7,31.4,,,2.21,,,0,,
TH-02359,2026-07-14,C,18.7,,,,1.69,,,0,,OK
TH-02360,2026-07-14,C,18.7,,,52.0,1.52,,,0,,warn
TH-02361,2026-07-14,C,18.7,,,,1.94,,,0,ALM_SM_LINK,OK
TH-02363,2026-07-14,C,18.7,,,,1.43,,,0,,warn
TH-02366,2026-07-14,C,18.7,,,,0.92,,,0,,OK
TH-02367,2026-07-14,C,18.7,30.6,,,1.96,,,0,,OK
TH-02371,2026-07-14,C,18.7,,,,1.28,,,0,,warn
TH-02375,2026-07-14,C,18.7,,,46.8,1.62,,,0,,
TH-02377,2026-07-14,C,18.7,,,50.1,1.98,,,0,,
TH-02379,2026-07-14,C,18.7,,,,0.96,,,0,,warn
TH-02381,2026-07-14,C,18.7,31.5,,,1.07,,,0,,OK
TH-02384,2026-07-14,C,18.7,,,,1.38,,,0,,warn
TH-02385,2026-07-14,C,18.7,,,,1.5,,,0,,warn
TH-02387,2026-07-14,C,18.7,,,,1.78,,,0,,warn
TH-02388,2026-07-14,C,18.7,,,,1.34,,,0,,OK
TH-02389,2026-07-14,C,18.7,,,,0.84,,,0,,warn
TH-02393,2026-07-14,C,18.7,30.8,,,1.18,,,0,,OK
TH-02395,2026-07-14,C,18.7,,,,0.93,,,0,,warn
TH-02396,2026-07-14,C,18.7,,,,1.68,,,0,,
TH-02397,2026-07-14,C,18.7,,,52.1,1.47,,,0,,
TH-02398,2026-07-14,C,18.7,,,,2.19,,,0,,OK
TH-02399,2026-07-14,C,18.7,,,,1.53,,,0,,OK
TH-02400,2026-07-14,C,18.7,,,,1.92,,,0,,
th-02017,2026-07-14,A,18.7,-999,23.8,50.2,1.78,6.1,9,0,,ok
th-02028,2026-07-14,A,18.7,32.0,27.2,52.1,1.18,4.5,10,0,,ok
th-02038,2026-07-14,A,18.7,31.3,26.8,48.9,1.44,5.1,6,0,,OK
th-02044,2026-07-14,A,18.7,33.5,27.0,48.2,1.56,6.1,8,0,,ok
th-02047,2026-07-14,A,18.7,32.3,27.5,51.8,1.13,4.5,4,0,,OK
th-02051,2026-07-14,A,18.7,32.7,25.5,52.1,0.87,3.1,10,0,,ok
th-02061,2026-07-14,A,18.7,31.9,26.1,46.7,1.4,5.3,8,0,,ok
th-02077,2026-07-14,A,18.7,31.4,24.7,53.0,1.92,6.5,13,0,,OK
th-02099,2026-07-14,A,18.7,33.0,28.0,46.3,0.93,3.9,8,0,,ok
th-02101,2026-07-14,A,18.7,32.8,25.4,47.4,1.78,5.9,7,0,,ok
th-02112,2026-07-14,A,18.7,31.1,25.1,52.5,1.08,4.5,12,0,,ok
th-02127,2026-07-14,A,18.7,33.1,28.1,47.0,1.42,5.1,7,0,,OK
th-02129,2026-07-14,A,18.7,30.7,25.3,46.3,0.88,3.5,2,0,,OK
th-02132,2026-07-14,A,18.7,30.6,26.4,46.3,1.9,5.3,14,0,E-211,ok
th-02159,2026-07-14,B,18.7,,,,12105.2,,9,0,,0
th-02170,2026-07-14,B,18.7,,,,11478.8,,8,0,,0
th-02173,2026-07-14,B,18.7,,,,6988.2,,8,0,6021,0
th-02175,2026-07-14,B,18.7,,,,12090.7,,9,0,6021,0
th-02177,2026-07-14,B,18.7,,,,12978.4,,8,0,,0
th-02196,2026-07-14,B,18.7,,,,25253.1,,6,0,,0
th-02204,2026-07-14,B,18.7,,,,5213.4,,5,0,,0
th-02251,2026-07-14,B,18.7,,,,24488.6,,8,0,,0
th-02257,2026-07-14,B,18.7,,,,21309.5,,6,0,,0
th-02259,2026-07-14,B,18.7,,,,12312.5,,15,0,,0
th-02277,2026-07-14,B,18.7,,,,17910.8,,9,0,6021,0
th-02307,2026-07-14,C,18.7,,,,1.83,,,0,,
th-02309,2026-07-14,C,18.7,,,,1.62,,,0,,warn
th-02319,2026-07-14,C,18.7,,,,1.29,,,0,,
th-02334,2026-07-14,C,18.7,,,,0.94,,,0,,warn
th-02348,2026-07-14,C,18.7,,,,1.14,,,0,,
th-02355,2026-07-14,C,18.7,,,,0.78,,,0,,warn
th-02374,2026-07-14,C,18.7,,,,0.85,,,0,,warn
th-02380,2026-07-14,C,18.7,,,,1.19,,,0,,OK
th-02383,2026-07-14,C,18.7,33.4,,,0.74,,,0,,warn
 TH-02004,2026-07-15,A,20.6,31.1,25.1,52.4,1.1,4.8,10,0,,OK
 TH-02006,2026-07-15,A,20.6,30.6,26.5,51.1,1.35,4.3,5,0,,ok
 TH-02037,2026-07-15,A,20.6,31.8,24.6,49.4,1.7,7.2,6,0,,OK
 TH-02048,2026-07-15,A,20.6,31.3,26.6,47.5,1.28,4.5,13,0,,OK
 TH-02051,2026-07-15,A,20.6,32.7,26.6,46.5,1.01,4.2,7,0,,OK
 TH-02062,2026-07-15,A,20.6,31.3,24.2,52.7,1.28,5.3,6,0,,OK
 TH-02081,2026-07-15,A,20.6,30.8,24.2,47.1,1.07,4.3,10,0,,OK
 TH-02091,2026-07-15,A,20.6,33.5,30.3,51.8,2.26,6.5,5,0,,OK
 TH-02121,2026-07-15,A,20.6,32.4,27.9,51.7,1.47,5.8,14,0,,OK
 TH-02127,2026-07-15,A,20.6,33.5,27.4,49.5,1.44,5.3,11,0,E-317,ok
 TH-02141,2026-07-15,B,20.6,,,,17204.5,,5,0,6021,0
 TH-02145,2026-07-15,B,20.6,,,,4848.1,,9,0,,0
 TH-02169,2026-07-15,B,20.6,,,,18498.4,,9,0,6021,0
 TH-02177,2026-07-15,B,20.6,,,,12980.7,,9,0,6021,0
 TH-02184,2026-07-15,B,20.6,,,,20323.9,,8,0,,0
 TH-02221,2026-07-15,B,20.6,,,,16232.3,,26,0,,0
 TH-02248,2026-07-15,B,20.6,,,,23317.3,,10,0,,0
 TH-02267,2026-07-15,B,20.6,,,,11569.8,,6,0,6021,0
 TH-02299,2026-07-15,C,20.6,,,,1.93,,,0,,OK
 TH-02333,2026-07-15,C,20.6,,,,1.82,,,0,,
 TH-02374,2026-07-15,C,20.6,,,,1.84,,,0,,OK
 TH-02398,2026-07-15,C,20.6,,,,1.68,,,0,,
 TH-02400,2026-07-15,C,20.6,,,,2.35,,,0,,
TH-02001,2026-07-15,A,20.6,33.2,28.2,50.1,0.97,4.2,9,0,,ok
TH-02002,2026-07-15,A,20.6,31.6,26.9,47.0,0.98,3.9,9,0,,OK
TH-02005,2026-07-15,A,20.6,32.8,26.9,46.9,1.42,5.1,8,0,,ok
TH-02008,2026-07-15,A,20.6,33.1,27.0,48.4,1.48,6.2,12,0,,OK
TH-02011,2026-07-15,A,20.6,33.4,27.1,49.8,1.35,5.9,15,0,,OK
TH-02012,2026-07-15,A,20.6,30.9,23.5,51.8,1.14,4.0,12,0,,ok
TH-02015,2026-07-15,A,20.6,31.0,24.0,46.9,1.42,5.6,8,0,,OK
TH-02016,2026-07-15,A,20.6,33.4,27.8,52.2,0.77,3.0,6,0,,OK
TH-02019,2026-07-15,A,20.6,31.9,25.4,47.7,1.0,3.4,9,0,,ok
TH-02020,2026-07-15,A,20.6,32.5,26.6,48.9,1.15,4.7,9,0,,ok
TH-02021,2026-07-15,A,20.6,32.0,26.8,46.1,1.65,5.6,10,0,,OK
TH-02023,2026-07-15,A,20.6,32.5,27.1,49.4,1.9,6.3,11,0,,ok
TH-02025,2026-07-15,A,20.6,31.3,24.1,52.5,1.1,3.5,11,0,,OK
TH-02028,2026-07-15,A,20.6,31.0,25.3,50.8,1.29,5.6,9,0,,OK
TH-02030,2026-07-15,A,20.6,30.8,23.4,47.2,1.3,4.5,8,0,,OK
TH-02031,2026-07-15,A,20.6,31.8,25.4,48.1,1.16,5.1,7,0,,OK
TH-02032,2026-07-15,A,20.6,30.6,24.1,51.3,1.51,5.1,9,0,,OK
TH-02033,2026-07-15,A,20.6,31.1,24.1,46.3,1.07,3.9,3,0,,ok
TH-02034,2026-07-15,A,20.6,31.7,26.4,48.8,1.59,5.6,15,0,,ok
TH-02036,2026-07-15,A,20.6,30.9,23.7,53.0,1.46,5.1,9,0,,ok
TH-02038,2026-07-15,A,20.6,31.2,26.8,46.1,1.99,6.5,4,0,,OK
TH-02040,2026-07-15,A,20.6,30.9,24.8,48.2,0.99,3.1,13,0,,OK
TH-02044,2026-07-15,A,20.6,33.2,28.5,51.8,1.01,3.8,14,0,,ok
TH-02045,2026-07-15,A,20.6,31.5,25.9,50.0,1.74,6.0,10,0,,ok
TH-02046,2026-07-15,A,20.6,32.7,26.4,47.6,1.19,3.8,15,0,,OK
TH-02047,2026-07-15,A,20.6,32.5,27.8,46.5,1.68,7.0,9,0,,ok
TH-02049,2026-07-15,A,20.6,31.3,24.5,47.0,0.84,3.5,5,0,,OK
TH-02050,2026-07-15,A,20.6,31.8,26.0,51.6,0.99,3.3,9,0,,OK
TH-02052,2026-07-15,A,20.6,31.4,25.1,50.8,0.85,3.7,14,0,,OK
TH-02053,2026-07-15,A,20.6,31.0,24.5,48.4,0.92,3.1,10,0,,ok
TH-02054,2026-07-15,A,20.6,32.6,27.8,51.2,0.98,3.4,15,0,,OK
TH-02055,2026-07-15,A,20.6,32.9,27.3,52.5,1.74,5.4,8,0,,OK
TH-02056,2026-07-15,A,20.6,32.3,25.4,52.5,1.74,7.4,9,0,,OK
TH-02061,2026-07-15,A,20.6,31.3,24.8,46.7,1.94,6.4,15,0,,ok
TH-02063,2026-07-15,A,20.6,32.0,26.0,52.2,2.04,6.4,13,0,,ok
TH-02065,2026-07-15,A,20.6,31.0,24.3,48.0,1.56,6.1,12,0,,ok
TH-02068,2026-07-15,A,20.6,30.7,24.6,47.2,1.65,5.6,5,0,,OK
TH-02071,2026-07-15,A,20.6,-999,25.5,49.2,1.8,7.3,12,0,,ok
TH-02072,2026-07-15,A,20.6,31.3,25.9,46.8,1.34,5.6,5,0,,ok
TH-02073,2026-07-15,A,20.6,31.9,29.0,49.7,1.71,4.9,12,0,,OK
TH-02074,2026-07-15,A,20.6,31.7,26.9,52.3,1.7,5.3,7,0,,OK
TH-02075,2026-07-15,A,20.6,31.0,24.1,50.3,1.65,5.3,6,0,,OK
TH-02077,2026-07-15,A,20.6,33.0,25.9,50.3,1.77,6.8,10,0,,ok
TH-02078,2026-07-15,A,20.6,33.4,27.0,46.5,1.84,7.5,10,0,E-211,OK
TH-02080,2026-07-15,A,20.6,30.6,23.5,46.9,1.88,6.2,9,0,,ok
TH-02083,2026-07-15,A,20.6,30.6,25.2,46.7,1.49,6.1,8,0,,OK
TH-02084,2026-07-15,A,20.6,32.8,27.6,52.5,1.13,4.4,8,0,,OK
TH-02086,2026-07-15,A,20.6,32.2,25.5,47.0,1.57,5.1,7,0,,ok
TH-02087,2026-07-15,A,20.6,31.9,26.0,49.3,1.13,3.8,8,0,,OK
TH-02090,2026-07-15,A,20.6,32.5,27.6,48.0,1.11,3.9,7,0,,ok
TH-02094,2026-07-15,A,20.6,32.0,27.0,49.0,1.69,5.7,3,0,,ok
TH-02095,2026-07-15,A,20.6,32.6,25.2,48.1,0.92,3.6,6,0,,OK
TH-02098,2026-07-15,A,20.6,33.4,28.2,47.0,0.99,4.1,8,0,,ok
TH-02099,2026-07-15,A,20.6,32.7,27.4,47.1,1.12,4.7,8,0,,ok
TH-02100,2026-07-15,A,20.6,31.5,24.3,49.8,0.74,3.1,9,0,,OK
TH-02103,2026-07-15,A,20.6,30.7,24.4,47.5,1.21,4.3,5,0,E-104,ok
TH-02109,2026-07-15,A,20.6,32.1,26.5,52.9,1.31,4.6,6,0,,OK
TH-02112,2026-07-15,A,20.6,31.0,26.2,52.6,2.02,6.3,6,0,,ok
TH-02113,2026-07-15,A,20.6,30.7,23.6,49.5,1.41,5.1,5,0,,ok
TH-02114,2026-07-15,A,20.6,32.7,25.6,51.0,1.69,6.3,5,0,,OK
TH-02120,2026-07-15,A,20.6,31.6,24.6,47.5,1.62,5.4,11,0,,OK
TH-02122,2026-07-15,A,20.6,33.4,27.8,49.1,1.64,7.1,9,0,,OK
TH-02124,2026-07-15,A,20.6,32.3,27.3,47.1,1.41,5.5,8,0,E-505,OK
TH-02125,2026-07-15,A,20.6,33.4,27.6,49.1,1.02,3.2,7,0,,OK
TH-02126,2026-07-15,A,20.6,31.7,25.7,50.2,0.75,3.3,4,0,,ok
TH-02129,2026-07-15,A,20.6,31.7,25.7,49.0,2.01,7.4,9,0,,OK
TH-02130,2026-07-15,A,20.6,30.9,25.4,50.9,0.91,3.8,8,0,,ok
TH-02132,2026-07-15,A,20.6,33.2,29.3,46.7,2.31,7.4,7,0,E-211,warn
TH-02133,2026-07-15,A,20.6,32.4,25.2,52.2,2.35,7.3,10,0,,OK
TH-02134,2026-07-15,A,20.6,33.5,28.0,49.9,0.96,3.4,13,0,,OK
TH-02135,2026-07-15,A,20.6,32.1,26.0,46.6,1.54,6.5,13,0,,OK
TH-02136,2026-07-15,A,20.6,32.8,26.0,50.7,1.2,4.8,7,0,,ok
TH-02137,2026-07-15,A,20.6,32.1,25.7,47.1,1.66,6.9,14,0,,ok
TH-02139,2026-07-15,A,20.6,33.4,26.1,48.1,1.5,5.2,12,0,,OK
TH-02140,2026-07-15,A,20.6,31.2,25.7,48.3,1.14,4.4,8,0,,ok
TH-02143,2026-07-15,B,20.6,31.4,26.3,,17953.6,,11,0,6021,0
TH-02144,2026-07-15,B,20.6,,,,12975.8,,8,0,,0
TH-02149,2026-07-15,B,20.6,,,,8109.9,,7,0,,0
TH-02152,2026-07-15,B,20.6,32.5,27.5,,22553.6,,5,0,6021,0
TH-02155,2026-07-15,B,20.6,,,,4523.8,,7,0,,0
TH-02158,2026-07-15,B,20.6,,,,7106.2,,8,0,,0
TH-02159,2026-07-15,B,20.6,,,,12107.4,,8,0,6021,0
TH-02160,2026-07-15,B,20.6,,,,14976.3,,7,0,,0
TH-02162,2026-07-15,B,20.6,32.5,26.5,,14685.7,,11,0,6021,0
TH-02165,2026-07-15,B,20.6,,,,15141.1,,10,0,6021,0
TH-02168,2026-07-15,B,20.6,,,,13681.2,,13,0,,0
TH-02170,2026-07-15,B,20.6,,,,11480.4,,7,0,6021,0
TH-02173,2026-07-15,B,20.6,,,,6989.2,,9,0,,0
TH-02175,2026-07-15,B,20.6,,,,12091.8,,7,0,,0
TH-02176,2026-07-15,B,20.6,,,,5453.6,,7,0,,0
TH-02178,2026-07-15,B,20.6,,,,19535.1,,8,0,,0
TH-02180,2026-07-15,B,20.6,33.3,27.3,,11647.1,,9,0,,0
TH-02181,2026-07-15,B,20.6,,,,18779.7,,4,0,,0
TH-02182,2026-07-15,B,20.6,,,,20990.8,,24,0,6021,0
TH-02185,2026-07-15,B,20.6,,,,25259.0,,10,0,6021,0
TH-02187,2026-07-15,B,20.6,,,,13655.6,,6,0,6021,0
TH-02188,2026-07-15,B,20.6,,,,24525.2,,6,0,,0
TH-02189,2026-07-15,B,20.6,,,,19391.6,,9,0,,0
TH-02190,2026-07-15,B,20.6,33.3,28.3,,24707.0,,9,0,,0
TH-02192,2026-07-15,B,20.6,,,,23417.6,,9,0,6021,0
TH-02194,2026-07-15,B,20.6,,,,19039.5,,13,0,,0
TH-02195,2026-07-15,B,20.6,,,,14863.6,,21,0,3104,2
TH-02196,2026-07-15,B,20.6,,,,25254.8,,5,0,,0
TH-02202,2026-07-15,B,20.6,,,,13855.1,,10,0,,0
TH-02204,2026-07-15,B,20.6,,,,5215.3,,6,0,,0
TH-02206,2026-07-15,B,20.6,,,,17430.5,,2,0,,0
TH-02207,2026-07-15,B,20.6,,,,13710.5,,9,0,,0
TH-02213,2026-07-15,B,20.6,,,,9357.7,,14,0,,0
TH-02214,2026-07-15,B,20.6,,,,9162.2,,2,0,6021,0
TH-02215,2026-07-15,B,20.6,,,,18287.6,,7,0,,0
TH-02223,2026-07-15,B,20.6,,,,22273.3,,8,0,6021,0
TH-02224,2026-07-15,B,20.6,,,,8785.4,,12,0,,0
TH-02226,2026-07-15,B,20.6,,,,9775.5,,14,0,,0
TH-02228,2026-07-15,B,20.6,,,,23964.9,,14,0,,0
TH-02230,2026-07-15,B,20.6,,,,25659.6,,9,0,,0
TH-02231,2026-07-15,B,20.6,,,,7610.8,,6,0,,0
TH-02234,2026-07-15,B,20.6,,,,13322.7,,9,0,,0
TH-02235,2026-07-15,B,20.6,,,,22712.7,,9,0,6021,0
TH-02239,2026-07-15,B,20.6,,,,17245.3,,9,0,6021,0
TH-02242,2026-07-15,B,20.6,,,,14377.0,,11,0,6021,0
TH-02243,2026-07-15,B,20.6,,,,11708.9,,6,0,6021,0
TH-02244,2026-07-15,B,20.6,,,,16909.9,,13,0,,0
TH-02245,2026-07-15,B,20.6,,,,14966.7,,3,0,6021,0
TH-02246,2026-07-15,B,20.6,,,,15980.5,,8,0,,0
TH-02247,2026-07-15,B,20.6,,,,5513.6,,8,0,6021,0
TH-02255,2026-07-15,B,20.6,,,,12958.3,,8,0,,0
TH-02256,2026-07-15,B,20.6,,,,7883.5,,11,0,6021,0
TH-02257,2026-07-15,B,20.6,,,,21311.2,,9,0,6021,0
TH-02258,2026-07-15,B,20.6,,,,10383.8,,6,0,6021,0
TH-02259,2026-07-15,B,20.6,,,,12314.3,,10,0,,0
TH-02260,2026-07-15,B,20.6,,,,7369.5,,9,0,,0
TH-02262,2026-07-15,B,20.6,,,,9210.6,,11,0,6021,0
TH-02266,2026-07-15,B,20.6,,,,16148.2,,6,0,,0
TH-02268,2026-07-15,B,20.6,,,,23856.0,,4,0,,0
TH-02269,2026-07-15,B,20.6,,,,12428.0,,6,0,6021,0
TH-02270,2026-07-15,B,20.6,,,,21965.8,,14,0,,0
TH-02271,2026-07-15,B,20.6,,,,4976.7,,10,0,,0
TH-02273,2026-07-15,B,20.6,,,,19837.4,,8,0,,0
TH-02277,2026-07-15,B,20.6,,,,17911.8,,5,0,,0
TH-02279,2026-07-15,B,20.6,,,,21123.3,,9,0,,0
TH-02280,2026-07-15,B,20.6,,,,17750.3,,8,0,,0
TH-02283,2026-07-15,B,20.6,,,,21377.6,,13,0,6021,0
TH-02285,2026-07-15,B,20.6,30.8,24.6,,12857.8,,9,0,,0
TH-02286,2026-07-15,B,20.6,,,,7612.4,,5,0,,0
TH-02287,2026-07-15,B,20.6,,,,18055.2,,9,0,6021,0
TH-02290,2026-07-15,B,20.6,,,,7348.9,,23,0,,0
TH-02292,2026-07-15,C,20.6,,,,1.12,,,0,,OK
TH-02294,2026-07-15,C,20.6,,,,1.4,,,0,ALM_HP_HP_SWITCH,OK
TH-02296,2026-07-15,C,20.6,,,,1.74,,,0,,
TH-02297,2026-07-15,C,20.6,,,,0.93,,,0,,
TH-02298,2026-07-15,C,20.6,,,,1.46,,,0,,
TH-02300,2026-07-15,C,20.6,,,,2.23,,,0,,warn
TH-02302,2026-07-15,C,20.6,,,,1.15,,,0,,warn
TH-02303,2026-07-15,C,20.6,,,,1.14,,,0,,warn
TH-02304,2026-07-15,C,20.6,,,,1.7,,,0,,warn
TH-02307,2026-07-15,C,20.6,,,,1.32,,,0,,OK
TH-02308,2026-07-15,C,20.6,,,,2.0,,,0,,warn
TH-02309,2026-07-15,C,20.6,,,,1.78,,,0,,OK
TH-02311,2026-07-15,C,20.6,,,,2.0,,,0,,warn
TH-02312,2026-07-15,C,20.6,,,,1.55,,,0,,warn
TH-02313,2026-07-15,C,20.6,,,,1.44,,,0,,OK
TH-02314,2026-07-15,C,20.6,,,,1.12,,,0,,
TH-02317,2026-07-15,C,20.6,,,,1.8,,,0,,OK
TH-02319,2026-07-15,C,20.6,,,,0.96,,,0,ALM_SM_LINK,warn
TH-02322,2026-07-15,C,20.6,,,,1.69,,,0,,OK
TH-02323,2026-07-15,C,20.6,,,,1.48,,,0,,
TH-02324,2026-07-15,C,20.6,,,,1.74,,,0,,warn
TH-02331,2026-07-15,C,20.6,,,,1.14,,,0,ALM_SM_LINK,warn
TH-02334,2026-07-15,C,20.6,,,,0.96,,,0,,
TH-02335,2026-07-15,C,20.6,,,,0.93,,,0,,warn
TH-02337,2026-07-15,C,20.6,,,,1.14,,,0,,warn
TH-02338,2026-07-15,C,20.6,,,,1.63,,,0,,warn
TH-02339,2026-07-15,C,20.6,,,,1.07,,,0,,OK
TH-02340,2026-07-15,C,20.6,,,,1.74,,,0,,warn
TH-02342,2026-07-15,C,20.6,,,,0.76,,,0,,warn
TH-02343,2026-07-15,C,20.6,,,,1.52,,,0,,
TH-02344,2026-07-15,C,20.6,,,,1.64,,,0,,OK
TH-02345,2026-07-15,C,20.6,,,,0.75,,,0,ALM_HP_HP_SWITCH,
TH-02346,2026-07-15,C,20.6,32.1,,,1.15,,,0,,OK
TH-02347,2026-07-15,C,20.6,,,,1.05,,,0,,OK
TH-02348,2026-07-15,C,20.6,,,,1.47,,,0,,warn
TH-02351,2026-07-15,C,20.6,,,,1.18,,,0,,warn
TH-02352,2026-07-15,C,20.6,,,,1.01,,,0,,
TH-02354,2026-07-15,C,20.6,31.0,,,1.23,,,0,,
TH-02355,2026-07-15,C,20.6,,,,1.48,,,0,,warn
TH-02357,2026-07-15,C,20.6,,,,1.84,,,0,,warn
TH-02358,2026-07-15,C,20.6,,,,1.01,,,0,,
TH-02359,2026-07-15,C,20.6,,,,1.73,,,0,,warn
TH-02360,2026-07-15,C,20.6,,,,1.52,,,0,ALM_HP_HP_SWITCH,warn
TH-02361,2026-07-15,C,20.6,,,,1.45,,,0,,
TH-02363,2026-07-15,C,20.6,,,,1.41,,,0,,OK
TH-02365,2026-07-15,C,20.6,,,,1.37,,,0,,OK
TH-02366,2026-07-15,C,20.6,,,,1.35,,,0,,
TH-02371,2026-07-15,C,20.6,,,,2.01,,,0,,warn
TH-02375,2026-07-15,C,20.6,,,,0.91,,,0,,
TH-02377,2026-07-15,C,20.6,,,,1.49,,,0,,OK
TH-02380,2026-07-15,C,20.6,,,,1.25,,,0,,warn
TH-02381,2026-07-15,C,20.6,,,,0.97,,,0,,warn
TH-02384,2026-07-15,C,20.6,,,,2.08,,,0,,warn
TH-02385,2026-07-15,C,20.6,,,,1.06,,,0,,OK
TH-02387,2026-07-15,C,20.6,,,,1.62,,,0,,
TH-02388,2026-07-15,C,20.6,,,,1.67,,,0,,OK
TH-02389,2026-07-15,C,20.6,,,,1.73,,,0,,
TH-02393,2026-07-15,C,20.6,,,,1.27,,,0,,
TH-02395,2026-07-15,C,20.6,,,,1.99,,,0,,
TH-02396,2026-07-15,C,20.6,,,,1.61,,,0,,OK
TH-02397,2026-07-15,C,20.6,,,,0.82,,,0,,OK
TH-02399,2026-07-15,C,20.6,,,,1.19,,,0,,warn
TH-90000,2026-07-15,C,20.6,,,,8.8,,,0,,OK
TH-90001,2026-07-15,C,20.6,,,,7.84,,,0,,OK
TH-90002,2026-07-15,C,20.6,,,,5.82,,,0,,OK
TH-90003,2026-07-15,C,20.6,,,,11.44,,,0,,OK
TH-90004,2026-07-15,C,20.6,,,,13.72,,,0,,OK
th-02009,2026-07-15,A,20.6,32.2,25.4,52.1,1.76,7.1,8,0,,ok
th-02017,2026-07-15,A,20.6,33.1,28.2,50.3,1.87,7.0,8,0,,ok
th-02035,2026-07-15,A,20.6,31.2,24.8,46.6,2.03,7.2,11,0,,ok
th-02085,2026-07-15,A,20.6,32.9,25.5,47.1,1.06,3.9,7,0,,OK
th-02097,2026-07-15,A,20.6,32.4,25.3,48.9,1.68,6.0,11,0,,ok
th-02101,2026-07-15,A,20.6,33.3,27.2,51.8,1.6,6.8,10,0,,OK
th-02111,2026-07-15,A,20.6,30.8,25.8,49.2,0.97,3.6,6,0,,OK
th-02118,2026-07-15,A,20.6,31.6,24.2,52.2,1.26,5.2,6,0,,ok
th-02138,2026-07-15,A,20.6,33.1,26.9,50.5,1.26,5.3,12,0,,ok
th-02146,2026-07-15,B,20.6,,,,24538.1,,7,0,3104,2
th-02153,2026-07-15,B,20.6,,,,19061.9,,7,0,6021,0
th-02161,2026-07-15,B,20.6,,,,8317.0,,7,0,6021,0
th-02171,2026-07-15,B,20.6,,,,14104.0,,8,0,6021,0
th-02216,2026-07-15,B,20.6,,,,17197.5,,10,0,6021,0
th-02236,2026-07-15,B,20.6,,,,4266.8,,11,0,6021,0
th-02238,2026-07-15,B,20.6,,,,7807.0,,11,0,,0
th-02240,2026-07-15,B,20.6,,,,8082.6,,5,0,,0
th-02249,2026-07-15,B,20.6,,,,6924.4,,3,0,,0
th-02250,2026-07-15,B,20.6,,,,11213.6,,8,0,,0
th-02251,2026-07-15,B,20.6,,,,24489.8,,5,0,6021,0
th-02265,2026-07-15,B,20.6,,,,22623.6,,26,0,,0
th-02272,2026-07-15,B,20.6,,,,24882.4,,11,0,6021,0
th-02275,2026-07-15,B,20.6,,,,12374.2,,5,0,6021,0
th-02278,2026-07-15,B,20.6,32.8,26.9,,14851.5,,9,0,6021,0
th-02281,2026-07-15,B,20.6,,,,4285.5,,10,0,6021,0
th-02336,2026-07-15,C,20.6,,,,1.17,,,0,,OK
th-02341,2026-07-15,C,20.6,,,,0.89,,,0,,OK
th-02367,2026-07-15,C,20.6,,,,2.05,,,0,,warn
th-02379,2026-07-15,C,20.6,,,,0.83,,,0,,
th-02383,2026-07-15,C,20.6,,,,1.18,,,0,,OK
 TH-02009,2026-07-16,A,18.3,33.3,25.8,49.7,1.23,4.9,4,0,,OK
 TH-02011,2026-07-16,A,18.3,31.3,24.5,52.2,2.01,7.5,7,0,,ok
 TH-02061,2026-07-16,A,18.3,32.5,27.6,51.4,0.91,3.8,14,0,,ok
 TH-02074,2026-07-16,A,18.3,33.4,27.0,49.7,1.19,3.8,5,0,,ok
 TH-02090,2026-07-16,A,18.3,30.6,24.4,53.0,1.85,6.2,5,0,,ok
 TH-02098,2026-07-16,A,18.3,30.9,23.6,48.5,1.4,5.2,8,0,,OK
 TH-02112,2026-07-16,A,18.3,31.8,26.6,46.7,1.67,7.3,12,0,,OK
 TH-02130,2026-07-16,A,18.3,33.4,28.0,50.5,0.77,3.1,5,0,,OK
 TH-02155,2026-07-16,B,18.3,,,,4525.4,,13,0,6021,0
 TH-02180,2026-07-16,B,18.3,,,,11647.9,,9,0,,0
 TH-02194,2026-07-16,B,18.3,,,,19041.5,,14,0,,0
 TH-02216,2026-07-16,B,18.3,32.4,27.1,,17199.7,,7,0,,0
 TH-02240,2026-07-16,B,18.3,32.3,25.9,,8084.6,,12,0,,0
 TH-02256,2026-07-16,B,18.3,,,,7885.2,,6,0,,0
 TH-02265,2026-07-16,B,18.3,,,,22624.9,,23,0,6021,0
 TH-02302,2026-07-16,C,18.3,,,,1.76,,,0,,OK
 TH-02312,2026-07-16,C,18.3,,,,0.87,,,0,,warn
 TH-02314,2026-07-16,C,18.3,,,,1.64,,,0,,
 TH-02335,2026-07-16,C,18.3,,,,0.78,,,0,,warn
 TH-02336,2026-07-16,C,18.3,,,,0.99,,,0,,
 TH-02339,2026-07-16,C,18.3,,,,1.28,,,0,,warn
 TH-02346,2026-07-16,C,18.3,,,,1.93,,,0,,
 TH-02361,2026-07-16,C,18.3,,,,2.12,,,0,,
 TH-02396,2026-07-16,C,18.3,,,,1.87,,,0,,OK
TH-02001,2026-07-16,A,18.3,32.0,26.4,47.8,1.82,6.2,11,0,E-505,warn
TH-02004,2026-07-16,A,18.3,32.8,26.2,50.3,2.18,6.9,4,0,,ok
TH-02005,2026-07-16,A,18.3,32.3,24.9,52.1,1.75,6.5,6,0,,ok
TH-02006,2026-07-16,A,18.3,33.1,29.9,50.5,2.3,7.2,7,0,E-211,ok
TH-02008,2026-07-16,A,18.3,31.8,25.8,52.1,1.43,4.5,5,0,,ok
TH-02012,2026-07-16,A,18.3,33.0,27.6,51.5,2.13,6.7,10,0,,OK
TH-02015,2026-07-16,A,18.3,32.8,27.2,51.9,1.21,4.3,6,0,,OK
TH-02016,2026-07-16,A,18.3,33.0,27.5,51.4,1.02,3.5,9,0,,OK
TH-02017,2026-07-16,A,18.3,32.8,27.4,51.8,1.71,5.5,8,0,,OK
TH-02019,2026-07-16,A,18.3,32.0,24.6,51.6,1.88,6.1,7,0,,OK
TH-02020,2026-07-16,A,18.3,31.5,24.8,49.5,1.44,6.0,8,0,,ok
TH-02021,2026-07-16,A,18.3,31.6,26.3,0,1.73,6.5,8,0,,ok
TH-02023,2026-07-16,A,18.3,30.9,25.3,52.9,1.26,4.0,11,0,,OK
TH-02025,2026-07-16,A,18.3,32.4,25.4,50.4,1.22,4.6,15,0,,ok
TH-02028,2026-07-16,A,18.3,31.7,25.9,49.1,1.44,6.2,9,0,,ok
TH-02030,2026-07-16,A,18.3,31.5,26.8,46.2,1.71,5.4,11,0,,OK
TH-02031,2026-07-16,A,18.3,32.1,26.7,52.2,0.91,3.9,10,0,,ok
TH-02033,2026-07-16,A,18.3,32.8,26.8,49.7,1.11,3.5,14,0,,OK
TH-02034,2026-07-16,A,18.3,31.7,24.7,47.2,1.17,4.5,9,0,,ok
TH-02037,2026-07-16,A,18.3,32.5,27.4,46.6,1.56,5.7,8,0,,OK
TH-02038,2026-07-16,A,18.3,33.1,30.3,52.4,1.25,4.6,6,0,E-211,ok
TH-02040,2026-07-16,A,18.3,33.3,26.6,48.7,1.44,5.1,11,0,,OK
TH-02044,2026-07-16,A,18.3,33.0,26.2,48.7,2.22,7.4,10,0,,OK
TH-02046,2026-07-16,A,18.3,32.5,26.8,50.7,1.69,5.3,9,0,,ok
TH-02048,2026-07-16,A,18.3,33.2,26.5,48.2,0.77,3.2,14,0,,ok
TH-02049,2026-07-16,A,18.3,32.3,26.5,48.7,1.71,6.2,3,0,,ok
TH-02050,2026-07-16,A,18.3,32.6,26.5,51.8,1.72,7.3,9,0,,ok
TH-02051,2026-07-16,A,18.3,31.2,26.4,49.2,1.06,3.5,8,0,,OK
TH-02052,2026-07-16,A,18.3,30.7,25.2,46.6,1.72,5.5,10,0,,ok
TH-02053,2026-07-16,A,18.3,31.6,24.5,46.9,1.98,7.0,8,0,,OK
TH-02054,2026-07-16,A,18.3,31.8,24.8,49.3,1.08,4.4,13,0,,OK
TH-02055,2026-07-16,A,18.3,31.0,23.8,52.3,1.03,3.8,7,0,E-505,ok
TH-02056,2026-07-16,A,18.3,33.1,26.4,49.9,1.4,5.8,6,0,,ok
TH-02062,2026-07-16,A,18.3,31.3,24.7,49.4,1.79,7.4,5,0,,OK
TH-02065,2026-07-16,A,18.3,33.3,26.1,0,2.15,7.1,7,0,,ok
TH-02068,2026-07-16,A,18.3,31.2,26.2,46.6,1.54,4.9,11,0,,OK
TH-02071,2026-07-16,A,18.3,31.3,26.3,47.8,1.97,7.1,9,0,,OK
TH-02072,2026-07-16,A,18.3,31.9,24.9,47.8,1.26,4.1,10,0,,ok
TH-02075,2026-07-16,A,18.3,32.2,27.3,51.9,1.51,5.9,7,0,,ok
TH-02076,2026-07-16,A,18.3,31.4,24.9,48.0,1.24,4.0,8,0,,ok
TH-02077,2026-07-16,A,18.3,32.5,28.0,48.5,1.94,7.4,10,0,,ok
TH-02078,2026-07-16,A,18.3,30.9,25.5,49.5,1.08,4.4,7,0,,ok
TH-02080,2026-07-16,A,18.3,30.9,23.7,49.3,0.77,3.2,3,0,,ok
TH-02081,2026-07-16,A,18.3,31.8,26.9,49.1,1.21,3.9,3,0,,ok
TH-02083,2026-07-16,A,18.3,31.6,24.3,52.0,1.65,6.8,6,0,,ok
TH-02084,2026-07-16,A,18.3,33.4,27.6,48.7,1.66,5.8,11,0,,ok
TH-02085,2026-07-16,A,18.3,31.0,25.4,48.5,1.72,6.0,10,0,,OK
TH-02086,2026-07-16,A,18.3,31.3,24.9,46.4,1.53,5.8,8,0,,OK
TH-02091,2026-07-16,A,18.3,33.2,29.5,51.0,0.93,3.2,15,0,E-211,warn
TH-02093,2026-07-16,A,18.3,32.7,25.4,48.0,1.78,6.6,6,0,,ok
TH-02094,2026-07-16,A,18.3,33.3,27.5,51.6,2.33,7.4,12,0,,ok
TH-02095,2026-07-16,A,18.3,31.2,25.7,50.1,1.27,5.2,7,0,,OK
TH-02097,2026-07-16,A,18.3,33.3,27.9,51.3,1.3,5.1,18,0,,ok
TH-02100,2026-07-16,A,18.3,32.5,26.8,48.8,1.1,4.5,11,0,,OK
TH-02103,2026-07-16,A,18.3,31.7,24.6,52.6,1.02,3.5,19,0,,ok
TH-02109,2026-07-16,A,18.3,31.0,26.2,50.1,1.24,4.2,13,0,,ok
TH-02111,2026-07-16,A,18.3,33.0,27.3,50.3,1.14,4.0,9,0,,ok
TH-02113,2026-07-16,A,18.3,33.1,27.9,47.8,1.53,6.1,9,0,,OK
TH-02114,2026-07-16,A,18.3,31.3,25.3,50.5,1.06,3.9,9,0,,OK
TH-02118,2026-07-16,A,18.3,31.3,23.9,50.6,1.1,4.1,9,0,,ok
TH-02120,2026-07-16,A,18.3,33.3,27.4,52.2,1.83,6.4,13,0,,OK
TH-02121,2026-07-16,A,18.3,32.7,27.4,50.0,1.99,6.3,6,0,,OK
TH-02122,2026-07-16,A,18.3,31.5,26.5,50.0,1.82,6.9,14,0,,ok
TH-02125,2026-07-16,A,18.3,33.0,27.3,52.1,1.16,5.0,11,0,,ok
TH-02126,2026-07-16,A,18.3,32.1,26.3,47.3,1.43,5.6,6,0,,ok
TH-02127,2026-07-16,A,18.3,32.4,26.8,47.7,2.14,7.1,5,0,,OK
TH-02129,2026-07-16,A,18.3,32.2,25.4,50.3,1.34,5.1,9,0,,ok
TH-02132,2026-07-16,A,18.3,31.1,27.3,49.6,1.14,3.0,3,0,,OK
TH-02134,2026-07-16,A,18.3,31.1,26.5,0,1.65,6.6,11,0,,ok
TH-02135,2026-07-16,A,18.3,32.4,25.4,46.9,1.28,4.3,11,0,,ok
TH-02136,2026-07-16,A,18.3,33.0,25.8,47.4,1.71,6.1,7,0,,OK
TH-02137,2026-07-16,A,18.3,32.0,26.8,48.0,1.77,7.4,5,0,,OK
TH-02138,2026-07-16,A,18.3,32.4,25.6,50.6,1.38,5.8,4,0,,ok
TH-02139,2026-07-16,A,18.3,32.1,24.9,49.6,1.56,6.3,7,0,,ok
TH-02140,2026-07-16,A,18.3,31.6,26.3,47.4,1.27,5.2,9,0,,ok
TH-02141,2026-07-16,B,18.3,,,,17206.2,,12,0,,0
TH-02144,2026-07-16,B,18.3,,,,12977.4,,12,0,,0
TH-02145,2026-07-16,B,18.3,,,,4849.4,,8,0,,0
TH-02148,2026-07-16,B,18.3,,,,12936.0,,9,0,,0
TH-02149,2026-07-16,B,18.3,,,,8111.6,,12,0,,0
TH-02152,2026-07-16,B,18.3,,,,22555.4,,8,0,6021,0
TH-02153,2026-07-16,B,18.3,,,,19062.7,,7,0,6021,0
TH-02158,2026-07-16,B,18.3,,,,7107.8,,9,0,6021,0
TH-02159,2026-07-16,B,18.3,,,,12108.2,,9,0,6021,0
TH-02160,2026-07-16,B,18.3,,,,14977.2,,9,0,6021,0
TH-02161,2026-07-16,B,18.3,,,,8318.3,,7,0,,0
TH-02162,2026-07-16,B,18.3,,,,14686.7,,12,0,,0
TH-02166,2026-07-16,B,18.3,,,,17568.4,,7,0,,0
TH-02168,2026-07-16,B,18.3,,,,13683.3,,8,0,,0
TH-02169,2026-07-16,B,18.3,,,,18500.4,,10,0,,0
TH-02170,2026-07-16,B,18.3,,,,11481.4,,5,0,,0
TH-02171,2026-07-16,B,18.3,,,,14105.8,,9,0,,0
TH-02173,2026-07-16,B,18.3,,,,6991.0,,15,0,6021,0
TH-02175,2026-07-16,B,18.3,,,,12092.7,,8,0,,0
TH-02176,2026-07-16,B,18.3,,,,5454.7,,7,0,6021,0
TH-02178,2026-07-16,B,18.3,,,,19536.9,,11,0,,0
TH-02182,2026-07-16,B,18.3,,,,20992.9,,23,0,1188,2
TH-02187,2026-07-16,B,18.3,,,,13657.2,,8,0,,0
TH-02189,2026-07-16,B,18.3,,,,19392.3,,8,0,,0
TH-02190,2026-07-16,B,18.3,,,,24708.0,,7,0,,0
TH-02192,2026-07-16,B,18.3,,,,23419.4,,5,0,7702,2
TH-02195,2026-07-16,B,18.3,,,,14865.6,,25,0,3104,2
TH-02196,2026-07-16,B,18.3,,,,25256.4,,8,0,6021,0
TH-02202,2026-07-16,B,18.3,,,,13856.6,,10,0,,0
TH-02204,2026-07-16,B,18.3,,,,5216.3,,7,0,6021,0
TH-02206,2026-07-16,B,18.3,33.4,26.1,,17431.8,,13,0,6021,0
TH-02207,2026-07-16,B,18.3,,,,13712.7,,7,0,6021,0
TH-02213,2026-07-16,B,18.3,,,,9359.2,,8,0,,0
TH-02214,2026-07-16,B,18.3,,,,9163.6,,3,0,6021,0
TH-02215,2026-07-16,B,18.3,,,,18289.5,,13,0,1188,2
TH-02221,2026-07-16,B,18.3,,,,16233.7,,27,0,3104,2
TH-02223,2026-07-16,B,18.3,,,,22274.8,,10,0,6021,0
TH-02224,2026-07-16,B,18.3,,,,8786.4,,8,0,,0
TH-02226,2026-07-16,B,18.3,,,,9776.2,,9,0,6021,0
TH-02228,2026-07-16,B,18.3,,,,23965.6,,13,0,6021,0
TH-02230,2026-07-16,B,18.3,,,,25660.5,,7,0,,0
TH-02231,2026-07-16,B,18.3,,,,7612.4,,9,0,6021,0
TH-02234,2026-07-16,B,18.3,,,,13324.8,,9,0,,0
TH-02238,2026-07-16,B,18.3,,,,7808.2,,9,0,,0
TH-02239,2026-07-16,B,18.3,,,,17246.5,,8,0,,0
TH-02242,2026-07-16,B,18.3,,,,14378.0,,9,0,,0
TH-02243,2026-07-16,B,18.3,,,,11710.9,,10,0,6021,0
TH-02244,2026-07-16,B,18.3,,,,16911.3,,13,0,6021,0
TH-02246,2026-07-16,B,18.3,,,,15981.7,,7,0,,0
TH-02247,2026-07-16,B,18.3,,,,5515.4,,8,0,6021,0
TH-02248,2026-07-16,B,18.3,,,,23319.5,,10,0,,0
TH-02249,2026-07-16,B,18.3,,,,6926.1,,11,0,,0
TH-02250,2026-07-16,B,18.3,,,,11215.2,,8,0,6021,0
TH-02255,2026-07-16,B,18.3,,,,12959.7,,4,0,6021,0
TH-02257,2026-07-16,B,18.3,,,,21312.3,,7,0,,0
TH-02258,2026-07-16,B,18.3,,,,10384.8,,10,0,,0
TH-02259,2026-07-16,B,18.3,,,,12315.6,,9,0,,0
TH-02260,2026-07-16,B,18.3,,,,7371.4,,9,0,,0
TH-02262,2026-07-16,B,18.3,,,,9211.6,,11,0,,0
TH-02266,2026-07-16,B,18.3,,,,16149.1,,11,0,,0
TH-02267,2026-07-16,B,18.3,,,,11570.8,,13,0,6021,0
TH-02268,2026-07-16,B,18.3,,,,23857.8,,9,0,6021,0
TH-02270,2026-07-16,B,18.3,,,,21967.5,,5,0,,0
TH-02271,2026-07-16,B,18.3,,,,4978.6,,6,0,3104,2
TH-02275,2026-07-16,B,18.3,,,,12375.2,,6,0,,0
TH-02278,2026-07-16,B,18.3,,,,14852.9,,6,0,6021,0
TH-02279,2026-07-16,B,18.3,,,,21124.3,,14,0,,0
TH-02280,2026-07-16,B,18.3,,,,17751.2,,7,0,,0
TH-02283,2026-07-16,B,18.3,,,,21379.5,,16,0,,0
TH-02285,2026-07-16,B,18.3,,,,12859.4,,8,0,6021,0
TH-02286,2026-07-16,B,18.3,,,,7613.7,,10,0,,0
TH-02287,2026-07-16,B,18.3,,,,18057.0,,10,0,,0
TH-02288,2026-07-16,B,18.3,,,,5460.6,,8,0,6021,0
TH-02290,2026-07-16,B,18.3,,,,7350.9,,29,0,,0
TH-02294,2026-07-16,C,18.3,,,,1.59,,,0,,
TH-02296,2026-07-16,C,18.3,,,,1.61,,,0,,OK
TH-02297,2026-07-16,C,18.3,,,,1.59,,,0,,
TH-02298,2026-07-16,C,18.3,,,,1.53,,,0,,
TH-02299,2026-07-16,C,18.3,,,,1.74,,,0,,warn
TH-02300,2026-07-16,C,18.3,,,,1.0,,,0,,
TH-02303,2026-07-16,C,18.3,,,46.5,1.12,,,0,,OK
TH-02304,2026-07-16,C,18.3,,,,1.87,,,0,,
TH-02307,2026-07-16,C,18.3,,,50.6,1.95,,,0,,OK
TH-02308,2026-07-16,C,18.3,30.5,,,1.77,,,0,,OK
TH-02309,2026-07-16,C,18.3,,,,1.78,,,0,,
TH-02311,2026-07-16,C,18.3,,,,1.54,,,0,,
TH-02316,2026-07-16,C,18.3,,,,1.15,,,0,ALM_HP_HP_SWITCH,
TH-02317,2026-07-16,C,18.3,,,,1.18,,,0,,
TH-02319,2026-07-16,C,18.3,,,,1.94,,,0,,warn
TH-02322,2026-07-16,C,18.3,32.7,,,2.08,,,0,,OK
TH-02323,2026-07-16,C,18.3,,,,1.63,,,0,,warn
TH-02324,2026-07-16,C,18.3,,,50.3,1.28,,,0,,warn
TH-02331,2026-07-16,C,18.3,,,,1.02,,,0,,
TH-02333,2026-07-16,C,18.3,,,,0.78,,,0,,OK
TH-02334,2026-07-16,C,18.3,,,,1.21,,,0,,warn
TH-02337,2026-07-16,C,18.3,,,49.9,0.99,,,0,ALM_HP_HP_SWITCH,
TH-02338,2026-07-16,C,18.3,,,,1.54,,,0,,warn
TH-02340,2026-07-16,C,18.3,,,49.6,1.14,,,0,,
TH-02342,2026-07-16,C,18.3,,,,1.38,,,0,,warn
TH-02343,2026-07-16,C,18.3,,,,1.28,,,0,,
TH-02344,2026-07-16,C,18.3,,,,0.92,,,0,,
TH-02345,2026-07-16,C,18.3,,,,2.05,,,0,,warn
TH-02347,2026-07-16,C,18.3,,,,1.28,,,0,,OK
TH-02348,2026-07-16,C,18.3,,,,1.9,,,0,,warn
TH-02351,2026-07-16,C,18.3,,,,2.41,,,0,,warn
TH-02352,2026-07-16,C,18.3,,,,1.77,,,0,,OK
TH-02354,2026-07-16,C,18.3,,,,1.93,,,0,,
TH-02355,2026-07-16,C,18.3,,,,1.83,,,0,,warn
TH-02357,2026-07-16,C,18.3,,,,2.19,,,0,,OK
TH-02358,2026-07-16,C,18.3,,,,1.71,,,0,,warn
TH-02359,2026-07-16,C,18.3,,,,1.65,,,0,,
TH-02360,2026-07-16,C,18.3,,,,1.41,,,0,,
TH-02365,2026-07-16,C,18.3,,,,1.04,,,0,,OK
TH-02366,2026-07-16,C,18.3,,,,1.43,,,0,,
TH-02371,2026-07-16,C,18.3,30.7,,,1.03,,,0,,
TH-02374,2026-07-16,C,18.3,,,,1.77,,,0,,
TH-02375,2026-07-16,C,18.3,,,,2.28,,,0,,OK
TH-02377,2026-07-16,C,18.3,,,,0.85,,,0,,warn
TH-02380,2026-07-16,C,18.3,,,,1.43,,,0,,
TH-02381,2026-07-16,C,18.3,,,,0.86,,,0,,
TH-02383,2026-07-16,C,18.3,,,,2.21,,,0,,warn
TH-02384,2026-07-16,C,18.3,,,,1.92,,,0,,warn
TH-02385,2026-07-16,C,18.3,,,,1.73,,,0,,
TH-02387,2026-07-16,C,18.3,,,,1.66,,,0,,
TH-02388,2026-07-16,C,18.3,32.5,,,0.82,,,0,,OK
TH-02389,2026-07-16,C,18.3,,,,1.02,,,0,,OK
TH-02393,2026-07-16,C,18.3,,,,2.0,,,0,,warn
TH-02395,2026-07-16,C,18.3,,,,1.48,,,0,,
TH-02397,2026-07-16,C,18.3,,,,1.44,,,0,,warn
TH-02398,2026-07-16,C,18.3,,,,1.11,,,0,,warn
TH-02400,2026-07-16,C,18.3,,,,1.36,,,0,,
th-02002,2026-07-16,A,18.3,32.5,25.9,46.3,2.21,6.9,13,0,,ok
th-02007,2026-07-16,A,18.3,32.4,29.2,51.5,1.75,5.6,9,0,,ok
th-02032,2026-07-16,A,18.3,32.3,26.4,46.1,2.08,7.3,9,0,,ok
th-02035,2026-07-16,A,18.3,32.3,26.1,46.8,1.18,4.3,6,0,,OK
th-02036,2026-07-16,A,18.3,30.5,25.5,52.8,1.28,4.0,2,0,,OK
th-02045,2026-07-16,A,18.3,31.7,24.7,46.8,0.84,3.0,10,0,,OK
th-02047,2026-07-16,A,18.3,32.3,26.0,48.3,1.42,5.1,7,0,,ok
th-02063,2026-07-16,A,18.3,31.7,26.8,47.2,0.77,3.1,13,0,,OK
th-02073,2026-07-16,A,18.3,32.1,28.5,50.2,1.81,6.5,3,0,E-211,ok
th-02087,2026-07-16,A,18.3,30.8,25.3,46.2,1.66,6.1,7,0,,ok
th-02099,2026-07-16,A,18.3,32.8,27.7,51.8,1.34,5.6,11,0,,ok
th-02101,2026-07-16,A,18.3,31.6,27.0,52.6,1.4,5.2,13,0,,ok
th-02124,2026-07-16,A,18.3,31.2,26.5,48.8,1.45,5.8,9,0,,ok
th-02146,2026-07-16,B,18.3,,,,24539.6,,8,0,6021,0
th-02165,2026-07-16,B,18.3,,,,15142.4,,5,0,6021,0
th-02177,2026-07-16,B,18.3,,,,12982.3,,6,0,6021,0
th-02181,2026-07-16,B,18.3,,,,18781.0,,10,0,6021,0
th-02184,2026-07-16,B,18.3,,,,20325.7,,7,0,,0
th-02185,2026-07-16,B,18.3,,,,25260.3,,6,0,6021,0
th-02188,2026-07-16,B,18.3,,,,24527.3,,9,0,,0
th-02235,2026-07-16,B,18.3,,,,22714.2,,9,0,6021,0
th-02236,2026-07-16,B,18.3,,,,4268.0,,9,0,,0
th-02245,2026-07-16,B,18.3,,,,14967.8,,9,0,,0
th-02251,2026-07-16,B,18.3,,,,24491.5,,8,0,,0
th-02269,2026-07-16,B,18.3,,,,12429.0,,8,0,,0
th-02272,2026-07-16,B,18.3,,,,24884.4,,6,0,,0
th-02273,2026-07-16,B,18.3,,,,19838.4,,7,0,6021,0
th-02277,2026-07-16,B,18.3,,,,17913.2,,5,0,6021,0
th-02281,2026-07-16,B,18.3,,,,4287.2,,13,0,6021,0
th-02292,2026-07-16,C,18.3,31.2,,,1.64,,,0,,
th-02313,2026-07-16,C,18.3,,,,1.87,,,0,,
th-02341,2026-07-16,C,18.3,,,,1.66,,,0,,OK
th-02363,2026-07-16,C,18.3,,,,1.84,,,0,,OK
th-02379,2026-07-16,C,18.3,,,,2.06,,,0,,
 TH-02034,2026-07-17,A,22.2,33.4,26.9,48.3,1.09,4.4,10,0,,OK
 TH-02047,2026-07-17,A,22.2,31.7,25.7,49.3,0.92,3.2,6,0,,OK
 TH-02065,2026-07-17,A,22.2,31.2,25.8,48.2,1.6,7.0,5,0,,OK
 TH-02073,2026-07-17,A,22.2,32.4,29.3,48.7,1.03,3.0,3,0,E-211,OK
 TH-02113,2026-07-17,A,22.2,31.7,25.5,48.3,2.02,6.9,9,0,,ok
 TH-02162,2026-07-17,B,22.2,,,,14688.6,,13,0,,0
 TH-02170,2026-07-17,B,22.2,,,,11483.0,,8,0,,0
 TH-02171,2026-07-17,B,22.2,,,,14107.0,,11,0,3104,2
 TH-02231,2026-07-17,B,22.2,,,,7613.3,,15,0,,0
 TH-02322,2026-07-17,C,22.2,,,,0.93,,,0,,
 TH-02354,2026-07-17,C,22.2,,,,1.98,,,0,,warn
 TH-02365,2026-07-17,C,22.2,,,,2.02,,,0,,
 TH-02393,2026-07-17,C,22.2,,,,0.94,,,0,,
TH-02001,2026-07-17,A,22.2,31.9,26.0,46.3,1.27,5.1,5,0,,OK
TH-02002,2026-07-17,A,22.2,32.7,25.7,51.9,0.75,3.1,11,0,,ok
TH-02005,2026-07-17,A,22.2,31.6,25.8,48.4,1.58,6.0,7,0,,ok
TH-02006,2026-07-17,A,22.2,32.3,29.3,50.4,2.12,6.5,6,0,E-211,ok
TH-02007,2026-07-17,A,22.2,32.8,29.9,47.3,1.44,5.0,10,0,,OK
TH-02009,2026-07-17,A,22.2,31.4,26.1,49.5,1.85,6.4,13,0,E-505,warn
TH-02011,2026-07-17,A,22.2,32.1,26.8,51.1,1.04,4.3,8,0,,OK
TH-02012,2026-07-17,A,22.2,32.9,28.1,50.5,1.16,4.8,12,0,E-317,ok
TH-02015,2026-07-17,A,22.2,32.1,26.4,46.2,1.39,5.7,7,0,,OK
TH-02016,2026-07-17,A,22.2,31.3,25.3,48.5,1.6,5.5,8,0,,ok
TH-02017,2026-07-17,A,22.2,31.5,25.3,46.3,1.23,4.8,9,0,,ok
TH-02019,2026-07-17,A,22.2,30.9,26.1,47.2,-3.6,6.9,12,0,,ok
TH-02020,2026-07-17,A,22.2,32.7,27.2,48.0,1.74,6.7,9,0,,ok
TH-02025,2026-07-17,A,22.2,33.2,27.3,46.7,1.52,5.5,16,0,,OK
TH-02030,2026-07-17,A,22.2,33.5,27.6,50.5,1.94,7.0,6,0,,OK
TH-02031,2026-07-17,A,22.2,32.3,26.1,51.6,1.48,5.8,12,0,,OK
TH-02033,2026-07-17,A,22.2,30.9,24.7,50.5,1.26,4.7,8,0,,OK
TH-02036,2026-07-17,A,22.2,31.0,23.8,50.0,1.77,7.5,4,0,,ok
TH-02037,2026-07-17,A,22.2,31.9,25.1,50.4,2.01,6.9,9,0,,OK
TH-02038,2026-07-17,A,22.2,32.4,28.5,48.2,2.09,7.2,14,0,,ok
TH-02040,2026-07-17,A,22.2,31.7,24.3,52.7,0.82,3.4,11,0,,OK
TH-02044,2026-07-17,A,22.2,31.6,25.6,48.2,1.44,6.0,8,0,,OK
TH-02045,2026-07-17,A,22.2,31.9,25.3,48.1,1.7,5.5,11,0,,ok
TH-02046,2026-07-17,A,22.2,31.0,24.2,48.5,1.16,4.9,5,0,,OK
TH-02048,2026-07-17,A,22.2,32.1,26.1,46.0,0.95,3.5,12,0,,ok
TH-02049,2026-07-17,A,22.2,33.1,26.5,48.9,1.4,4.9,5,0,,ok
TH-02051,2026-07-17,A,22.2,31.9,26.6,51.1,1.13,3.7,11,0,,OK
TH-02052,2026-07-17,A,22.2,30.6,23.8,51.1,1.07,3.6,5,0,,OK
TH-02053,2026-07-17,A,22.2,-999,25.9,48.9,0.8,3.3,8,0,,OK
TH-02054,2026-07-17,A,22.2,32.8,26.9,48.0,2.1,7.2,4,0,,ok
TH-02055,2026-07-17,A,22.2,32.5,26.5,51.2,1.77,6.8,6,0,,ok
TH-02061,2026-07-17,A,22.2,30.6,25.3,48.9,1.4,5.0,8,0,,OK
TH-02068,2026-07-17,A,22.2,31.6,24.9,46.5,1.39,5.5,5,0,,OK
TH-02072,2026-07-17,A,22.2,32.1,26.0,48.6,1.28,4.3,12,0,,OK
TH-02075,2026-07-17,A,22.2,31.1,26.4,47.2,1.15,4.5,4,0,E-317,OK
TH-02076,2026-07-17,A,22.2,31.2,24.1,49.1,0.95,3.8,10,0,,OK
TH-02077,2026-07-17,A,22.2,33.3,28.7,50.8,0.99,3.7,13,0,,ok
TH-02078,2026-07-17,A,22.2,32.5,27.3,51.6,1.16,4.7,6,0,,OK
TH-02080,2026-07-17,A,22.2,31.1,26.4,50.8,1.31,5.5,8,0,,OK
TH-02081,2026-07-17,A,22.2,33.3,27.3,46.0,1.21,4.8,6,0,,ok
TH-02083,2026-07-17,A,22.2,31.6,24.8,51.2,1.46,6.0,7,0,,OK
TH-02084,2026-07-17,A,22.2,32.5,25.3,46.9,1.43,6.2,8,0,E-211,warn
TH-02085,2026-07-17,A,22.2,30.9,24.2,47.4,0.86,3.6,10,0,,OK
TH-02086,2026-07-17,A,22.2,32.5,26.0,50.9,1.55,5.6,12,0,,ok
TH-02087,2026-07-17,A,22.2,33.0,28.1,52.6,-1.78,4.1,5,0,,OK
TH-02090,2026-07-17,A,22.2,31.4,26.0,49.2,1.11,4.8,5,0,,ok
TH-02091,2026-07-17,A,22.2,32.9,29.6,47.4,1.06,3.3,13,0,,ok
TH-02093,2026-07-17,A,22.2,33.3,26.9,48.5,0.89,3.0,11,0,,OK
TH-02094,2026-07-17,A,22.2,31.8,25.0,50.8,1.4,5.7,5,0,,OK
TH-02095,2026-07-17,A,22.2,30.5,24.3,46.7,2.03,6.4,4,0,,OK
TH-02098,2026-07-17,A,22.2,31.4,25.4,50.1,1.05,4.3,13,0,,OK
TH-02100,2026-07-17,A,22.2,32.9,25.8,46.8,1.01,4.0,11,0,,OK
TH-02103,2026-07-17,A,22.2,31.9,24.6,48.3,1.2,3.8,5,0,,OK
TH-02109,2026-07-17,A,22.2,31.5,24.3,48.9,1.56,6.3,4,0,E-104,OK
TH-02111,2026-07-17,A,22.2,31.5,26.7,49.0,1.91,6.7,5,0,,OK
TH-02112,2026-07-17,A,22.2,33.0,28.3,52.0,1.39,5.3,5,0,,OK
TH-02114,2026-07-17,A,22.2,32.8,27.3,47.7,1.88,6.6,9,0,,ok
TH-02118,2026-07-17,A,22.2,31.4,24.1,51.5,1.11,3.7,10,0,,OK
TH-02122,2026-07-17,A,22.2,32.1,27.4,49.0,1.54,4.8,8,0,,OK
TH-02124,2026-07-17,A,22.2,32.1,27.3,51.7,1.47,5.0,5,0,,ok
TH-02125,2026-07-17,A,22.2,-999,24.5,52.7,1.9,6.0,9,0,,OK
TH-02126,2026-07-17,A,22.2,31.5,25.3,49.9,1.83,6.6,8,0,,ok
TH-02129,2026-07-17,A,22.2,32.8,25.9,49.7,1.72,7.4,4,0,,ok
TH-02130,2026-07-17,A,22.2,-999,24.7,49.4,1.48,6.4,5,0,,ok
TH-02132,2026-07-17,A,22.2,33.4,30.9,48.5,2.37,6.4,11,0,E-211,ok
TH-02134,2026-07-17,A,22.2,32.5,25.1,50.9,1.38,5.9,9,0,,ok
TH-02135,2026-07-17,A,22.2,32.5,26.2,51.6,1.35,5.8,10,0,,ok
TH-02136,2026-07-17,A,22.2,33.4,27.9,48.4,1.62,5.8,4,0,,ok
TH-02137,2026-07-17,A,22.2,31.2,24.9,51.5,1.69,5.5,11,0,,OK
TH-02138,2026-07-17,A,22.2,31.0,25.5,50.6,2.0,7.4,5,0,,ok
TH-02139,2026-07-17,A,22.2,32.9,28.4,49.7,0.9,3.2,14,0,,OK
TH-02140,2026-07-17,A,22.2,32.1,25.9,46.1,0.79,3.2,2,0,,OK
TH-02141,2026-07-17,B,22.2,,,,17207.4,,12,0,,0
TH-02143,2026-07-17,B,22.2,,,,17955.2,,10,0,,0
TH-02144,2026-07-17,B,22.2,,,,12979.2,,12,0,,0
TH-02146,2026-07-17,B,22.2,,,,24541.7,,9,0,6021,0
TH-02148,2026-07-17,B,22.2,,,,12937.2,,9,0,,0
TH-02149,2026-07-17,B,22.2,,,,8113.2,,7,0,,0
TH-02152,2026-07-17,B,22.2,,,,22556.8,,12,0,,0
TH-02153,2026-07-17,B,22.2,,,,19064.4,,5,0,,0
TH-02155,2026-07-17,B,22.2,,,,4526.7,,10,0,6021,0
TH-02158,2026-07-17,B,22.2,,,,7109.1,,13,0,6021,0
TH-02159,2026-07-17,B,22.2,,,,12110.4,,10,0,6021,0
TH-02160,2026-07-17,B,22.2,,,,14978.9,,8,0,6021,0
TH-02161,2026-07-17,B,22.2,,,,8319.9,,10,0,,0
TH-02165,2026-07-17,B,22.2,,,,15143.5,,6,0,,0
TH-02166,2026-07-17,B,22.2,,,,17569.5,,11,0,6021,0
TH-02168,2026-07-17,B,22.2,,,,13684.5,,10,0,6021,0
TH-02169,2026-07-17,B,22.2,,,,18502.1,,8,0,6021,0
TH-02173,2026-07-17,B,22.2,,,,6991.9,,10,0,6021,0
TH-02175,2026-07-17,B,22.2,,,,12093.8,,4,0,,0
TH-02176,2026-07-17,B,22.2,,,,5455.9,,12,0,6021,0
TH-02177,2026-07-17,B,22.2,,,,12983.2,,7,0,6021,0
TH-02178,2026-07-17,B,22.2,,,,19538.0,,5,0,6021,0
TH-02180,2026-07-17,B,22.2,,,,11650.1,,12,0,6021,0
TH-02181,2026-07-17,B,22.2,,,,18782.2,,10,0,,0
TH-02182,2026-07-17,B,22.2,,,,20994.5,,30,0,6021,0
TH-02184,2026-07-17,B,22.2,,,,20327.7,,6,0,6021,0
TH-02187,2026-07-17,B,22.2,,,,13658.8,,9,0,1188,2
TH-02188,2026-07-17,B,22.2,,,,24528.3,,15,0,,0
TH-02192,2026-07-17,B,22.2,,,,23420.9,,9,0,,0
TH-02194,2026-07-17,B,22.2,,,,19043.0,,10,0,6021,0
TH-02195,2026-07-17,B,22.2,,,,14866.9,,35,0,6021,0
TH-02196,2026-07-17,B,22.2,,,,25258.2,,13,0,,0
TH-02202,2026-07-17,B,22.2,,,,13858.3,,9,0,,0
TH-02206,2026-07-17,B,22.2,,,,17433.4,,10,0,,0
TH-02207,2026-07-17,B,22.2,,,,13714.0,,8,0,,0
TH-02213,2026-07-17,B,22.2,,,,9361.0,,9,0,,0
TH-02214,2026-07-17,B,22.2,,,,9164.5,,13,0,,0
TH-02215,2026-07-17,B,22.2,,,,18290.7,,9,0,6021,0
TH-02216,2026-07-17,B,22.2,,,,17201.0,,7,0,6021,0
TH-02221,2026-07-17,B,22.2,,,,16235.2,,28,0,3104,2
TH-02224,2026-07-17,B,22.2,,,,8787.3,,10,0,6021,0
TH-02230,2026-07-17,B,22.2,,,,25661.3,,9,0,,0
TH-02234,2026-07-17,B,22.2,,,,13326.7,,11,0,6021,0
TH-02235,2026-07-17,B,22.2,,,,22715.6,,8,0,,0
TH-02238,2026-07-17,B,22.2,,,,7808.9,,10,0,6021,0
TH-02240,2026-07-17,B,22.2,,,,8086.4,,10,0,6021,0
TH-02242,2026-07-17,B,22.2,,,,14378.9,,8,0,6021,0
TH-02243,2026-07-17,B,22.2,,,,11712.4,,6,0,6021,0
TH-02244,2026-07-17,B,22.2,,,,16912.8,,2,0,,0
TH-02245,2026-07-17,B,22.2,,,,14969.5,,7,0,6021,0
TH-02246,2026-07-17,B,22.2,,,,15982.9,,9,0,6021,0
TH-02247,2026-07-17,B,22.2,,,,5516.8,,6,0,,0
TH-02248,2026-07-17,B,22.2,,,,23320.6,,4,0,,0
TH-02249,2026-07-17,B,22.2,,,,6928.1,,11,0,6021,0
TH-02250,2026-07-17,B,22.2,,,,11216.4,,13,0,6021,0
TH-02251,2026-07-17,B,22.2,,,,24492.9,,8,0,,0
TH-02255,2026-07-17,B,22.2,,,,12960.8,,12,0,,0
TH-02256,2026-07-17,B,22.2,,,,7886.5,,7,0,,0
TH-02257,2026-07-17,B,22.2,,,,21313.3,,9,0,,0
TH-02258,2026-07-17,B,22.2,,,,10386.7,,12,0,6021,0
TH-02259,2026-07-17,B,22.2,,,,12316.6,,8,0,6021,0
TH-02260,2026-07-17,B,22.2,,,,7373.4,,11,0,7702,2
TH-02262,2026-07-17,B,22.2,,,,9212.5,,3,0,6021,0
TH-02266,2026-07-17,B,22.2,,,,16150.4,,9,0,,0
TH-02267,2026-07-17,B,22.2,,,,11572.5,,9,0,,0
TH-02268,2026-07-17,B,22.2,,,,23859.1,,10,0,,0
TH-02269,2026-07-17,B,22.2,,,,12430.0,,7,0,6021,0
TH-02270,2026-07-17,B,22.2,,,,21969.1,,10,0,,0
TH-02272,2026-07-17,B,22.2,,,,24886.2,,7,0,,0
TH-02273,2026-07-17,B,22.2,,,,19839.9,,10,0,6021,0
TH-02275,2026-07-17,B,22.2,,,,12376.5,,9,0,6021,0
TH-02277,2026-07-17,B,22.2,,,,17914.5,,9,0,,0
TH-02280,2026-07-17,B,22.2,,,,17752.9,,7,0,,0
TH-02281,2026-07-17,B,22.2,,,,4288.1,,12,0,,0
TH-02285,2026-07-17,B,22.2,,,,12860.9,,5,0,,0
TH-02286,2026-07-17,B,22.2,,,,7614.6,,9,0,6021,0
TH-02287,2026-07-17,B,22.2,,,,18057.8,,12,0,6021,0
TH-02288,2026-07-17,B,22.2,,,,5462.8,,10,0,6021,0
TH-02290,2026-07-17,B,22.2,,,,7353.0,,27,0,6021,0
TH-02294,2026-07-17,C,22.2,,,,1.2,,,0,,OK
TH-02296,2026-07-17,C,22.2,,,,1.48,,,0,,warn
TH-02297,2026-07-17,C,22.2,,,,1.63,,,0,,
TH-02298,2026-07-17,C,22.2,,,,2.2,,,0,ALM_HP_LOWFLOW,
TH-02299,2026-07-17,C,22.2,,,,1.5,,,0,,OK
TH-02300,2026-07-17,C,22.2,,,,1.34,,,0,,
TH-02302,2026-07-17,C,22.2,,,,0.93,,,0,,OK
TH-02303,2026-07-17,C,22.2,,,,1.39,,,0,,OK
TH-02307,2026-07-17,C,22.2,,,,0.89,,,0,,OK
TH-02308,2026-07-17,C,22.2,,,,1.91,,,0,,
TH-02309,2026-07-17,C,22.2,,,,1.17,,,0,,OK
TH-02311,2026-07-17,C,22.2,,,47.4,0.9,,,0,,
TH-02312,2026-07-17,C,22.2,,,,1.24,,,0,ALM_HP_LOWFLOW,warn
TH-02313,2026-07-17,C,22.2,,,,1.38,,,0,,
TH-02314,2026-07-17,C,22.2,,,,1.85,,,0,,OK
TH-02316,2026-07-17,C,22.2,,,,1.42,,,0,,OK
TH-02317,2026-07-17,C,22.2,,,,1.56,,,0,,OK
TH-02319,2026-07-17,C,22.2,,,,1.69,,,0,,
TH-02323,2026-07-17,C,22.2,,,,1.81,,,0,,
TH-02324,2026-07-17,C,22.2,,,,1.32,,,0,,OK
TH-02331,2026-07-17,C,22.2,,,,0.8,,,0,,warn
TH-02333,2026-07-17,C,22.2,,,,1.68,,,0,,warn
TH-02334,2026-07-17,C,22.2,,,,1.11,,,0,,OK
TH-02335,2026-07-17,C,22.2,,,,1.55,,,0,,warn
TH-02336,2026-07-17,C,22.2,-999,,,1.92,,,0,,OK
TH-02337,2026-07-17,C,22.2,,,,1.08,,,0,,
TH-02338,2026-07-17,C,22.2,,,,1.56,,,0,,warn
TH-02340,2026-07-17,C,22.2,,,,1.37,,,0,,
TH-02341,2026-07-17,C,22.2,,,,1.2,,,0,,
TH-02342,2026-07-17,C,22.2,,,,1.01,,,0,,OK
TH-02343,2026-07-17,C,22.2,,,,0.81,,,0,,
TH-02344,2026-07-17,C,22.2,,,52.1,1.65,,,0,,OK
TH-02345,2026-07-17,C,22.2,,,,1.4,,,0,,OK
TH-02346,2026-07-17,C,22.2,,,,1.26,,,0,,warn
TH-02347,2026-07-17,C,22.2,,,,2.0,,,0,,OK
TH-02348,2026-07-17,C,22.2,,,,1.72,,,0,,warn
TH-02352,2026-07-17,C,22.2,,,,1.82,,,0,,OK
TH-02355,2026-07-17,C,22.2,,,,1.35,,,0,,
TH-02357,2026-07-17,C,22.2,,,,1.73,,,0,,warn
TH-02358,2026-07-17,C,22.2,,,,1.79,,,0,,
TH-02361,2026-07-17,C,22.2,,,,1.47,,,0,,
TH-02363,2026-07-17,C,22.2,,,,1.44,,,0,,
TH-02366,2026-07-17,C,22.2,,,50.2,1.58,,,0,,warn
TH-02367,2026-07-17,C,22.2,,,,1.5,,,0,,OK
TH-02371,2026-07-17,C,22.2,,,,1.54,,,0,,warn
TH-02374,2026-07-17,C,22.2,,,,1.64,,,0,,warn
TH-02375,2026-07-17,C,22.2,,,,0.82,,,0,,OK
TH-02377,2026-07-17,C,22.2,,,,1.21,,,0,,OK
TH-02379,2026-07-17,C,22.2,,,,1.63,,,0,,OK
TH-02380,2026-07-17,C,22.2,,,,0.87,,,0,,warn
TH-02381,2026-07-17,C,22.2,,,,1.37,,,0,,OK
TH-02384,2026-07-17,C,22.2,,,,1.01,,,0,,
TH-02385,2026-07-17,C,22.2,,,,1.03,,,0,,warn
TH-02387,2026-07-17,C,22.2,,,,1.94,,,0,,OK
TH-02388,2026-07-17,C,22.2,,,,1.55,,,0,,
TH-02389,2026-07-17,C,22.2,,,,1.63,,,0,,warn
TH-02395,2026-07-17,C,22.2,,,,0.99,,,0,ALM_HP_LOWFLOW,
TH-02396,2026-07-17,C,22.2,,,,1.1,,,0,,OK
TH-02398,2026-07-17,C,22.2,,,,1.58,,,0,ALM_HP_LOWFLOW,OK
TH-02399,2026-07-17,C,22.2,,,,1.07,,,0,,
TH-02400,2026-07-17,C,22.2,,,,1.03,,,0,,warn
TH-90000,2026-07-17,C,22.2,,,,7.07,,,0,,OK
TH-90001,2026-07-17,C,22.2,,,,4.06,,,0,,OK
TH-90002,2026-07-17,C,22.2,,,,10.34,,,0,,OK
TH-90003,2026-07-17,C,22.2,,,,9.04,,,0,,OK
TH-90004,2026-07-17,C,22.2,,,,13.86,,,0,,OK
th-02004,2026-07-17,A,22.2,32.2,25.0,46.3,1.65,6.1,8,0,,OK
th-02008,2026-07-17,A,22.2,30.7,25.0,46.1,0.92,3.4,11,0,E-104,ok
th-02021,2026-07-17,A,22.2,32.2,25.8,49.8,1.37,5.4,11,0,,OK
th-02023,2026-07-17,A,22.2,33.3,27.5,53.0,0.9,3.9,9,0,,ok
th-02028,2026-07-17,A,22.2,31.2,24.4,47.7,1.04,4.3,10,0,,OK
th-02032,2026-07-17,A,22.2,31.8,25.3,48.3,1.88,7.2,13,0,,ok
th-02035,2026-07-17,A,22.2,31.4,24.8,46.8,0.98,4.0,8,0,,ok
th-02050,2026-07-17,A,22.2,31.4,25.2,49.3,1.59,5.1,13,0,,ok
th-02056,2026-07-17,A,22.2,33.1,27.6,46.8,2.02,6.8,8,0,,ok
th-02062,2026-07-17,A,22.2,31.0,26.4,48.0,1.64,6.1,7,0,,ok
th-02063,2026-07-17,A,22.2,30.9,26.0,46.9,1.3,4.3,10,0,,OK
th-02071,2026-07-17,A,22.2,-999,25.8,48.2,1.19,4.9,10,0,,ok
th-02074,2026-07-17,A,22.2,30.9,26.2,52.9,1.75,7.0,6,0,,ok
th-02097,2026-07-17,A,22.2,32.7,27.6,52.4,1.19,5.1,10,0,,OK
th-02099,2026-07-17,A,22.2,30.7,24.7,48.1,1.52,6.6,11,0,,OK
th-02101,2026-07-17,A,22.2,33.4,26.4,50.5,1.31,4.7,12,0,,OK
th-02127,2026-07-17,A,22.2,30.9,24.6,47.8,1.05,3.3,7,0,,ok
th-02145,2026-07-17,B,22.2,,,,4850.2,,6,0,,0
th-02185,2026-07-17,B,22.2,,,,25261.7,,7,0,,0
th-02189,2026-07-17,B,22.2,,,,19394.5,,12,0,,0
th-02190,2026-07-17,B,22.2,,,,24709.1,,12,0,,0
th-02204,2026-07-17,B,22.2,,,,5217.2,,14,0,6021,0
th-02223,2026-07-17,B,22.2,,,,22276.1,,12,0,6021,0
th-02226,2026-07-17,B,22.2,,,,9777.1,,6,0,,0
th-02228,2026-07-17,B,22.2,,,,23967.3,,9,0,1188,2
th-02236,2026-07-17,B,22.2,,,,4269.7,,6,0,,0
th-02239,2026-07-17,B,22.2,,,,17248.3,,6,0,6021,0
th-02265,2026-07-17,B,22.2,,,,22626.6,,27,0,3104,2
th-02271,2026-07-17,B,22.2,,,,4979.4,,6,0,,0
th-02278,2026-07-17,B,22.2,,,,14854.0,,9,0,,0
th-02279,2026-07-17,B,22.2,,,,21125.7,,10,0,6021,0
th-02283,2026-07-17,B,22.2,,,,21380.7,,6,0,6021,0
th-02304,2026-07-17,C,22.2,,,,1.2,,,0,,warn
th-02339,2026-07-17,C,22.2,,,,1.09,,,0,,
th-02351,2026-07-17,C,22.2,,,,2.26,,,0,,warn
th-02359,2026-07-17,C,22.2,,,,1.57,,,0,,
th-02360,2026-07-17,C,22.2,,,,1.33,,,0,,warn
th-02383,2026-07-17,C,22.2,,,,1.57,,,0,,
th-02397,2026-07-17,C,22.2,,,,1.06,,,0,,
 TH-02020,2026-07-18,A,19.5,30.8,24.6,47.0,1.71,7.0,13,0,,ok
 TH-02032,2026-07-18,A,19.5,30.9,23.7,47.3,1.68,5.8,7,0,,ok
 TH-02049,2026-07-18,A,19.5,30.8,23.9,46.2,0.98,3.6,8,0,,ok
 TH-02063,2026-07-18,A,19.5,32.2,27.7,47.0,1.8,7.2,16,0,,OK
 TH-02072,2026-07-18,A,19.5,31.6,24.8,46.9,1.89,6.7,11,0,,ok
 TH-02077,2026-07-18,A,19.5,31.1,23.7,47.9,1.54,6.0,11,0,,OK
 TH-02093,2026-07-18,A,19.5,30.6,23.3,47.5,1.42,5.5,5,0,,OK
 TH-02177,2026-07-18,B,19.5,,,,12984.2,,7,0,,0
 TH-02182,2026-07-18,B,19.5,,,,20996.6,,27,0,3104,2
 TH-02194,2026-07-18,B,19.5,,,,19044.0,,2,0,,0
 TH-02206,2026-07-18,B,19.5,,,,17435.4,,7,0,6021,0
 TH-02207,2026-07-18,B,19.5,,,,13715.9,,12,0,,0
 TH-02258,2026-07-18,B,19.5,,,,10388.0,,2,0,6021,0
 TH-02259,2026-07-18,B,19.5,,,,12318.3,,5,0,,0
 TH-02266,2026-07-18,B,19.5,,,,16151.7,,9,0,6021,0
 TH-02275,2026-07-18,B,19.5,,,,12378.0,,10,0,6021,0
 TH-02280,2026-07-18,B,19.5,,,,17754.5,,9,0,6021,0
 TH-02309,2026-07-18,C,19.5,,,,0.82,,,0,,warn
 TH-02334,2026-07-18,C,19.5,,,,1.56,,,0,ALM_HP_HP_SWITCH,warn
 TH-02336,2026-07-18,C,19.5,,,,1.57,,,0,,warn
 TH-02343,2026-07-18,C,19.5,,,,0.93,,,0,,
 TH-02346,2026-07-18,C,19.5,,,,1.14,,,0,,warn
 TH-02379,2026-07-18,C,19.5,,,,1.68,,,0,,OK
TH-02002,2026-07-18,A,19.5,31.1,26.4,46.3,1.27,4.0,8,0,E-505,ok
TH-02004,2026-07-18,A,19.5,32.0,24.7,46.3,1.15,4.7,2,0,,OK
TH-02005,2026-07-18,A,19.5,31.0,25.5,49.3,0.91,4.0,9,0,,OK
TH-02008,2026-07-18,A,19.5,31.1,24.5,50.1,1.59,5.5,12,0,,ok
TH-02009,2026-07-18,A,19.5,32.1,27.0,51.6,0.72,3.1,8,0,,OK
TH-02011,2026-07-18,A,19.5,33.2,27.1,46.1,1.74,6.2,8,0,,OK
TH-02016,2026-07-18,A,19.5,30.7,25.1,51.9,1.47,4.7,7,0,,ok
TH-02017,2026-07-18,A,19.5,31.2,26.2,49.4,1.82,6.1,5,0,,OK
TH-02019,2026-07-18,A,19.5,31.9,25.3,48.1,1.19,5.0,8,0,,ok
TH-02021,2026-07-18,A,19.5,33.2,27.4,50.1,1.21,5.3,10,0,,OK
TH-02023,2026-07-18,A,19.5,33.0,25.9,50.7,1.42,5.9,11,0,,OK
TH-02025,2026-07-18,A,19.5,33.2,27.2,50.5,1.48,4.6,14,0,,OK
TH-02028,2026-07-18,A,19.5,30.6,25.5,51.1,1.48,5.1,10,0,,OK
TH-02030,2026-07-18,A,19.5,31.3,25.6,49.2,1.69,6.3,9,0,,ok
TH-02031,2026-07-18,A,19.5,30.8,24.3,47.8,1.6,5.8,9,0,,ok
TH-02034,2026-07-18,A,19.5,32.4,27.9,49.9,0.79,3.2,7,0,,ok
TH-02035,2026-07-18,A,19.5,31.9,26.0,52.7,1.75,5.7,13,0,,OK
TH-02036,2026-07-18,A,19.5,32.9,27.4,49.6,1.05,3.3,9,0,E-104,ok
TH-02037,2026-07-18,A,19.5,32.7,27.3,46.8,1.78,7.4,8,0,,ok
TH-02038,2026-07-18,A,19.5,31.9,29.1,46.8,1.0,3.1,7,0,E-211,warn
TH-02040,2026-07-18,A,19.5,33.5,27.8,49.6,1.55,6.1,8,0,,ok
TH-02044,2026-07-18,A,19.5,33.4,26.0,52.2,2.29,7.5,5,0,,ok
TH-02045,2026-07-18,A,19.5,30.8,23.4,46.5,1.58,6.8,12,0,,ok
TH-02046,2026-07-18,A,19.5,31.7,27.0,48.0,2.34,7.4,6,0,,OK
TH-02048,2026-07-18,A,19.5,30.8,24.0,51.2,1.34,5.5,12,0,,ok
TH-02050,2026-07-18,A,19.5,30.8,24.3,51.9,1.22,4.0,9,0,,ok
TH-02051,2026-07-18,A,19.5,33.0,27.1,48.5,1.2,5.2,9,0,,ok
TH-02052,2026-07-18,A,19.5,31.5,25.4,50.7,1.08,4.5,5,0,,OK
TH-02053,2026-07-18,A,19.5,30.6,23.8,46.3,-1.72,7.1,8,0,,ok
TH-02054,2026-07-18,A,19.5,31.3,24.1,48.0,1.35,5.4,8,0,,ok
TH-02055,2026-07-18,A,19.5,31.0,25.4,48.7,0.84,3.5,9,0,,ok
TH-02061,2026-07-18,A,19.5,31.9,27.1,46.3,1.45,5.8,9,0,,OK
TH-02062,2026-07-18,A,19.5,32.5,26.4,47.2,1.58,6.1,9,0,,OK
TH-02065,2026-07-18,A,19.5,33.2,26.0,47.4,1.57,6.1,11,0,,OK
TH-02068,2026-07-18,A,19.5,31.0,24.0,47.1,0.99,4.1,7,0,,ok
TH-02071,2026-07-18,A,19.5,32.6,27.1,51.8,0.88,3.4,7,0,,OK
TH-02074,2026-07-18,A,19.5,31.5,24.3,46.7,1.63,6.9,13,0,,OK
TH-02075,2026-07-18,A,19.5,31.4,24.4,50.3,1.57,5.5,6,0,,ok
TH-02076,2026-07-18,A,19.5,32.8,28.1,52.0,1.17,3.7,6,0,,ok
TH-02078,2026-07-18,A,19.5,32.2,25.8,52.9,1.37,5.8,6,0,,OK
TH-02080,2026-07-18,A,19.5,33.5,26.3,52.6,1.73,5.9,7,0,,OK
TH-02081,2026-07-18,A,19.5,31.7,24.6,0,1.32,4.6,2,0,,OK
TH-02083,2026-07-18,A,19.5,32.8,25.4,51.8,0.81,3.3,6,0,,OK
TH-02084,2026-07-18,A,19.5,32.9,28.1,52.8,0.77,3.4,13,0,,ok
TH-02085,2026-07-18,A,19.5,32.3,25.8,49.8,0.99,3.9,13,0,,OK
TH-02087,2026-07-18,A,19.5,31.4,25.2,51.9,1.84,6.1,8,0,,ok
TH-02091,2026-07-18,A,19.5,31.3,28.5,46.7,1.92,5.4,10,0,E-211,ok
TH-02094,2026-07-18,A,19.5,30.5,23.9,52.8,1.87,6.7,8,0,,ok
TH-02095,2026-07-18,A,19.5,31.1,25.1,50.3,1.68,5.5,7,0,,OK
TH-02097,2026-07-18,A,19.5,31.8,24.8,50.0,1.74,6.9,11,0,,OK
TH-02098,2026-07-18,A,19.5,33.5,26.8,47.6,1.19,4.7,8,0,,ok
TH-02099,2026-07-18,A,19.5,33.1,26.6,50.4,1.71,5.7,6,0,,ok
TH-02101,2026-07-18,A,19.5,33.4,28.1,50.6,2.06,6.4,6,0,,OK
TH-02103,2026-07-18,A,19.5,32.2,24.8,47.3,1.95,6.5,11,0,,OK
TH-02109,2026-07-18,A,19.5,33.3,26.9,49.8,1.68,7.0,9,0,,OK
TH-02112,2026-07-18,A,19.5,33.2,28.1,49.0,1.96,6.2,9,0,,ok
TH-02113,2026-07-18,A,19.5,30.8,24.2,46.9,2.15,7.0,11,0,,ok
TH-02114,2026-07-18,A,19.5,32.2,27.0,50.0,1.64,5.6,10,0,,OK
TH-02120,2026-07-18,A,19.5,33.4,27.2,50.5,0.86,3.5,9,0,,OK
TH-02121,2026-07-18,A,19.5,31.3,25.7,49.0,0.97,3.3,6,0,,OK
TH-02122,2026-07-18,A,19.5,33.4,27.4,47.9,1.14,4.3,8,0,,ok
TH-02124,2026-07-18,A,19.5,32.1,25.2,47.5,1.5,4.9,7,0,,OK
TH-02125,2026-07-18,A,19.5,33.2,26.0,50.7,0.85,3.6,9,0,,OK
TH-02127,2026-07-18,A,19.5,33.5,28.7,52.8,1.2,3.9,6,0,,ok
TH-02129,2026-07-18,A,19.5,32.7,25.2,50.9,1.18,3.7,7,0,,ok
TH-02130,2026-07-18,A,19.5,33.0,27.2,47.5,2.04,6.9,5,0,,ok
TH-02132,2026-07-18,A,19.5,33.2,30.0,52.1,1.38,3.8,11,0,,OK
TH-02133,2026-07-18,A,19.5,32.7,25.3,52.0,1.25,4.8,10,0,,OK
TH-02134,2026-07-18,A,19.5,32.6,26.6,48.4,1.72,6.8,9,0,,OK
TH-02135,2026-07-18,A,19.5,32.8,26.8,52.3,1.83,6.3,15,0,,ok
TH-02136,2026-07-18,A,19.5,33.4,28.0,48.2,1.13,4.5,9,0,,OK
TH-02137,2026-07-18,A,19.5,32.9,26.8,47.5,1.74,6.2,8,0,,ok
TH-02138,2026-07-18,A,19.5,32.7,25.9,49.1,1.38,5.6,9,0,,OK
TH-02139,2026-07-18,A,19.5,33.3,28.2,52.0,2.23,7.5,7,0,,OK
TH-02140,2026-07-18,A,19.5,31.2,26.4,50.2,1.84,7.2,9,0,,ok
TH-02141,2026-07-18,B,19.5,,,,17209.4,,9,0,6021,0
TH-02143,2026-07-18,B,19.5,,,,17956.0,,7,0,,0
TH-02144,2026-07-18,B,19.5,,,,12980.4,,8,0,6021,0
TH-02145,2026-07-18,B,19.5,,,,4851.5,,9,0,6021,0
TH-02146,2026-07-18,B,19.5,-999,27.6,,24543.7,,12,0,,0
TH-02148,2026-07-18,B,19.5,,,,12938.6,,10,0,6021,0
TH-02149,2026-07-18,B,19.5,,,,8114.7,,6,0,6021,0
TH-02152,2026-07-18,B,19.5,,,,22558.1,,11,0,,0
TH-02155,2026-07-18,B,19.5,,,,4528.2,,9,0,6021,0
TH-02158,2026-07-18,B,19.5,,,,7110.4,,9,0,6021,0
TH-02159,2026-07-18,B,19.5,,,,12111.6,,14,0,1188,2
TH-02160,2026-07-18,B,19.5,,,,14981.1,,5,0,6021,0
TH-02161,2026-07-18,B,19.5,,,,8320.6,,10,0,,0
TH-02162,2026-07-18,B,19.5,,,,14690.7,,10,0,6021,0
TH-02166,2026-07-18,B,19.5,,,,17571.6,,8,0,,0
TH-02168,2026-07-18,B,19.5,,,,13685.6,,10,0,6021,0
TH-02169,2026-07-18,B,19.5,,,,18503.1,,9,0,,0
TH-02170,2026-07-18,B,19.5,,,,11485.2,,11,0,,0
TH-02171,2026-07-18,B,19.5,,,,14109.0,,6,0,,0
TH-02173,2026-07-18,B,19.5,,,,6994.1,,8,0,6021,0
TH-02175,2026-07-18,B,19.5,,,,12095.1,,10,0,6021,0
TH-02176,2026-07-18,B,19.5,,,,5457.7,,6,0,,0
TH-02178,2026-07-18,B,19.5,,,,19539.7,,12,0,7702,2
TH-02184,2026-07-18,B,19.5,,,,20328.6,,3,0,,0
TH-02187,2026-07-18,B,19.5,,,,13660.3,,9,0,,0
TH-02189,2026-07-18,B,19.5,,,,19396.4,,13,0,,0
TH-02190,2026-07-18,B,19.5,,,,24710.6,,13,0,,0
TH-02192,2026-07-18,B,19.5,,,,23423.0,,8,0,,0
TH-02195,2026-07-18,B,19.5,,,,14868.3,,27,0,3104,2
TH-02196,2026-07-18,B,19.5,,,,25259.0,,7,0,,0
TH-02202,2026-07-18,B,19.5,,,,13860.2,,14,0,6021,0
TH-02204,2026-07-18,B,19.5,,,,5219.4,,5,0,,0
TH-02213,2026-07-18,B,19.5,,,,9362.4,,8,0,,0
TH-02214,2026-07-18,B,19.5,,,,9166.0,,5,0,6021,0
TH-02216,2026-07-18,B,19.5,,,,17202.5,,6,0,6021,0
TH-02221,2026-07-18,B,19.5,,,,16237.0,,22,0,3104,2
TH-02223,2026-07-18,B,19.5,,,,22278.0,,8,0,6021,0
TH-02224,2026-07-18,B,19.5,,,,8788.7,,6,0,,0
TH-02226,2026-07-18,B,19.5,,,,9778.4,,8,0,6021,0
TH-02230,2026-07-18,B,19.5,,,,25662.7,,9,0,6021,0
TH-02234,2026-07-18,B,19.5,,,,13327.6,,5,0,,0
TH-02236,2026-07-18,B,19.5,,,,4271.5,,6,0,,0
TH-02238,2026-07-18,B,19.5,,,,7810.6,,12,0,6021,0
TH-02239,2026-07-18,B,19.5,,,,17250.0,,9,0,6021,0
TH-02240,2026-07-18,B,19.5,,,,8088.3,,7,0,6021,0
TH-02242,2026-07-18,B,19.5,,,,14379.8,,9,0,,0
TH-02243,2026-07-18,B,19.5,,,,11713.8,,13,0,6021,0
TH-02244,2026-07-18,B,19.5,,,,16913.8,,11,0,6021,0
TH-02245,2026-07-18,B,19.5,,,,14971.5,,5,0,6021,0
TH-02246,2026-07-18,B,19.5,,,,15983.7,,10,0,,0
TH-02247,2026-07-18,B,19.5,,,,5517.7,,8,0,6021,0
TH-02248,2026-07-18,B,19.5,,,,23322.0,,5,0,,0
TH-02249,2026-07-18,B,19.5,32.3,26.3,,6930.2,,7,0,6021,0
TH-02251,2026-07-18,B,19.5,,,,24494.5,,8,0,6021,0
TH-02255,2026-07-18,B,19.5,,,,12961.6,,9,0,,0
TH-02256,2026-07-18,B,19.5,,,,7888.2,,6,0,6021,0
TH-02257,2026-07-18,B,19.5,,,,21314.2,,9,0,3104,2
TH-02260,2026-07-18,B,19.5,,,,7374.3,,9,0,,0
TH-02262,2026-07-18,B,19.5,,,,9214.1,,9,0,6021,0
TH-02265,2026-07-18,B,19.5,,,,22628.0,,30,0,6021,0
TH-02267,2026-07-18,B,19.5,,,,11573.6,,10,0,6021,0
TH-02269,2026-07-18,B,19.5,,,,12431.1,,2,0,,0
TH-02270,2026-07-18,B,19.5,30.8,25.1,,21970.8,,9,0,6021,0
TH-02272,2026-07-18,B,19.5,,,,24887.4,,12,0,,0
TH-02273,2026-07-18,B,19.5,,,,19841.7,,7,0,6021,0
TH-02277,2026-07-18,B,19.5,,,,17915.7,,8,0,6021,0
TH-02278,2026-07-18,B,19.5,,,,14855.2,,12,0,6021,0
TH-02279,2026-07-18,B,19.5,,,,21127.0,,9,0,6021,0
TH-02283,2026-07-18,B,19.5,,,,21382.6,,3,0,,0
TH-02285,2026-07-18,B,19.5,,,,12863.1,,12,0,,0
TH-02286,2026-07-18,B,19.5,,,,7616.5,,11,0,6021,0
TH-02287,2026-07-18,B,19.5,,,,18059.4,,8,0,6021,0
TH-02288,2026-07-18,B,19.5,,,,5464.0,,4,0,,0
TH-02290,2026-07-18,B,19.5,,,,7355.1,,30,0,,0
TH-02292,2026-07-18,C,19.5,,,,1.34,,,0,,warn
TH-02294,2026-07-18,C,19.5,,,,1.03,,,0,,OK
TH-02296,2026-07-18,C,19.5,,,,1.96,,,0,,OK
TH-02297,2026-07-18,C,19.5,,,,1.48,,,0,,
TH-02298,2026-07-18,C,19.5,,,,1.14,,,0,ALM_HP_LOWFLOW,warn
TH-02299,2026-07-18,C,19.5,,,,2.29,,,0,,warn
TH-02300,2026-07-18,C,19.5,31.0,,,1.69,,,0,,
TH-02302,2026-07-18,C,19.5,,,48.8,1.95,,,0,,
TH-02303,2026-07-18,C,19.5,,,,2.04,,,0,,warn
TH-02307,2026-07-18,C,19.5,,,,0.76,,,0,,OK
TH-02311,2026-07-18,C,19.5,,,,1.36,,,0,,
TH-02312,2026-07-18,C,19.5,,,35.6,1.64,,,0,ALM_HP_LOWFLOW,OK
TH-02313,2026-07-18,C,19.5,,,,0.98,,,0,,warn
TH-02314,2026-07-18,C,19.5,,,,0.94,,,0,,warn
TH-02316,2026-07-18,C,19.5,,,,1.26,,,0,,
TH-02319,2026-07-18,C,19.5,31.9,,,1.97,,,0,,
TH-02322,2026-07-18,C,19.5,,,,0.86,,,0,,OK
TH-02324,2026-07-18,C,19.5,,,,1.28,,,0,ALM_HP_HP_SWITCH,OK
TH-02331,2026-07-18,C,19.5,,,51.8,1.55,,,0,,warn
TH-02335,2026-07-18,C,19.5,33.4,,47.4,1.69,,,0,,OK
TH-02337,2026-07-18,C,19.5,,,,1.89,,,0,,
TH-02338,2026-07-18,C,19.5,,,,1.95,,,0,,OK
TH-02339,2026-07-18,C,19.5,,,,1.1,,,0,,
TH-02340,2026-07-18,C,19.5,,,,1.47,,,0,,
TH-02341,2026-07-18,C,19.5,,,,1.11,,,0,,OK
TH-02342,2026-07-18,C,19.5,,,,1.53,,,0,,
TH-02344,2026-07-18,C,19.5,,,,1.37,,,0,,warn
TH-02345,2026-07-18,C,19.5,,,,1.28,,,0,,OK
TH-02347,2026-07-18,C,19.5,,,,1.96,,,0,,
TH-02351,2026-07-18,C,19.5,,,,1.72,,,0,,warn
TH-02352,2026-07-18,C,19.5,31.2,,,1.05,,,0,,
TH-02354,2026-07-18,C,19.5,,,,1.0,,,0,,warn
TH-02355,2026-07-18,C,19.5,,,,1.62,,,0,,OK
TH-02358,2026-07-18,C,19.5,,,,2.12,,,0,,warn
TH-02359,2026-07-18,C,19.5,,,,1.16,,,0,,OK
TH-02360,2026-07-18,C,19.5,,,52.7,0.92,,,0,,
TH-02361,2026-07-18,C,19.5,,,,2.06,,,0,,warn
TH-02363,2026-07-18,C,19.5,,,,1.21,,,0,,
TH-02366,2026-07-18,C,19.5,,,49.2,0.97,,,0,,OK
TH-02367,2026-07-18,C,19.5,,,47.8,0.98,,,0,,warn
TH-02371,2026-07-18,C,19.5,,,,1.55,,,0,,
TH-02374,2026-07-18,C,19.5,,,,1.48,,,0,,warn
TH-02375,2026-07-18,C,19.5,,,,1.84,,,0,,OK
TH-02377,2026-07-18,C,19.5,,,,1.13,,,0,,warn
TH-02380,2026-07-18,C,19.5,31.2,,,2.16,,,0,,OK
TH-02383,2026-07-18,C,19.5,,,,2.3,,,0,,OK
TH-02384,2026-07-18,C,19.5,,,,1.34,,,0,,OK
TH-02387,2026-07-18,C,19.5,,,,1.71,,,0,,
TH-02388,2026-07-18,C,19.5,,,,2.03,,,0,,
TH-02389,2026-07-18,C,19.5,,,,1.39,,,0,,warn
TH-02395,2026-07-18,C,19.5,,,,2.03,,,0,ALM_HP_LOWFLOW,
TH-02396,2026-07-18,C,19.5,,,,1.79,,,0,,warn
TH-02397,2026-07-18,C,19.5,,,,1.03,,,0,,
TH-02398,2026-07-18,C,19.5,,,,1.68,,,0,ALM_HP_LOWFLOW,
TH-02399,2026-07-18,C,19.5,,,,1.6,,,0,,warn
th-02001,2026-07-18,A,19.5,32.3,27.8,48.2,0.89,3.6,3,0,,OK
th-02006,2026-07-18,A,19.5,32.4,30.0,52.0,1.99,6.4,7,0,E-211,OK
th-02007,2026-07-18,A,19.5,32.0,28.9,0,1.25,3.8,9,0,E-211,OK
th-02012,2026-07-18,A,19.5,32.5,26.3,46.8,1.15,4.3,12,0,,OK
th-02033,2026-07-18,A,19.5,32.0,25.4,46.6,0.97,4.0,13,0,,OK
th-02047,2026-07-18,A,19.5,32.6,25.3,48.3,1.1,4.5,7,0,,OK
th-02056,2026-07-18,A,19.5,31.9,24.6,47.0,1.6,6.9,7,0,,ok
th-02073,2026-07-18,A,19.5,33.3,30.6,47.1,1.98,6.3,12,0,E-211,ok
th-02086,2026-07-18,A,19.5,31.9,27.3,50.6,1.09,4.6,2,0,,OK
th-02090,2026-07-18,A,19.5,31.9,27.4,50.5,0.81,3.5,9,0,E-505,warn
th-02126,2026-07-18,A,19.5,30.8,24.5,49.3,1.78,7.2,9,0,,ok
th-02153,2026-07-18,B,19.5,,,,19065.6,,5,0,,0
th-02165,2026-07-18,B,19.5,,,,15145.0,,8,0,,0
th-02180,2026-07-18,B,19.5,,,,11652.1,,5,0,,0
th-02181,2026-07-18,B,19.5,,,,18783.9,,11,0,,0
th-02185,2026-07-18,B,19.5,,,,25263.8,,8,0,,0
th-02188,2026-07-18,B,19.5,,,,24530.2,,8,0,6021,0
th-02228,2026-07-18,B,19.5,,,,23969.1,,8,0,6021,0
th-02231,2026-07-18,B,19.5,,,,7614.4,,9,0,,0
th-02235,2026-07-18,B,19.5,,,,22717.6,,5,0,,0
th-02250,2026-07-18,B,19.5,,,,11218.3,,2,0,6021,0
th-02268,2026-07-18,B,19.5,,,,23861.1,,4,0,,0
th-02271,2026-07-18,B,19.5,,,,4981.1,,17,0,,0
th-02281,2026-07-18,B,19.5,31.5,24.1,,4289.6,,8,0,6021,0
th-02304,2026-07-18,C,19.5,,,,1.28,,,0,,
th-02308,2026-07-18,C,19.5,,,,1.55,,,0,,warn
th-02317,2026-07-18,C,19.5,,,,1.54,,,0,,OK
th-02323,2026-07-18,C,19.5,,,,1.8,,,0,,
th-02333,2026-07-18,C,19.5,,,,0.7,,,0,,
th-02348,2026-07-18,C,19.5,,,,1.96,,,0,,OK
th-02357,2026-07-18,C,19.5,,,,1.88,,,0,,warn
th-02365,2026-07-18,C,19.5,,,,1.46,,,0,,
th-02381,2026-07-18,C,19.5,,,,1.52,,,0,,
th-02385,2026-07-18,C,19.5,,,,1.41,,,0,,OK
th-02393,2026-07-18,C,19.5,,,,2.36,,,0,,
th-02400,2026-07-18,C,19.5,,,,1.28,,,0,,OK
 TH-02044,2026-07-19,A,17.9,33.2,27.5,50.9,1.49,5.6,10,0,,OK
 TH-02046,2026-07-19,A,17.9,32.6,26.7,46.9,1.33,5.0,10,0,,OK
 TH-02099,2026-07-19,A,17.9,31.5,26.6,50.3,1.45,4.8,10,0,,OK
 TH-02112,2026-07-19,A,17.9,31.2,23.8,49.4,1.26,5.5,9,0,,ok
 TH-02124,2026-07-19,A,17.9,31.3,25.7,52.9,1.48,6.4,3,0,,OK
 TH-02125,2026-07-19,A,17.9,32.2,27.0,52.6,0.87,3.3,10,0,,OK
 TH-02140,2026-07-19,A,17.9,31.5,25.6,51.6,1.91,7.3,11,0,,OK
 TH-02144,2026-07-19,B,17.9,,,,12982.4,,5,0,,0
 TH-02146,2026-07-19,B,17.9,,,,24545.0,,11,0,6021,0
 TH-02168,2026-07-19,B,17.9,,,,13687.8,,7,0,,0
 TH-02175,2026-07-19,B,17.9,33.5,27.0,,12096.7,,8,0,6021,0
 TH-02189,2026-07-19,B,17.9,,,,19397.5,,6,0,6021,0
 TH-02192,2026-07-19,B,17.9,,,,23424.4,,8,0,,0
 TH-02194,2026-07-19,B,17.9,,,,19044.9,,10,0,6021,0
 TH-02224,2026-07-19,B,17.9,,,,8789.8,,8,0,6021,0
 TH-02250,2026-07-19,B,17.9,,,,11219.3,,8,0,,0
 TH-02280,2026-07-19,B,17.9,,,,17755.8,,6,0,6021,0
 TH-02281,2026-07-19,B,17.9,,,,4290.8,,8,0,6021,0
 TH-02288,2026-07-19,B,17.9,,,,5465.7,,11,0,,0
 TH-02290,2026-07-19,B,17.9,,,,7356.0,,30,0,,0
 TH-02345,2026-07-19,C,17.9,,,,1.16,,,0,,warn
 TH-02381,2026-07-19,C,17.9,,,51.9,0.96,,,0,,warn
TH-02001,2026-07-19,A,17.9,32.2,26.1,46.3,1.96,7.3,8,0,,OK
TH-02002,2026-07-19,A,17.9,33.4,26.2,46.3,1.27,5.2,10,0,,OK
TH-02004,2026-07-19,A,17.9,31.0,25.2,49.4,1.65,5.3,6,0,,OK
TH-02005,2026-07-19,A,17.9,31.1,25.9,47.4,1.51,5.8,11,0,,ok
TH-02006,2026-07-19,A,17.9,32.9,29.4,50.6,2.19,6.4,12,0,,ok
TH-02007,2026-07-19,A,17.9,32.5,29.3,50.8,1.72,5.6,5,0,E-211,OK
TH-02008,2026-07-19,A,17.9,32.0,26.2,51.4,1.41,4.5,6,0,,OK
TH-02009,2026-07-19,A,17.9,33.4,27.9,50.0,1.46,5.6,5,0,,OK
TH-02012,2026-07-19,A,17.9,30.5,25.3,50.2,1.65,7.1,11,0,,ok
TH-02015,2026-07-19,A,17.9,30.6,23.7,46.6,0.95,3.5,3,0,,OK
TH-02016,2026-07-19,A,17.9,33.5,28.1,48.0,1.56,5.6,10,0,,ok
TH-02017,2026-07-19,A,17.9,33.4,27.8,50.4,1.43,6.2,13,0,,ok
TH-02019,2026-07-19,A,17.9,32.8,26.4,52.8,1.59,6.0,6,0,,ok
TH-02020,2026-07-19,A,17.9,32.4,25.3,47.8,1.45,5.2,8,0,,OK
TH-02021,2026-07-19,A,17.9,32.6,27.0,49.0,1.36,4.8,10,0,E-317,ok
TH-02023,2026-07-19,A,17.9,32.2,26.2,49.2,1.12,4.4,13,0,,ok
TH-02025,2026-07-19,A,17.9,32.0,26.6,51.6,0.96,3.6,4,0,,OK
TH-02028,2026-07-19,A,17.9,33.0,28.3,52.2,1.46,6.4,6,0,,OK
TH-02031,2026-07-19,A,17.9,31.0,26.4,46.8,1.19,4.7,11,0,E-104,warn
TH-02032,2026-07-19,A,17.9,31.3,25.4,51.0,2.17,7.2,14,0,,OK
TH-02033,2026-07-19,A,17.9,32.4,26.6,49.4,1.27,4.8,11,0,,ok
TH-02034,2026-07-19,A,17.9,31.5,26.1,48.5,1.21,5.0,7,0,,OK
TH-02035,2026-07-19,A,17.9,31.1,24.4,48.7,0.73,3.2,7,0,,ok
TH-02036,2026-07-19,A,17.9,31.8,25.0,49.4,0.8,3.1,13,0,,OK
TH-02037,2026-07-19,A,17.9,31.3,24.4,48.0,-2.92,7.3,4,0,,OK
TH-02038,2026-07-19,A,17.9,31.9,28.5,48.4,1.63,5.0,8,0,E-211,ok
TH-02040,2026-07-19,A,17.9,33.3,26.7,52.3,1.51,6.4,9,0,,ok
TH-02045,2026-07-19,A,17.9,32.5,26.0,49.7,1.59,5.6,5,0,,OK
TH-02047,2026-07-19,A,17.9,30.8,25.4,50.6,1.09,4.7,7,0,E-211,ok
TH-02048,2026-07-19,A,17.9,32.5,25.2,49.1,0.89,3.9,9,0,,OK
TH-02049,2026-07-19,A,17.9,30.5,23.3,51.3,1.77,7.2,5,0,,ok
TH-02051,2026-07-19,A,17.9,31.2,24.3,49.6,1.67,6.3,11,0,,OK
TH-02052,2026-07-19,A,17.9,31.3,25.7,52.7,2.03,6.8,7,0,,ok
TH-02053,2026-07-19,A,17.9,33.4,27.9,49.4,1.25,5.5,5,0,,OK
TH-02054,2026-07-19,A,17.9,33.2,26.9,51.8,0.86,3.0,6,0,,ok
TH-02055,2026-07-19,A,17.9,31.2,24.2,50.6,1.71,6.4,10,0,E-211,ok
TH-02056,2026-07-19,A,17.9,31.7,24.4,46.9,1.41,4.7,8,0,E-317,ok
TH-02061,2026-07-19,A,17.9,32.8,25.3,46.5,1.3,5.0,15,0,,OK
TH-02062,2026-07-19,A,17.9,30.9,25.3,48.5,2.02,7.3,7,0,,OK
TH-02063,2026-07-19,A,17.9,31.7,24.8,47.3,0.96,3.6,6,0,,OK
TH-02065,2026-07-19,A,17.9,31.4,24.3,0,1.21,4.0,5,0,E-211,ok
TH-02068,2026-07-19,A,17.9,32.1,26.0,47.9,1.27,5.0,9,0,,OK
TH-02071,2026-07-19,A,17.9,31.2,23.9,47.4,1.45,6.2,11,0,,OK
TH-02074,2026-07-19,A,17.9,30.8,23.6,46.7,1.73,6.5,8,0,,OK
TH-02075,2026-07-19,A,17.9,30.7,24.1,49.4,1.07,4.3,7,0,,OK
TH-02076,2026-07-19,A,17.9,31.2,26.3,49.6,1.49,5.5,7,0,,ok
TH-02077,2026-07-19,A,17.9,31.3,26.2,51.2,1.63,5.4,9,0,,ok
TH-02080,2026-07-19,A,17.9,33.1,28.4,46.8,1.34,5.0,7,0,,OK
TH-02084,2026-07-19,A,17.9,33.1,27.6,51.4,0.93,3.1,4,0,,OK
TH-02085,2026-07-19,A,17.9,32.2,27.0,49.3,1.79,6.6,16,0,,OK
TH-02087,2026-07-19,A,17.9,31.9,24.6,49.2,1.96,6.5,9,0,,ok
TH-02090,2026-07-19,A,17.9,31.0,26.2,52.1,-2.95,4.7,7,0,,OK
TH-02091,2026-07-19,A,17.9,31.9,28.6,51.1,1.08,3.5,7,0,,OK
TH-02093,2026-07-19,A,17.9,33.2,26.5,52.3,1.98,7.1,7,0,,OK
TH-02094,2026-07-19,A,17.9,31.4,26.5,46.2,1.9,7.3,9,0,,ok
TH-02095,2026-07-19,A,17.9,31.9,27.0,48.2,1.53,5.2,12,0,,ok
TH-02097,2026-07-19,A,17.9,31.6,24.5,52.4,0.86,3.6,10,0,,OK
TH-02098,2026-07-19,A,17.9,32.1,25.1,49.5,1.34,4.4,7,0,,OK
TH-02100,2026-07-19,A,17.9,33.4,27.1,46.9,1.5,5.1,9,0,,ok
TH-02101,2026-07-19,A,17.9,31.2,26.5,51.5,1.65,6.6,6,0,,ok
TH-02103,2026-07-19,A,17.9,31.7,25.2,51.1,-1.58,7.1,6,0,,ok
TH-02109,2026-07-19,A,17.9,32.8,26.7,51.7,1.59,6.5,9,0,,ok
TH-02111,2026-07-19,A,17.9,31.7,25.2,50.6,1.28,4.9,8,0,,ok
TH-02113,2026-07-19,A,17.9,30.6,25.3,51.8,1.63,5.9,12,0,,ok
TH-02114,2026-07-19,A,17.9,33.3,27.0,48.3,1.59,6.3,10,0,,ok
TH-02118,2026-07-19,A,17.9,-999,27.1,50.4,2.02,6.5,8,0,,ok
TH-02120,2026-07-19,A,17.9,32.8,27.2,52.9,0.85,3.0,14,0,,OK
TH-02121,2026-07-19,A,17.9,31.1,26.0,50.8,0.84,3.5,3,0,,ok
TH-02122,2026-07-19,A,17.9,-999,25.6,52.4,1.69,5.7,4,0,,ok
TH-02126,2026-07-19,A,17.9,33.0,28.1,47.8,1.23,4.9,3,0,,OK
TH-02127,2026-07-19,A,17.9,31.1,24.7,48.1,1.13,4.8,15,0,,OK
TH-02130,2026-07-19,A,17.9,32.2,27.7,51.5,1.06,3.7,9,0,,OK
TH-02132,2026-07-19,A,17.9,31.0,28.2,48.4,1.05,3.3,9,0,E-211,warn
TH-02133,2026-07-19,A,17.9,33.5,28.9,47.8,1.12,3.8,6,0,,ok
TH-02134,2026-07-19,A,17.9,32.0,25.3,52.8,1.95,7.2,5,0,,OK
TH-02136,2026-07-19,A,17.9,33.1,28.2,47.8,1.25,5.3,8,0,,OK
TH-02137,2026-07-19,A,17.9,32.2,25.4,50.1,1.5,5.7,12,0,E-505,OK
TH-02138,2026-07-19,A,17.9,30.6,23.4,52.0,1.35,5.6,5,0,,ok
TH-02139,2026-07-19,A,17.9,33.5,28.7,52.5,1.27,4.7,9,0,E-104,OK
TH-02141,2026-07-19,B,17.9,,,,17210.8,,12,0,3104,2
TH-02143,2026-07-19,B,17.9,,,,17957.2,,11,0,,0
TH-02145,2026-07-19,B,17.9,,,,4852.6,,5,0,,0
TH-02148,2026-07-19,B,17.9,,,,12939.5,,7,0,6021,0
TH-02149,2026-07-19,B,17.9,,,,8115.9,,9,0,6021,0
TH-02152,2026-07-19,B,17.9,,,,22559.8,,5,0,,0
TH-02155,2026-07-19,B,17.9,,,,4529.3,,8,0,,0
TH-02158,2026-07-19,B,17.9,,,,7112.0,,11,0,6021,0
TH-02159,2026-07-19,B,17.9,,,,12113.6,,9,0,6021,0
TH-02160,2026-07-19,B,17.9,,,,14982.1,,9,0,6021,0
TH-02161,2026-07-19,B,17.9,,,,8322.8,,10,0,,0
TH-02165,2026-07-19,B,17.9,,,,15146.4,,9,0,,0
TH-02166,2026-07-19,B,17.9,,,,17572.5,,12,0,6021,0
TH-02169,2026-07-19,B,17.9,,,,18504.4,,2,0,,0
TH-02170,2026-07-19,B,17.9,,,,11487.3,,12,0,,0
TH-02171,2026-07-19,B,17.9,,,,14110.1,,7,0,6021,0
TH-02173,2026-07-19,B,17.9,,,,6994.8,,14,0,,0
TH-02177,2026-07-19,B,17.9,,,,12985.4,,8,0,,0
TH-02178,2026-07-19,B,17.9,,,,19541.9,,12,0,,0
TH-02182,2026-07-19,B,17.9,,,,20997.9,,23,0,6021,0
TH-02185,2026-07-19,B,17.9,,,,25265.3,,6,0,,0
TH-02187,2026-07-19,B,17.9,,,,13661.5,,11,0,6021,0
TH-02188,2026-07-19,B,17.9,,,,24531.9,,10,0,,0
TH-02190,2026-07-19,B,17.9,,,,24712.5,,3,0,6021,0
TH-02195,2026-07-19,B,17.9,,,,14869.9,,30,0,6021,0
TH-02196,2026-07-19,B,17.9,,,,25260.9,,5,0,6021,0
TH-02202,2026-07-19,B,17.9,,,,13861.2,,11,0,6021,0
TH-02204,2026-07-19,B,17.9,,,,5221.0,,13,0,6021,0
TH-02206,2026-07-19,B,17.9,,,,17437.4,,10,0,,0
TH-02207,2026-07-19,B,17.9,,,,13717.3,,11,0,6021,0
TH-02213,2026-07-19,B,17.9,,,,9363.9,,7,0,6021,0
TH-02214,2026-07-19,B,17.9,,,,9167.6,,4,0,6021,0
TH-02215,2026-07-19,B,17.9,,,,18291.9,,7,0,6021,0
TH-02216,2026-07-19,B,17.9,,,,17203.5,,8,0,,0
TH-02221,2026-07-19,B,17.9,,,,16237.9,,28,0,3104,2
TH-02223,2026-07-19,B,17.9,,,,22279.1,,8,0,6021,0
TH-02228,2026-07-19,B,17.9,,,,23970.0,,10,0,,0
TH-02231,2026-07-19,B,17.9,,,,7615.7,,6,0,6021,0
TH-02234,2026-07-19,B,17.9,,,,13329.2,,7,0,6021,0
TH-02235,2026-07-19,B,17.9,,,,22719.4,,9,0,,0
TH-02238,2026-07-19,B,17.9,33.2,26.7,,7812.0,,5,0,,0
TH-02239,2026-07-19,B,17.9,,,,17250.9,,8,0,6021,0
TH-02240,2026-07-19,B,17.9,,,,8089.2,,4,0,,0
TH-02242,2026-07-19,B,17.9,,,,14381.0,,10,0,,0
TH-02243,2026-07-19,B,17.9,,,,11715.9,,7,0,,0
TH-02244,2026-07-19,B,17.9,,,,16915.4,,10,0,,0
TH-02245,2026-07-19,B,17.9,,,,14972.4,,8,0,6021,0
TH-02246,2026-07-19,B,17.9,,,,15984.7,,18,0,,0
TH-02247,2026-07-19,B,17.9,,,,5519.9,,10,0,6021,0
TH-02248,2026-07-19,B,17.9,,,,23323.5,,13,0,6021,0
TH-02249,2026-07-19,B,17.9,,,,6932.0,,9,0,,0
TH-02255,2026-07-19,B,17.9,,,,12963.1,,9,0,,0
TH-02256,2026-07-19,B,17.9,,,,7890.3,,9,0,,0
TH-02257,2026-07-19,B,17.9,,,,21315.6,,5,0,6021,0
TH-02258,2026-07-19,B,17.9,,,,10389.1,,6,0,,0
TH-02259,2026-07-19,B,17.9,32.4,27.7,,12319.3,,4,0,6021,0
TH-02262,2026-07-19,B,17.9,,,,9215.1,,13,0,,0
TH-02265,2026-07-19,B,17.9,,,,22629.8,,29,0,,0
TH-02266,2026-07-19,B,17.9,,,,16152.7,,9,0,6021,0
TH-02267,2026-07-19,B,17.9,,,,11575.2,,9,0,6021,0
TH-02268,2026-07-19,B,17.9,,,,23862.7,,3,0,6021,0
TH-02269,2026-07-19,B,17.9,,,,12432.4,,12,0,6021,0
TH-02270,2026-07-19,B,17.9,,,,21972.5,,8,0,6021,0
TH-02271,2026-07-19,B,17.9,32.0,24.8,,4983.1,,8,0,6021,0
TH-02272,2026-07-19,B,17.9,,,,24888.7,,6,0,,0
TH-02273,2026-07-19,B,17.9,,,,19842.6,,3,0,6021,0
TH-02275,2026-07-19,B,17.9,,,,12379.5,,5,0,6021,0
TH-02277,2026-07-19,B,17.9,,,,17917.0,,11,0,,0
TH-02278,2026-07-19,B,17.9,,,,14857.3,,10,0,,0
TH-02279,2026-07-19,B,17.9,,,,21128.2,,10,0,6021,0
TH-02283,2026-07-19,B,17.9,,,,21384.5,,6,0,,0
TH-02285,2026-07-19,B,17.9,,,,12864.1,,8,0,,0
TH-02286,2026-07-19,B,17.9,,,,7618.6,,12,0,,0
TH-02292,2026-07-19,C,17.9,,,,1.03,,,0,,warn
TH-02294,2026-07-19,C,17.9,,,,1.87,,,0,,OK
TH-02296,2026-07-19,C,17.9,,,,1.18,,,0,,OK
TH-02297,2026-07-19,C,17.9,,,,1.83,,,0,,
TH-02298,2026-07-19,C,17.9,,,,1.58,,,0,ALM_HP_LOWFLOW,
TH-02299,2026-07-19,C,17.9,,,,0.85,,,0,,OK
TH-02300,2026-07-19,C,17.9,,,,1.18,,,0,,warn
TH-02302,2026-07-19,C,17.9,,,,1.93,,,0,,OK
TH-02303,2026-07-19,C,17.9,,,,1.76,,,0,,warn
TH-02304,2026-07-19,C,17.9,,,,1.03,,,0,,
TH-02307,2026-07-19,C,17.9,,,,1.67,,,0,,
TH-02308,2026-07-19,C,17.9,,,,1.36,,,0,,warn
TH-02309,2026-07-19,C,17.9,,,,0.91,,,0,,OK
TH-02311,2026-07-19,C,17.9,,,,1.58,,,0,,OK
TH-02312,2026-07-19,C,17.9,,,34.7,1.61,,,0,ALM_HP_LOWFLOW,OK
TH-02313,2026-07-19,C,17.9,,,52.4,0.88,,,0,,
TH-02316,2026-07-19,C,17.9,,,,1.41,,,0,,warn
TH-02317,2026-07-19,C,17.9,,,,1.33,,,0,,
TH-02319,2026-07-19,C,17.9,32.6,,51.4,1.6,,,0,,OK
TH-02322,2026-07-19,C,17.9,,,,1.24,,,0,,warn
TH-02323,2026-07-19,C,17.9,,,,2.04,,,0,,warn
TH-02324,2026-07-19,C,17.9,,,,1.19,,,0,,warn
TH-02331,2026-07-19,C,17.9,32.0,,46.4,0.8,,,0,,
TH-02333,2026-07-19,C,17.9,,,,1.14,,,0,,OK
TH-02334,2026-07-19,C,17.9,,,,2.0,,,0,,
TH-02335,2026-07-19,C,17.9,,,,1.64,,,0,,warn
TH-02336,2026-07-19,C,17.9,,,,0.88,,,0,,
TH-02338,2026-07-19,C,17.9,33.2,,,1.41,,,0,,OK
TH-02339,2026-07-19,C,17.9,,,,1.44,,,0,,OK
TH-02340,2026-07-19,C,17.9,32.9,,,1.25,,,0,,warn
TH-02341,2026-07-19,C,17.9,,,,1.75,,,0,,
TH-02342,2026-07-19,C,17.9,,,,1.32,,,0,,OK
TH-02343,2026-07-19,C,17.9,,,,0.93,,,0,,OK
TH-02344,2026-07-19,C,17.9,,,,1.64,,,0,,
TH-02346,2026-07-19,C,17.9,,,,1.24,,,0,,OK
TH-02347,2026-07-19,C,17.9,,,,1.71,,,0,,OK
TH-02348,2026-07-19,C,17.9,,,,1.27,,,0,,OK
TH-02351,2026-07-19,C,17.9,,,,1.68,,,0,,
TH-02352,2026-07-19,C,17.9,,,,1.45,,,0,,OK
TH-02354,2026-07-19,C,17.9,,,,1.64,,,0,,warn
TH-02355,2026-07-19,C,17.9,,,,0.89,,,0,,warn
TH-02357,2026-07-19,C,17.9,,,,0.99,,,0,,OK
TH-02358,2026-07-19,C,17.9,,,,2.29,,,0,,
TH-02359,2026-07-19,C,17.9,,,,0.96,,,0,,OK
TH-02361,2026-07-19,C,17.9,,,,0.78,,,0,,
TH-02363,2026-07-19,C,17.9,,,,1.06,,,0,,warn
TH-02365,2026-07-19,C,17.9,,,,1.53,,,0,,warn
TH-02366,2026-07-19,C,17.9,,,,2.06,,,0,,
TH-02367,2026-07-19,C,17.9,,,,2.09,,,0,,warn
TH-02371,2026-07-19,C,17.9,,,52.3,2.1,,,0,,
TH-02374,2026-07-19,C,17.9,,,,1.32,,,0,,
TH-02375,2026-07-19,C,17.9,,,,1.54,,,0,,warn
TH-02377,2026-07-19,C,17.9,,,,1.72,,,0,,warn
TH-02379,2026-07-19,C,17.9,,,,1.02,,,0,,
TH-02380,2026-07-19,C,17.9,,,,1.61,,,0,,warn
TH-02383,2026-07-19,C,17.9,,,,1.18,,,0,,OK
TH-02384,2026-07-19,C,17.9,,,,1.75,,,0,,warn
TH-02385,2026-07-19,C,17.9,,,,1.69,,,0,,warn
TH-02387,2026-07-19,C,17.9,,,,1.76,,,0,,OK
TH-02388,2026-07-19,C,17.9,,,,0.83,,,0,,OK
TH-02395,2026-07-19,C,17.9,,,,0.97,,,0,ALM_HP_LOWFLOW,OK
TH-02396,2026-07-19,C,17.9,,,,1.72,,,0,,warn
TH-02397,2026-07-19,C,17.9,,,,1.06,,,0,,
TH-02398,2026-07-19,C,17.9,,,,2.27,,,0,ALM_HP_LOWFLOW,OK
TH-02399,2026-07-19,C,17.9,,,,1.28,,,0,,OK
TH-02400,2026-07-19,C,17.9,,,,1.92,,,0,,warn
TH-90000,2026-07-19,C,17.9,,,,4.58,,,0,,OK
TH-90001,2026-07-19,C,17.9,,,,13.56,,,0,,OK
TH-90002,2026-07-19,C,17.9,,,,6.62,,,0,,OK
TH-90003,2026-07-19,C,17.9,,,,11.66,,,0,,OK
TH-90004,2026-07-19,C,17.9,,,,5.69,,,0,,OK
th-02011,2026-07-19,A,17.9,33.1,26.1,51.7,1.81,7.4,7,0,,ok
th-02030,2026-07-19,A,17.9,31.4,26.1,51.2,1.42,5.3,10,0,,OK
th-02072,2026-07-19,A,17.9,32.6,27.5,52.8,1.97,6.7,8,0,,OK
th-02073,2026-07-19,A,17.9,31.8,28.8,47.7,1.84,5.3,8,0,E-211,OK
th-02078,2026-07-19,A,17.9,31.7,24.8,52.1,1.13,4.3,7,0,,ok
th-02081,2026-07-19,A,17.9,32.6,25.1,48.5,1.62,5.4,8,0,,OK
th-02083,2026-07-19,A,17.9,-999,27.1,50.3,1.48,5.4,6,0,,OK
th-02086,2026-07-19,A,17.9,31.1,24.1,52.0,1.22,5.0,17,0,,ok
th-02129,2026-07-19,A,17.9,32.0,26.7,47.6,0.98,3.3,11,0,,OK
th-02135,2026-07-19,A,17.9,30.8,26.2,50.6,1.6,5.2,5,0,,ok
th-02153,2026-07-19,B,17.9,,,,19066.5,,6,0,,0
th-02162,2026-07-19,B,17.9,,,,14691.7,,10,0,,0
th-02176,2026-07-19,B,17.9,,,,5458.7,,5,0,6021,0
th-02180,2026-07-19,B,17.9,,,,11652.9,,11,0,6021,0
th-02181,2026-07-19,B,17.9,,,,18785.0,,11,0,,0
th-02184,2026-07-19,B,17.9,,,,20329.8,,10,0,,0
th-02226,2026-07-19,B,17.9,,,,9779.5,,8,0,6021,0
th-02230,2026-07-19,B,17.9,,,,25664.4,,11,0,6021,0
th-02251,2026-07-19,B,17.9,,,,24495.6,,12,0,6021,0
th-02260,2026-07-19,B,17.9,,,,7375.4,,11,0,,0
th-02287,2026-07-19,B,17.9,,,,18060.2,,11,0,6021,0
th-02314,2026-07-19,C,17.9,31.7,,,1.14,,,0,,OK
th-02337,2026-07-19,C,17.9,,,,0.81,,,0,,
th-02360,2026-07-19,C,17.9,,,,1.18,,,0,,OK
th-02389,2026-07-19,C,17.9,,,,2.24,,,0,,OK
th-02393,2026-07-19,C,17.9,,,,0.92,,,0,,
 TH-02031,2026-07-20,A,17.0,32.9,25.7,51.2,1.04,4.4,12,0,,ok
 TH-02056,2026-07-20,A,17.0,31.9,26.0,48.9,0.88,3.6,7,0,,ok
 TH-02061,2026-07-20,A,17.0,31.4,25.4,52.0,0.92,3.9,7,0,,ok
 TH-02073,2026-07-20,A,17.0,31.6,29.4,51.5,1.14,3.3,11,0,E-211,ok
 TH-02087,2026-07-20,A,17.0,32.4,27.6,52.6,1.31,5.1,4,0,,ok
 TH-02093,2026-07-20,A,17.0,31.7,24.6,52.8,0.9,3.7,9,0,,ok
 TH-02094,2026-07-20,A,17.0,31.4,26.0,50.1,1.31,4.9,15,0,,ok
 TH-02130,2026-07-20,A,17.0,31.2,26.1,50.9,2.17,7.0,7,0,E-211,ok
 TH-02171,2026-07-20,B,17.0,,,,14111.1,,11,0,6021,0
 TH-02216,2026-07-20,B,17.0,,,,17205.2,,6,0,6021,0
 TH-02259,2026-07-20,B,17.0,,,,12320.9,,9,0,,0
 TH-02270,2026-07-20,B,17.0,,,,21973.4,,5,0,6021,0
 TH-02277,2026-07-20,B,17.0,,,,17918.6,,8,0,,0
 TH-02279,2026-07-20,B,17.0,,,,21129.9,,9,0,,0
 TH-02287,2026-07-20,B,17.0,,,,18061.2,,5,0,6021,0
 TH-02290,2026-07-20,B,17.0,,,,7357.7,,33,0,3104,2
 TH-02302,2026-07-20,C,17.0,,,,1.67,,,0,,warn
 TH-02313,2026-07-20,C,17.0,,,,1.72,,,0,,OK
 TH-02331,2026-07-20,C,17.0,,,,1.56,,,0,ALM_SM_LINK,OK
 TH-02357,2026-07-20,C,17.0,,,,0.96,,,0,,warn
 TH-02377,2026-07-20,C,17.0,,,,1.59,,,0,,OK
 TH-02381,2026-07-20,C,17.0,,,,1.43,,,0,,
 TH-02398,2026-07-20,C,17.0,,,,1.25,,,0,ALM_HP_LOWFLOW,OK
TH-02001,2026-07-20,A,17.0,31.9,25.0,48.9,1.04,3.7,11,0,,ok
TH-02002,2026-07-20,A,17.0,32.3,27.4,46.8,1.19,4.7,9,0,,ok
TH-02004,2026-07-20,A,17.0,31.4,26.1,48.0,1.27,5.2,7,0,,OK
TH-02005,2026-07-20,A,17.0,32.2,26.1,48.5,0.72,3.0,10,0,,OK
TH-02006,2026-07-20,A,17.0,32.0,29.6,49.9,2.34,6.1,9,0,E-211,ok
TH-02008,2026-07-20,A,17.0,33.5,28.7,51.3,2.16,7.4,10,0,,ok
TH-02015,2026-07-20,A,17.0,30.6,24.4,52.1,0.88,3.0,7,0,,ok
TH-02016,2026-07-20,A,17.0,33.4,28.2,52.8,1.61,6.0,4,0,,OK
TH-02017,2026-07-20,A,17.0,32.0,27.4,51.6,2.0,6.9,8,0,,OK
TH-02020,2026-07-20,A,17.0,32.8,25.5,47.3,1.49,6.0,9,0,,ok
TH-02021,2026-07-20,A,17.0,33.4,28.0,48.5,1.63,5.3,6,0,,ok
TH-02023,2026-07-20,A,17.0,33.4,28.2,52.9,1.16,4.2,7,0,,OK
TH-02025,2026-07-20,A,17.0,32.7,25.3,48.0,1.5,6.0,8,0,,OK
TH-02028,2026-07-20,A,17.0,32.2,27.1,52.2,1.87,5.8,11,0,,OK
TH-02030,2026-07-20,A,17.0,32.7,25.8,50.3,1.9,6.0,6,0,E-104,warn
TH-02032,2026-07-20,A,17.0,31.4,24.6,50.6,1.11,3.5,6,0,,OK
TH-02035,2026-07-20,A,17.0,31.7,26.5,49.0,1.07,4.3,10,0,,ok
TH-02036,2026-07-20,A,17.0,33.4,26.5,47.2,1.21,5.0,9,0,,ok
TH-02037,2026-07-20,A,17.0,31.1,24.3,47.1,0.87,3.1,10,0,,ok
TH-02038,2026-07-20,A,17.0,30.6,27.5,49.1,1.78,5.7,5,0,E-211,warn
TH-02044,2026-07-20,A,17.0,32.5,26.5,48.5,0.88,3.6,10,0,,ok
TH-02045,2026-07-20,A,17.0,32.3,26.6,52.1,1.29,5.6,10,0,,ok
TH-02046,2026-07-20,A,17.0,31.5,24.1,47.7,1.35,5.8,6,0,,ok
TH-02047,2026-07-20,A,17.0,31.2,25.2,49.8,1.29,5.5,6,0,,OK
TH-02048,2026-07-20,A,17.0,32.6,26.4,49.2,1.79,5.8,14,0,,OK
TH-02049,2026-07-20,A,17.0,32.6,25.4,52.1,1.18,5.0,12,0,,OK
TH-02050,2026-07-20,A,17.0,32.1,25.3,50.4,1.82,7.3,9,0,,OK
TH-02051,2026-07-20,A,17.0,31.2,25.6,51.7,0.9,3.5,9,0,,ok
TH-02052,2026-07-20,A,17.0,32.0,25.3,48.2,1.59,6.3,8,0,,OK
TH-02062,2026-07-20,A,17.0,33.5,27.4,50.9,1.43,4.6,13,0,,OK
TH-02063,2026-07-20,A,17.0,32.0,27.4,50.0,0.91,3.5,10,0,,OK
TH-02065,2026-07-20,A,17.0,30.7,26.1,52.4,1.44,5.0,6,0,,ok
TH-02068,2026-07-20,A,17.0,32.7,25.9,51.2,1.47,5.1,4,0,,OK
TH-02071,2026-07-20,A,17.0,31.8,26.5,49.1,1.14,4.6,7,0,,ok
TH-02072,2026-07-20,A,17.0,31.7,24.9,53.0,2.32,7.4,10,0,,ok
TH-02074,2026-07-20,A,17.0,32.0,25.9,52.9,1.99,6.8,12,0,,ok
TH-02075,2026-07-20,A,17.0,33.4,27.5,46.4,1.8,7.3,12,0,,OK
TH-02076,2026-07-20,A,17.0,31.4,25.5,47.0,0.94,4.1,11,0,,OK
TH-02078,2026-07-20,A,17.0,30.5,25.3,52.6,1.46,6.2,8,0,,OK
TH-02080,2026-07-20,A,17.0,31.0,26.4,51.8,1.0,3.5,10,0,,OK
TH-02081,2026-07-20,A,17.0,33.2,26.4,46.9,0.86,3.3,6,0,,OK
TH-02083,2026-07-20,A,17.0,32.8,26.3,49.8,1.87,6.4,7,0,,OK
TH-02084,2026-07-20,A,17.0,31.8,25.6,51.6,1.35,4.3,2,0,,ok
TH-02085,2026-07-20,A,17.0,33.4,27.1,52.6,1.57,5.7,10,0,,OK
TH-02086,2026-07-20,A,17.0,31.8,26.7,47.3,1.01,4.1,10,0,,OK
TH-02090,2026-07-20,A,17.0,32.1,26.0,50.1,1.42,4.7,8,0,,ok
TH-02091,2026-07-20,A,17.0,30.6,27.6,50.4,1.45,3.8,14,0,E-211,warn
TH-02097,2026-07-20,A,17.0,32.1,25.9,47.5,1.12,4.3,10,0,,OK
TH-02098,2026-07-20,A,17.0,32.0,25.7,47.9,0.88,3.5,8,0,,ok
TH-02099,2026-07-20,A,17.0,32.0,24.8,48.2,2.22,7.0,10,0,,ok
TH-02100,2026-07-20,A,17.0,32.2,25.6,47.1,0.93,3.2,8,0,,OK
TH-02101,2026-07-20,A,17.0,30.8,23.6,47.3,0.8,3.5,10,0,,OK
TH-02111,2026-07-20,A,17.0,32.5,27.2,46.4,1.18,4.0,6,0,,OK
TH-02112,2026-07-20,A,17.0,31.0,25.7,46.6,1.08,3.6,9,0,,OK
TH-02113,2026-07-20,A,17.0,32.5,26.5,48.4,1.53,5.0,7,0,,OK
TH-02114,2026-07-20,A,17.0,32.6,27.0,50.6,1.53,5.4,7,0,E-211,ok
TH-02118,2026-07-20,A,17.0,31.2,25.3,50.5,1.16,4.8,4,0,,OK
TH-02120,2026-07-20,A,17.0,31.0,24.4,52.1,1.6,6.6,10,0,,OK
TH-02121,2026-07-20,A,17.0,31.2,25.2,0,1.4,5.3,12,0,,ok
TH-02122,2026-07-20,A,17.0,31.6,27.0,46.6,1.53,5.8,5,0,,OK
TH-02124,2026-07-20,A,17.0,32.9,27.5,46.3,1.79,6.1,10,0,,OK
TH-02125,2026-07-20,A,17.0,-999,26.0,48.2,1.8,5.6,6,0,,OK
TH-02126,2026-07-20,A,17.0,32.2,26.0,51.9,0.73,3.2,6,0,,OK
TH-02127,2026-07-20,A,17.0,32.0,24.9,47.4,1.0,4.2,10,0,,ok
TH-02129,2026-07-20,A,17.0,31.6,24.5,50.8,1.85,6.7,8,0,,ok
TH-02132,2026-07-20,A,17.0,31.6,29.1,48.4,1.05,3.5,8,0,,OK
TH-02133,2026-07-20,A,17.0,30.8,26.1,0,1.27,4.5,10,0,,ok
TH-02134,2026-07-20,A,17.0,30.5,24.2,47.0,0.84,3.4,9,0,,ok
TH-02135,2026-07-20,A,17.0,32.2,25.6,51.9,1.73,5.7,7,0,,ok
TH-02136,2026-07-20,A,17.0,33.3,26.3,47.3,1.0,4.2,5,0,E-104,OK
TH-02137,2026-07-20,A,17.0,30.9,23.8,52.9,1.48,4.8,5,0,,OK
TH-02138,2026-07-20,A,17.0,32.4,27.2,50.0,1.97,6.9,6,0,,ok
TH-02139,2026-07-20,A,17.0,32.5,26.8,46.3,1.84,6.3,9,0,,OK
TH-02140,2026-07-20,A,17.0,32.8,26.0,50.3,1.04,3.6,8,0,,ok
TH-02141,2026-07-20,B,17.0,,,,17212.8,,9,0,6021,0
TH-02143,2026-07-20,B,17.0,,,,17958.8,,7,0,,0
TH-02144,2026-07-20,B,17.0,,,,12984.2,,7,0,,0
TH-02145,2026-07-20,B,17.0,33.1,27.9,,4854.5,,3,0,3104,2
TH-02146,2026-07-20,B,17.0,,,,24545.9,,9,0,6021,0
TH-02148,2026-07-20,B,17.0,,,,12941.6,,6,0,6021,0
TH-02149,2026-07-20,B,17.0,,,,8117.4,,7,0,,0
TH-02152,2026-07-20,B,17.0,,,,22561.4,,12,0,,0
TH-02153,2026-07-20,B,17.0,,,,19068.5,,8,0,6021,0
TH-02155,2026-07-20,B,17.0,,,,4530.4,,9,0,,0
TH-02159,2026-07-20,B,17.0,,,,12115.2,,7,0,6021,0
TH-02160,2026-07-20,B,17.0,,,,14983.2,,11,0,,0
TH-02161,2026-07-20,B,17.0,,,,8324.2,,8,0,,0
TH-02162,2026-07-20,B,17.0,,,,14693.5,,8,0,,0
TH-02165,2026-07-20,B,17.0,,,,15148.1,,10,0,6021,0
TH-02166,2026-07-20,B,17.0,,,,17573.9,,3,0,,0
TH-02168,2026-07-20,B,17.0,,,,13689.5,,14,0,6021,0
TH-02169,2026-07-20,B,17.0,,,,18506.1,,14,0,,0
TH-02170,2026-07-20,B,17.0,,,,11489.3,,8,0,,0
TH-02173,2026-07-20,B,17.0,,,,6996.6,,10,0,,0
TH-02175,2026-07-20,B,17.0,33.0,28.4,,12097.4,,10,0,6021,0
TH-02176,2026-07-20,B,17.0,,,,5460.1,,9,0,,0
TH-02177,2026-07-20,B,17.0,,,,12986.9,,9,0,,0
TH-02178,2026-07-20,B,17.0,,,,19543.3,,18,0,6021,0
TH-02180,2026-07-20,B,17.0,,,,11654.3,,3,0,,0
TH-02181,2026-07-20,B,17.0,,,,18786.5,,6,0,,0
TH-02184,2026-07-20,B,17.0,,,,20331.2,,10,0,6021,0
TH-02187,2026-07-20,B,17.0,,,,13663.1,,10,0,,0
TH-02189,2026-07-20,B,17.0,,,,19399.0,,12,0,,0
TH-02190,2026-07-20,B,17.0,,,,24714.3,,7,0,6021,0
TH-02192,2026-07-20,B,17.0,,,,23425.7,,2,0,6021,0
TH-02194,2026-07-20,B,17.0,,,,19046.3,,9,0,,0
TH-02195,2026-07-20,B,17.0,,,,14871.9,,35,0,,0
TH-02196,2026-07-20,B,17.0,,,,25262.0,,8,0,,0
TH-02202,2026-07-20,B,17.0,,,,13862.9,,7,0,6021,0
TH-02204,2026-07-20,B,17.0,,,,5222.1,,4,0,6021,0
TH-02206,2026-07-20,B,17.0,,,,17439.0,,10,0,6021,0
TH-02207,2026-07-20,B,17.0,,,,13718.1,,10,0,,0
TH-02214,2026-07-20,B,17.0,,,,9168.4,,3,0,6021,0
TH-02215,2026-07-20,B,17.0,,,,18292.7,,7,0,,0
TH-02221,2026-07-20,B,17.0,31.5,25.3,,16239.3,,34,0,6021,0
TH-02223,2026-07-20,B,17.0,,,,22279.9,,12,0,6021,0
TH-02224,2026-07-20,B,17.0,,,,8790.9,,10,0,,0
TH-02228,2026-07-20,B,17.0,,,,23971.3,,7,0,6021,0
TH-02231,2026-07-20,B,17.0,,,,7617.3,,15,0,6021,0
TH-02235,2026-07-20,B,17.0,,,,22721.0,,13,0,,0
TH-02236,2026-07-20,B,17.0,,,,4273.5,,6,0,6021,0
TH-02238,2026-07-20,B,17.0,,,,7814.2,,3,0,6021,0
TH-02240,2026-07-20,B,17.0,,,,8091.1,,6,0,6021,0
TH-02242,2026-07-20,B,17.0,,,,14382.0,,10,0,6021,0
TH-02243,2026-07-20,B,17.0,,,,11717.6,,6,0,,0
TH-02244,2026-07-20,B,17.0,,,,16916.3,,8,0,6021,0
TH-02245,2026-07-20,B,17.0,,,,14973.7,,8,0,,0
TH-02247,2026-07-20,B,17.0,,,,5520.8,,14,0,6021,0
TH-02248,2026-07-20,B,17.0,,,,23325.2,,5,0,6021,0
TH-02249,2026-07-20,B,17.0,,,,6933.7,,8,0,,0
TH-02250,2026-07-20,B,17.0,,,,11220.7,,12,0,,0
TH-02251,2026-07-20,B,17.0,33.4,26.9,,24496.6,,10,0,6021,0
TH-02255,2026-07-20,B,17.0,,,,12964.7,,7,0,,0
TH-02256,2026-07-20,B,17.0,,,,7891.1,,10,0,,0
TH-02257,2026-07-20,B,17.0,,,,21316.6,,12,0,,0
TH-02258,2026-07-20,B,17.0,,,,10390.4,,6,0,,0
TH-02265,2026-07-20,B,17.0,,,,22632.3,,32,0,6021,0
TH-02266,2026-07-20,B,17.0,,,,16154.1,,12,0,6021,0
TH-02267,2026-07-20,B,17.0,,,,11576.5,,9,0,6021,0
TH-02268,2026-07-20,B,17.0,,,,23863.6,,4,0,1188,2
TH-02271,2026-07-20,B,17.0,,,,4984.7,,4,0,,0
TH-02272,2026-07-20,B,17.0,,,,24890.6,,6,0,6021,0
TH-02273,2026-07-20,B,17.0,,,,19844.1,,6,0,6021,0
TH-02275,2026-07-20,B,17.0,,,,12381.2,,9,0,6021,0
TH-02278,2026-07-20,B,17.0,,,,14858.7,,12,0,,0
TH-02280,2026-07-20,B,17.0,,,,17757.6,,2,0,6021,0
TH-02281,2026-07-20,B,17.0,,,,4292.6,,8,0,6021,0
TH-02283,2026-07-20,B,17.0,,,,21385.5,,2,0,6021,0
TH-02285,2026-07-20,B,17.0,,,,12865.3,,10,0,6021,0
TH-02288,2026-07-20,B,17.0,,,,5466.6,,11,0,,0
TH-02292,2026-07-20,C,17.0,,,,1.53,,,0,,warn
TH-02294,2026-07-20,C,17.0,,,,1.36,,,0,,warn
TH-02296,2026-07-20,C,17.0,,,,0.93,,,0,,warn
TH-02298,2026-07-20,C,17.0,,,,2.13,,,0,ALM_HP_LOWFLOW,warn
TH-02300,2026-07-20,C,17.0,33.2,,,1.48,,,0,,warn
TH-02303,2026-07-20,C,17.0,,,,0.85,,,0,,warn
TH-02304,2026-07-20,C,17.0,,,,1.14,,,0,,warn
TH-02308,2026-07-20,C,17.0,,,,1.84,,,0,,
TH-02309,2026-07-20,C,17.0,,,,1.51,,,0,,
TH-02311,2026-07-20,C,17.0,,,,1.24,,,0,,OK
TH-02312,2026-07-20,C,17.0,,,,1.65,,,0,ALM_HP_LOWFLOW,warn
TH-02314,2026-07-20,C,17.0,,,,2.37,,,0,,OK
TH-02316,2026-07-20,C,17.0,,,,1.42,,,0,,
TH-02317,2026-07-20,C,17.0,,,,0.99,,,0,,warn
TH-02319,2026-07-20,C,17.0,,,,1.32,,,0,,warn
TH-02322,2026-07-20,C,17.0,,,,1.34,,,0,,OK
TH-02323,2026-07-20,C,17.0,,,,1.21,,,0,,
TH-02334,2026-07-20,C,17.0,,,,1.3,,,0,ALM_SM_LINK,OK
TH-02335,2026-07-20,C,17.0,,,,1.0,,,0,,warn
TH-02336,2026-07-20,C,17.0,,,,1.59,,,0,,
TH-02337,2026-07-20,C,17.0,,,52.1,1.63,,,0,,warn
TH-02338,2026-07-20,C,17.0,,,,1.63,,,0,,OK
TH-02339,2026-07-20,C,17.0,,,,0.74,,,0,,
TH-02341,2026-07-20,C,17.0,,,,1.84,,,0,ALM_SM_LINK,OK
TH-02342,2026-07-20,C,17.0,,,,1.03,,,0,ALM_SM_LINK,
TH-02344,2026-07-20,C,17.0,,,,1.16,,,0,,
TH-02345,2026-07-20,C,17.0,,,,1.81,,,0,,
TH-02346,2026-07-20,C,17.0,,,,0.94,,,0,,warn
TH-02347,2026-07-20,C,17.0,,,,0.82,,,0,,
TH-02348,2026-07-20,C,17.0,,,,1.2,,,0,,
TH-02351,2026-07-20,C,17.0,31.7,,,2.08,,,0,,OK
TH-02352,2026-07-20,C,17.0,,,,1.15,,,0,,OK
TH-02354,2026-07-20,C,17.0,32.1,,,1.41,,,0,,warn
TH-02355,2026-07-20,C,17.0,,,,1.35,,,0,,OK
TH-02358,2026-07-20,C,17.0,,,,1.18,,,0,,warn
TH-02359,2026-07-20,C,17.0,,,,1.2,,,0,,
TH-02360,2026-07-20,C,17.0,,,,1.2,,,0,,OK
TH-02363,2026-07-20,C,17.0,,,,0.92,,,0,,
TH-02365,2026-07-20,C,17.0,,,52.8,0.72,,,0,,OK
TH-02366,2026-07-20,C,17.0,,,,1.01,,,0,,
TH-02367,2026-07-20,C,17.0,,,,1.57,,,0,,
TH-02371,2026-07-20,C,17.0,,,,1.51,,,0,,warn
TH-02374,2026-07-20,C,17.0,,,,1.12,,,0,,
TH-02375,2026-07-20,C,17.0,,,,1.01,,,0,,
TH-02379,2026-07-20,C,17.0,,,,1.14,,,0,,
TH-02380,2026-07-20,C,17.0,,,,1.68,,,0,,
TH-02389,2026-07-20,C,17.0,,,,1.08,,,0,,
TH-02395,2026-07-20,C,17.0,,,,1.39,,,0,ALM_HP_LOWFLOW,OK
TH-02396,2026-07-20,C,17.0,,,,1.32,,,0,,warn
TH-02397,2026-07-20,C,17.0,33.2,,,2.35,,,0,,
TH-02399,2026-07-20,C,17.0,,,,1.26,,,0,,warn
TH-02400,2026-07-20,C,17.0,,,,1.58,,,0,,
th-02007,2026-07-20,A,17.0,31.6,29.5,51.8,0.98,3.2,10,0,E-211,ok
th-02009,2026-07-20,A,17.0,31.6,26.5,50.8,1.68,6.7,3,0,,ok
th-02011,2026-07-20,A,17.0,30.5,25.7,46.8,1.48,5.7,8,0,,ok
th-02012,2026-07-20,A,17.0,32.1,26.7,47.5,1.07,4.3,9,0,,ok
th-02019,2026-07-20,A,17.0,31.3,26.6,48.9,1.59,6.4,10,0,,ok
th-02033,2026-07-20,A,17.0,33.2,26.6,50.0,1.62,5.9,13,0,,ok
th-02034,2026-07-20,A,17.0,32.7,27.0,51.6,1.01,4.2,12,0,,OK
th-02040,2026-07-20,A,17.0,33.0,25.6,50.7,1.99,6.7,11,0,,ok
th-02054,2026-07-20,A,17.0,31.4,26.1,48.8,1.25,5.5,2,0,,OK
th-02055,2026-07-20,A,17.0,31.0,26.0,52.5,1.55,6.8,11,0,E-505,OK
th-02077,2026-07-20,A,17.0,31.2,25.0,52.4,1.11,4.8,7,0,,ok
th-02095,2026-07-20,A,17.0,30.8,26.0,51.6,1.13,3.7,11,0,,ok
th-02103,2026-07-20,A,17.0,32.2,27.3,53.0,1.03,4.0,7,0,,OK
th-02109,2026-07-20,A,17.0,31.5,26.7,46.0,1.98,7.4,8,0,,OK
th-02158,2026-07-20,B,17.0,,,,7113.8,,9,0,,0
th-02182,2026-07-20,B,17.0,,,,20999.0,,30,0,,0
th-02185,2026-07-20,B,17.0,,,,25266.4,,12,0,6021,0
th-02188,2026-07-20,B,17.0,,,,24532.9,,8,0,,0
th-02213,2026-07-20,B,17.0,,,,9365.1,,12,0,,0
th-02226,2026-07-20,B,17.0,,,,9780.5,,13,0,,0
th-02230,2026-07-20,B,17.0,,,,25666.3,,5,0,,0
th-02234,2026-07-20,B,17.0,,,,13330.4,,11,0,,0
th-02239,2026-07-20,B,17.0,,,,17251.8,,6,0,,0
th-02246,2026-07-20,B,17.0,,,,15985.5,,7,0,6021,0
th-02262,2026-07-20,B,17.0,,,,9216.2,,11,0,6021,0
th-02269,2026-07-20,B,17.0,,,,12433.3,,4,0,,0
th-02286,2026-07-20,B,17.0,,,,7620.1,,10,0,6021,0
th-02297,2026-07-20,C,17.0,,,,1.68,,,0,,
th-02299,2026-07-20,C,17.0,,,,0.8,,,0,,warn
th-02307,2026-07-20,C,17.0,,,,1.9,,,0,,warn
th-02324,2026-07-20,C,17.0,,,,1.14,,,0,,OK
th-02333,2026-07-20,C,17.0,,,,1.85,,,0,ALM_SM_LINK,warn
th-02340,2026-07-20,C,17.0,,,49.3,1.59,,,0,,warn
th-02343,2026-07-20,C,17.0,,,,1.58,,,0,,warn
th-02361,2026-07-20,C,17.0,,,,0.9,,,0,,
th-02383,2026-07-20,C,17.0,,,,1.55,,,0,,OK
th-02384,2026-07-20,C,17.0,31.6,,,1.89,,,0,,OK
th-02385,2026-07-20,C,17.0,,,,1.12,,,0,,OK
th-02387,2026-07-20,C,17.0,,,,1.74,,,0,,OK
th-02388,2026-07-20,C,17.0,,,,1.06,,,0,,OK
 TH-02006,2026-07-21,A,20.7,31.5,29.0,50.2,2.85,7.3,10,0,,OK
 TH-02017,2026-07-21,A,20.7,32.2,26.1,51.4,0.92,3.7,7,0,,ok
 TH-02037,2026-07-21,A,20.7,33.4,26.8,52.6,1.66,6.6,4,0,,OK
 TH-02044,2026-07-21,A,20.7,33.3,26.1,47.7,1.73,5.7,8,0,,ok
 TH-02045,2026-07-21,A,20.7,31.7,25.0,46.7,1.16,4.2,11,0,,ok
 TH-02055,2026-07-21,A,20.7,32.2,27.4,47.4,1.76,7.1,3,0,,ok
 TH-02056,2026-07-21,A,20.7,32.8,27.5,51.8,1.23,4.9,10,0,,OK
 TH-02063,2026-07-21,A,20.7,32.9,25.8,51.0,1.41,5.0,6,0,,ok
 TH-02095,2026-07-21,A,20.7,32.7,25.5,48.0,1.88,6.7,9,0,,OK
 TH-02114,2026-07-21,A,20.7,31.0,26.4,52.2,1.11,4.8,7,0,,OK
 TH-02118,2026-07-21,A,20.7,33.0,25.7,52.9,1.83,7.4,8,0,,OK
 TH-02139,2026-07-21,A,20.7,32.9,27.8,52.9,1.64,5.3,8,0,,ok
 TH-02160,2026-07-21,B,20.7,,,,14984.5,,5,0,7702,2
 TH-02161,2026-07-21,B,20.7,,,,8325.2,,9,0,,0
 TH-02166,2026-07-21,B,20.7,,,,17576.1,,7,0,,0
 TH-02258,2026-07-21,B,20.7,,,,10391.5,,13,0,6021,0
 TH-02259,2026-07-21,B,20.7,,,,12322.3,,10,0,6021,0
 TH-02269,2026-07-21,B,20.7,,,,12434.3,,7,0,6021,0
 TH-02294,2026-07-21,C,20.7,,,,0.78,,,0,,
 TH-02323,2026-07-21,C,20.7,,,,1.55,,,0,,
 TH-02331,2026-07-21,C,20.7,,,,1.67,,,0,,warn
 TH-02346,2026-07-21,C,20.7,,,,0.99,,,0,,warn
 TH-02359,2026-07-21,C,20.7,,,,1.13,,,0,,OK
 TH-02377,2026-07-21,C,20.7,,,,1.66,,,0,,
TH-02001,2026-07-21,A,20.7,31.2,24.9,51.0,0.98,3.1,10,0,,ok
TH-02002,2026-07-21,A,20.7,31.0,25.7,47.6,1.03,4.2,8,0,E-211,OK
TH-02004,2026-07-21,A,20.7,32.7,25.8,47.7,1.11,3.8,6,0,,ok
TH-02005,2026-07-21,A,20.7,32.9,28.3,50.3,1.89,7.4,6,0,,ok
TH-02007,2026-07-21,A,20.7,30.9,28.8,50.9,1.09,3.7,9,0,,ok
TH-02008,2026-07-21,A,20.7,31.8,24.4,50.3,1.25,5.4,16,0,,ok
TH-02009,2026-07-21,A,20.7,30.9,23.6,52.5,1.0,4.1,4,0,,OK
TH-02011,2026-07-21,A,20.7,32.8,26.1,46.3,1.56,6.4,9,0,,OK
TH-02012,2026-07-21,A,20.7,32.3,25.2,46.0,0.84,3.7,9,0,,ok
TH-02015,2026-07-21,A,20.7,32.2,26.2,52.0,1.73,6.7,2,0,E-211,OK
TH-02016,2026-07-21,A,20.7,32.2,25.6,52.4,1.07,4.5,9,0,,ok
TH-02019,2026-07-21,A,20.7,30.5,23.4,52.4,1.57,6.2,6,0,,OK
TH-02020,2026-07-21,A,20.7,32.8,27.4,49.9,1.33,5.6,10,0,,ok
TH-02021,2026-07-21,A,20.7,32.7,28.1,49.1,1.01,3.5,11,0,,ok
TH-02025,2026-07-21,A,20.7,33.4,26.7,48.1,1.26,5.1,13,0,,OK
TH-02028,2026-07-21,A,20.7,31.4,24.6,48.2,1.7,5.3,6,0,,OK
TH-02030,2026-07-21,A,20.7,31.3,23.8,51.1,1.96,7.2,10,0,,ok
TH-02031,2026-07-21,A,20.7,32.8,28.3,51.7,1.78,6.5,8,0,E-317,OK
TH-02032,2026-07-21,A,20.7,30.8,23.6,50.3,0.73,3.0,10,0,,ok
TH-02034,2026-07-21,A,20.7,32.6,27.9,52.2,1.17,4.9,2,0,,ok
TH-02035,2026-07-21,A,20.7,33.0,25.9,49.1,0.89,3.4,9,0,,ok
TH-02036,2026-07-21,A,20.7,31.9,26.6,47.9,0.89,3.6,12,0,,OK
TH-02038,2026-07-21,A,20.7,31.1,28.5,46.4,2.76,7.3,2,0,E-211,warn
TH-02040,2026-07-21,A,20.7,31.5,25.6,52.7,1.56,5.4,10,0,,ok
TH-02046,2026-07-21,A,20.7,31.5,24.1,50.8,2.19,7.0,5,0,,OK
TH-02047,2026-07-21,A,20.7,31.5,26.5,48.2,1.7,5.8,6,0,,OK
TH-02048,2026-07-21,A,20.7,32.4,27.4,53.0,2.29,7.4,10,0,,ok
TH-02049,2026-07-21,A,20.7,32.0,25.4,46.4,1.84,6.6,8,0,,OK
TH-02050,2026-07-21,A,20.7,31.2,26.0,51.7,1.69,7.4,8,0,,OK
TH-02051,2026-07-21,A,20.7,32.1,27.6,47.1,1.38,5.4,5,0,,OK
TH-02052,2026-07-21,A,20.7,31.4,25.7,46.5,1.37,6.0,2,0,,ok
TH-02053,2026-07-21,A,20.7,31.5,25.6,48.1,2.12,7.0,5,0,,OK
TH-02054,2026-07-21,A,20.7,31.8,25.1,50.0,1.76,7.2,6,0,,OK
TH-02061,2026-07-21,A,20.7,33.1,26.2,48.2,1.15,4.2,7,0,,OK
TH-02062,2026-07-21,A,20.7,32.7,26.7,52.9,0.81,3.1,11,0,,OK
TH-02065,2026-07-21,A,20.7,33.2,27.7,50.6,2.0,6.4,9,0,,OK
TH-02068,2026-07-21,A,20.7,32.0,27.0,46.8,1.5,5.0,14,0,,OK
TH-02071,2026-07-21,A,20.7,30.7,23.9,50.7,1.8,7.4,11,0,,OK
TH-02072,2026-07-21,A,20.7,30.5,23.7,48.4,1.34,4.3,11,0,,OK
TH-02073,2026-07-21,A,20.7,32.8,30.9,49.8,1.86,5.2,9,0,E-211,ok
TH-02075,2026-07-21,A,20.7,30.8,24.1,51.8,1.59,5.4,7,0,,OK
TH-02076,2026-07-21,A,20.7,32.2,27.0,51.0,2.0,7.5,9,0,,ok
TH-02077,2026-07-21,A,20.7,31.8,27.2,47.9,0.99,4.2,3,0,,ok
TH-02078,2026-07-21,A,20.7,31.5,25.7,46.5,1.63,7.0,5,0,,ok
TH-02080,2026-07-21,A,20.7,33.1,26.6,52.8,1.22,4.6,9,0,,OK
TH-02081,2026-07-21,A,20.7,32.5,27.2,49.3,2.22,7.1,6,0,,ok
TH-02083,2026-07-21,A,20.7,32.3,26.3,47.8,0.97,3.2,5,0,,ok
TH-02084,2026-07-21,A,20.7,30.8,26.0,50.7,1.63,6.7,7,0,,OK
TH-02086,2026-07-21,A,20.7,31.1,25.6,46.5,0.86,3.0,9,0,,ok
TH-02087,2026-07-21,A,20.7,30.9,25.5,50.5,2.04,6.5,8,0,,OK
TH-02090,2026-07-21,A,20.7,31.4,25.7,49.9,1.88,6.2,8,0,,OK
TH-02091,2026-07-21,A,20.7,33.5,30.5,51.3,2.04,5.8,8,0,E-211,warn
TH-02093,2026-07-21,A,20.7,31.7,26.3,47.4,1.0,3.7,9,0,,ok
TH-02094,2026-07-21,A,20.7,33.3,28.7,47.9,1.58,6.4,10,0,,ok
TH-02097,2026-07-21,A,20.7,31.4,25.6,51.8,1.99,6.7,10,0,,OK
TH-02099,2026-07-21,A,20.7,30.9,26.1,46.3,1.22,3.9,3,0,,OK
TH-02100,2026-07-21,A,20.7,31.0,26.0,46.9,0.82,3.4,6,0,,OK
TH-02101,2026-07-21,A,20.7,32.0,26.5,50.8,0.96,4.1,9,0,,OK
TH-02103,2026-07-21,A,20.7,31.3,24.9,51.7,1.5,5.8,9,0,,OK
TH-02109,2026-07-21,A,20.7,33.3,27.5,52.6,1.66,5.3,10,0,,ok
TH-02111,2026-07-21,A,20.7,31.6,26.5,51.7,2.02,6.7,6,0,,ok
TH-02112,2026-07-21,A,20.7,31.3,24.4,51.0,0.8,3.2,11,0,,ok
TH-02113,2026-07-21,A,20.7,30.6,24.7,48.6,1.66,7.2,11,0,,OK
TH-02120,2026-07-21,A,20.7,33.1,27.4,48.8,1.39,5.2,11,0,,ok
TH-02121,2026-07-21,A,20.7,33.0,26.9,52.9,1.32,5.0,10,0,,ok
TH-02122,2026-07-21,A,20.7,31.6,26.0,51.8,1.17,4.6,10,0,,OK
TH-02124,2026-07-21,A,20.7,32.3,25.5,47.8,1.17,4.9,15,0,,OK
TH-02125,2026-07-21,A,20.7,-999,24.4,47.2,0.95,3.4,15,0,,OK
TH-02126,2026-07-21,A,20.7,30.5,25.1,51.8,2.13,7.0,12,0,,ok
TH-02127,2026-07-21,A,20.7,33.2,26.3,46.9,0.87,3.4,11,0,,ok
TH-02129,2026-07-21,A,20.7,32.3,27.7,47.9,1.23,5.2,10,0,,ok
TH-02130,2026-07-21,A,20.7,31.6,25.7,51.6,1.02,4.2,11,0,,ok
TH-02132,2026-07-21,A,20.7,32.6,29.6,51.4,1.66,4.8,6,0,E-211,ok
TH-02133,2026-07-21,A,20.7,32.0,26.2,49.7,1.78,6.6,6,0,,OK
TH-02134,2026-07-21,A,20.7,31.6,25.5,50.3,1.84,6.6,10,0,,ok
TH-02135,2026-07-21,A,20.7,32.6,27.2,49.9,1.53,4.9,9,0,,ok
TH-02136,2026-07-21,A,20.7,32.3,27.2,47.7,1.59,5.1,12,0,,ok
TH-02137,2026-07-21,A,20.7,32.6,26.9,47.4,1.66,6.8,6,0,,ok
TH-02138,2026-07-21,A,20.7,32.4,27.8,48.0,1.49,5.3,2,0,,OK
TH-02140,2026-07-21,A,20.7,31.3,26.1,47.7,0.8,3.5,11,0,,OK
TH-02143,2026-07-21,B,20.7,,,,17960.7,,9,0,,0
TH-02144,2026-07-21,B,20.7,,,,12985.3,,8,0,6021,0
TH-02146,2026-07-21,B,20.7,,,,24547.3,,5,0,6021,0
TH-02148,2026-07-21,B,20.7,,,,12943.1,,7,0,,0
TH-02149,2026-07-21,B,20.7,,,,8118.8,,8,0,,0
TH-02152,2026-07-21,B,20.7,,,,22563.2,,9,0,6021,0
TH-02153,2026-07-21,B,20.7,,,,19070.4,,10,0,6021,0
TH-02155,2026-07-21,B,20.7,,,,4531.3,,7,0,,0
TH-02158,2026-07-21,B,20.7,,,,7115.9,,15,0,6021,0
TH-02159,2026-07-21,B,20.7,,,,12116.4,,6,0,,0
TH-02162,2026-07-21,B,20.7,,,,14694.6,,4,0,6021,0
TH-02165,2026-07-21,B,20.7,,,,15150.1,,10,0,6021,0
TH-02168,2026-07-21,B,20.7,,,,13691.1,,8,0,,0
TH-02169,2026-07-21,B,20.7,,,,18507.9,,8,0,6021,0
TH-02170,2026-07-21,B,20.7,,,,11491.0,,6,0,6021,0
TH-02171,2026-07-21,B,20.7,,,,14112.6,,9,0,6021,0
TH-02173,2026-07-21,B,20.7,,,,6998.5,,3,0,,0
TH-02180,2026-07-21,B,20.7,,,,11655.3,,6,0,,0
TH-02181,2026-07-21,B,20.7,,,,18787.7,,5,0,6021,0
TH-02182,2026-07-21,B,20.7,31.6,26.5,,21000.8,,31,0,3104,2
TH-02184,2026-07-21,B,20.7,,,,20332.9,,5,0,,0
TH-02185,2026-07-21,B,20.7,,,,25267.7,,6,0,,0
TH-02187,2026-07-21,B,20.7,30.7,24.2,,13664.6,,12,0,,0
TH-02188,2026-07-21,B,20.7,,,,24533.8,,6,0,6021,0
TH-02189,2026-07-21,B,20.7,,,,19401.1,,10,0,,0
TH-02190,2026-07-21,B,20.7,,,,24715.2,,6,0,,0
TH-02192,2026-07-21,B,20.7,,,,23427.5,,8,0,6021,0
TH-02194,2026-07-21,B,20.7,,,,19047.6,,10,0,6021,0
TH-02195,2026-07-21,B,20.7,,,,14874.0,,29,0,3104,2
TH-02196,2026-07-21,B,20.7,,,,25263.0,,14,0,6021,0
TH-02202,2026-07-21,B,20.7,,,,13863.7,,9,0,6021,0
TH-02206,2026-07-21,B,20.7,30.9,25.2,,17440.4,,4,0,,0
TH-02207,2026-07-21,B,20.7,,,,13719.4,,16,0,,0
TH-02214,2026-07-21,B,20.7,,,,9169.8,,6,0,6021,0
TH-02215,2026-07-21,B,20.7,,,,18293.6,,11,0,,0
TH-02216,2026-07-21,B,20.7,,,,17206.6,,5,0,,0
TH-02221,2026-07-21,B,20.7,,,,16240.7,,32,0,,0
TH-02223,2026-07-21,B,20.7,,,,22281.9,,10,0,,0
TH-02224,2026-07-21,B,20.7,,,,8792.8,,7,0,,0
TH-02226,2026-07-21,B,20.7,,,,9782.3,,15,0,,0
TH-02228,2026-07-21,B,20.7,,,,23972.9,,12,0,,0
TH-02230,2026-07-21,B,20.7,,,,25668.0,,9,0,,0
TH-02231,2026-07-21,B,20.7,,,,7618.4,,10,0,,0
TH-02234,2026-07-21,B,20.7,,,,13331.3,,2,0,,0
TH-02235,2026-07-21,B,20.7,,,,22721.8,,9,0,,0
TH-02236,2026-07-21,B,20.7,,,,4275.1,,5,0,6021,0
TH-02238,2026-07-21,B,20.7,,,,7814.9,,8,0,,0
TH-02239,2026-07-21,B,20.7,,,,17252.8,,4,0,,0
TH-02240,2026-07-21,B,20.7,,,,8091.9,,8,0,,0
TH-02242,2026-07-21,B,20.7,,,,14382.8,,7,0,6021,0
TH-02243,2026-07-21,B,20.7,,,,11718.4,,4,0,,0
TH-02244,2026-07-21,B,20.7,,,,16918.0,,8,0,,0
TH-02245,2026-07-21,B,20.7,,,,14975.8,,14,0,6021,0
TH-02246,2026-07-21,B,20.7,,,,15986.5,,14,0,1188,2
TH-02247,2026-07-21,B,20.7,,,,5521.6,,4,0,,0
TH-02248,2026-07-21,B,20.7,,,,23326.1,,5,0,6021,0
TH-02255,2026-07-21,B,20.7,,,,12966.8,,7,0,,0
TH-02256,2026-07-21,B,20.7,,,,7892.7,,10,0,6021,0
TH-02257,2026-07-21,B,20.7,,,,21318.0,,9,0,6021,0
TH-02260,2026-07-21,B,20.7,,,,7376.9,,9,0,,0
TH-02262,2026-07-21,B,20.7,,,,9217.8,,16,0,6021,0
TH-02265,2026-07-21,B,20.7,,,,22634.9,,30,0,,0
TH-02267,2026-07-21,B,20.7,,,,11578.0,,10,0,,0
TH-02268,2026-07-21,B,20.7,,,,23865.3,,4,0,6021,0
TH-02270,2026-07-21,B,20.7,,,,21974.9,,10,0,,0
TH-02271,2026-07-21,B,20.7,,,,4985.7,,6,0,,0
TH-02272,2026-07-21,B,20.7,,,,24892.0,,9,0,6021,0
TH-02273,2026-07-21,B,20.7,,,,19845.9,,9,0,6021,0
TH-02275,2026-07-21,B,20.7,,,,12382.2,,5,0,,0
TH-02277,2026-07-21,B,20.7,,,,17920.4,,7,0,6021,0
TH-02278,2026-07-21,B,20.7,,,,14860.3,,7,0,,0
TH-02281,2026-07-21,B,20.7,,,,4293.6,,8,0,6021,0
TH-02283,2026-07-21,B,20.7,,,,21386.7,,15,0,,0
TH-02285,2026-07-21,B,20.7,,,,12867.5,,9,0,6021,0
TH-02287,2026-07-21,B,20.7,,,,18062.5,,6,0,6021,0
TH-02288,2026-07-21,B,20.7,,,,5467.7,,9,0,,0
TH-02290,2026-07-21,B,20.7,,,,7359.7,,32,0,6021,0
TH-02296,2026-07-21,C,20.7,,,,1.01,,,0,,warn
TH-02297,2026-07-21,C,20.7,,,,1.57,,,0,,warn
TH-02298,2026-07-21,C,20.7,,,38.6,1.07,,,0,ALM_HP_LOWFLOW,warn
TH-02299,2026-07-21,C,20.7,,,,1.1,,,0,,OK
TH-02300,2026-07-21,C,20.7,,,,1.8,,,0,,
TH-02302,2026-07-21,C,20.7,,,,1.38,,,0,,warn
TH-02303,2026-07-21,C,20.7,,,,0.78,,,0,,warn
TH-02307,2026-07-21,C,20.7,,,,1.81,,,0,,OK
TH-02308,2026-07-21,C,20.7,,,,1.89,,,0,,OK
TH-02311,2026-07-21,C,20.7,,,,1.62,,,0,,
TH-02312,2026-07-21,C,20.7,,,,1.45,,,0,ALM_HP_LOWFLOW,OK
TH-02313,2026-07-21,C,20.7,,,,1.36,,,0,,
TH-02316,2026-07-21,C,20.7,,,,1.6,,,0,,
TH-02317,2026-07-21,C,20.7,,,,1.95,,,0,,
TH-02319,2026-07-21,C,20.7,33.0,,,1.29,,,0,,warn
TH-02322,2026-07-21,C,20.7,,,,1.12,,,0,,
TH-02324,2026-07-21,C,20.7,,,49.0,1.71,,,0,,
TH-02334,2026-07-21,C,20.7,,,,1.04,,,0,,warn
TH-02336,2026-07-21,C,20.7,,,,1.83,,,0,,warn
TH-02338,2026-07-21,C,20.7,,,,1.53,,,0,,
TH-02339,2026-07-21,C,20.7,,,,1.43,,,0,,
TH-02340,2026-07-21,C,20.7,,,,0.81,,,0,,warn
TH-02341,2026-07-21,C,20.7,,,,1.46,,,0,,
TH-02342,2026-07-21,C,20.7,,,,1.14,,,0,,OK
TH-02343,2026-07-21,C,20.7,,,,1.11,,,0,,
TH-02344,2026-07-21,C,20.7,,,,1.22,,,0,,OK
TH-02347,2026-07-21,C,20.7,,,,1.33,,,0,,OK
TH-02348,2026-07-21,C,20.7,,,,2.05,,,0,,OK
TH-02351,2026-07-21,C,20.7,32.1,,,1.39,,,0,,warn
TH-02354,2026-07-21,C,20.7,,,,1.75,,,0,,
TH-02355,2026-07-21,C,20.7,,,,1.4,,,0,,warn
TH-02357,2026-07-21,C,20.7,,,,1.49,,,0,,
TH-02360,2026-07-21,C,20.7,,,,1.02,,,0,,
TH-02361,2026-07-21,C,20.7,,,,1.18,,,0,,OK
TH-02363,2026-07-21,C,20.7,,,,0.77,,,0,,warn
TH-02365,2026-07-21,C,20.7,,,,1.04,,,0,,warn
TH-02366,2026-07-21,C,20.7,,,52.6,1.22,,,0,,OK
TH-02367,2026-07-21,C,20.7,,,,1.72,,,0,,
TH-02371,2026-07-21,C,20.7,,,,1.24,,,0,,warn
TH-02375,2026-07-21,C,20.7,,,,1.91,,,0,,
TH-02379,2026-07-21,C,20.7,,,,1.97,,,0,,OK
TH-02380,2026-07-21,C,20.7,,,,0.88,,,0,,OK
TH-02381,2026-07-21,C,20.7,,,,1.98,,,0,,OK
TH-02383,2026-07-21,C,20.7,,,,1.04,,,0,,warn
TH-02385,2026-07-21,C,20.7,,,,1.29,,,0,,warn
TH-02387,2026-07-21,C,20.7,,,,0.95,,,0,,
TH-02388,2026-07-21,C,20.7,,,,1.53,,,0,,
TH-02389,2026-07-21,C,20.7,,,,1.86,,,0,,warn
TH-02393,2026-07-21,C,20.7,,,,1.21,,,0,,OK
TH-02395,2026-07-21,C,20.7,,,,1.27,,,0,ALM_HP_LOWFLOW,warn
TH-02396,2026-07-21,C,20.7,,,,0.78,,,0,,
TH-02398,2026-07-21,C,20.7,,,,1.24,,,0,ALM_HP_LOWFLOW,
TH-02399,2026-07-21,C,20.7,,,,0.96,,,0,,warn
TH-02400,2026-07-21,C,20.7,,,,0.97,,,0,,
TH-90000,2026-07-21,C,20.7,,,,13.01,,,0,,OK
TH-90001,2026-07-21,C,20.7,,,,2.81,,,0,,OK
TH-90002,2026-07-21,C,20.7,,,,3.67,,,0,,OK
TH-90003,2026-07-21,C,20.7,,,,2.78,,,0,,OK
TH-90004,2026-07-21,C,20.7,,,,8.74,,,0,,OK
th-02033,2026-07-21,A,20.7,32.0,26.2,52.1,1.87,6.1,8,0,,OK
th-02074,2026-07-21,A,20.7,30.8,24.7,48.8,1.37,4.5,7,0,,ok
th-02085,2026-07-21,A,20.7,31.1,25.5,46.3,1.5,5.3,9,0,,OK
th-02098,2026-07-21,A,20.7,30.8,25.0,46.9,1.6,6.4,5,0,,OK
th-02141,2026-07-21,B,20.7,,,,17214.0,,13,0,6021,0
th-02145,2026-07-21,B,20.7,,,,4855.9,,9,0,6021,0
th-02176,2026-07-21,B,20.7,,,,5462.3,,3,0,,0
th-02177,2026-07-21,B,20.7,,,,12988.0,,12,0,6021,0
th-02178,2026-07-21,B,20.7,,,,19544.8,,11,0,6021,0
th-02204,2026-07-21,B,20.7,,,,5223.6,,8,0,,0
th-02213,2026-07-21,B,20.7,,,,9366.0,,3,0,,0
th-02249,2026-07-21,B,20.7,,,,6935.4,,5,0,,0
th-02251,2026-07-21,B,20.7,,,,24498.2,,6,0,,0
th-02266,2026-07-21,B,20.7,,,,16155.6,,3,0,,0
th-02279,2026-07-21,B,20.7,,,,21132.1,,6,0,6021,0
th-02286,2026-07-21,B,20.7,,,,7621.6,,10,0,,0
th-02292,2026-07-21,C,20.7,,,,1.12,,,0,,
th-02309,2026-07-21,C,20.7,,,,1.14,,,0,,
th-02314,2026-07-21,C,20.7,,,,1.13,,,0,,OK
th-02333,2026-07-21,C,20.7,,,,0.8,,,0,,OK
th-02335,2026-07-21,C,20.7,,,,0.88,,,0,,warn
th-02337,2026-07-21,C,20.7,,,,1.24,,,0,,
th-02345,2026-07-21,C,20.7,,,,0.83,,,0,,OK
th-02352,2026-07-21,C,20.7,,,,2.15,,,0,,warn
th-02374,2026-07-21,C,20.7,,,,1.36,,,0,,
th-02397,2026-07-21,C,20.7,,,,1.2,,,0,,warn
 TH-02002,2026-07-22,A,22.3,32.3,25.2,48.5,1.89,6.4,5,0,,OK
 TH-02005,2026-07-22,A,22.3,31.8,27.2,48.8,2.17,7.1,10,0,,OK
 TH-02073,2026-07-22,A,22.3,31.2,29.3,51.0,2.49,6.7,4,0,,ok
 TH-02083,2026-07-22,A,22.3,30.7,25.2,49.1,1.19,5.2,10,0,,ok
 TH-02182,2026-07-22,B,22.3,,,,21002.8,,35,0,3104,2
 TH-02194,2026-07-22,B,22.3,,,,19049.3,,12,0,,0
 TH-02216,2026-07-22,B,22.3,,,,17207.3,,9,0,6021,0
 TH-02242,2026-07-22,B,22.3,,,,14383.6,,12,0,6021,0
 TH-02247,2026-07-22,B,22.3,,,,5522.9,,9,0,,0
 TH-02250,2026-07-22,B,22.3,,,,11222.5,,7,0,,0
 TH-02335,2026-07-22,C,22.3,,,,1.53,,,0,ALM_SM_LINK,
 TH-02363,2026-07-22,C,22.3,,,,1.28,,,0,,
 TH-02387,2026-07-22,C,22.3,,,,1.61,,,0,,
TH-02001,2026-07-22,A,22.3,31.1,25.5,46.3,2.38,7.4,13,0,,OK
TH-02004,2026-07-22,A,22.3,32.7,25.4,49.5,1.39,5.8,7,0,,OK
TH-02006,2026-07-22,A,22.3,30.8,28.6,51.4,1.24,3.2,3,0,E-211,warn
TH-02007,2026-07-22,A,22.3,31.5,29.1,48.0,1.45,4.9,3,0,E-211,warn
TH-02008,2026-07-22,A,22.3,31.5,24.9,49.1,1.6,6.4,7,0,,ok
TH-02009,2026-07-22,A,22.3,33.5,27.8,47.9,2.19,6.9,7,0,E-211,OK
TH-02011,2026-07-22,A,22.3,31.8,26.7,47.8,0.89,3.0,4,0,,ok
TH-02012,2026-07-22,A,22.3,31.5,24.5,50.0,1.73,6.9,2,0,,ok
TH-02015,2026-07-22,A,22.3,30.7,23.8,46.7,2.1,6.8,8,0,,ok
TH-02016,2026-07-22,A,22.3,32.9,27.0,47.8,1.01,4.4,8,0,,OK
TH-02017,2026-07-22,A,22.3,31.6,26.5,51.1,1.11,3.7,11,0,,ok
TH-02019,2026-07-22,A,22.3,31.9,25.1,50.4,0.8,3.4,15,0,,OK
TH-02021,2026-07-22,A,22.3,31.5,26.9,46.0,1.01,4.4,13,0,,OK
TH-02025,2026-07-22,A,22.3,32.8,27.9,51.4,1.16,4.5,6,0,,ok
TH-02030,2026-07-22,A,22.3,32.2,26.1,47.2,1.27,5.4,8,0,,OK
TH-02031,2026-07-22,A,22.3,32.1,26.8,47.9,1.67,6.9,10,0,,OK
TH-02033,2026-07-22,A,22.3,31.1,24.3,48.1,1.51,5.0,10,0,,ok
TH-02034,2026-07-22,A,22.3,32.8,25.9,49.1,1.01,4.1,4,0,,OK
TH-02035,2026-07-22,A,22.3,31.4,26.9,48.0,2.18,7.2,7,0,,ok
TH-02036,2026-07-22,A,22.3,31.5,24.1,47.8,2.24,7.1,2,0,,ok
TH-02037,2026-07-22,A,22.3,32.8,26.4,51.7,2.18,6.8,11,0,,OK
TH-02038,2026-07-22,A,22.3,31.3,29.0,48.3,1.73,5.9,5,0,E-211,ok
TH-02040,2026-07-22,A,22.3,32.5,27.7,52.0,1.38,5.8,12,0,E-505,OK
TH-02044,2026-07-22,A,22.3,31.1,26.2,52.1,1.44,5.5,10,0,,ok
TH-02045,2026-07-22,A,22.3,31.9,24.8,47.9,1.33,4.5,12,0,,ok
TH-02046,2026-07-22,A,22.3,32.0,25.2,46.2,1.61,6.6,8,0,,ok
TH-02049,2026-07-22,A,22.3,30.6,23.5,52.5,1.36,5.2,9,0,,OK
TH-02050,2026-07-22,A,22.3,30.7,25.1,48.6,1.05,3.3,9,0,,ok
TH-02051,2026-07-22,A,22.3,31.6,25.0,47.4,1.79,6.9,7,0,,OK
TH-02052,2026-07-22,A,22.3,31.9,26.7,51.0,1.41,6.1,9,0,,OK
TH-02053,2026-07-22,A,22.3,30.7,25.3,47.5,1.58,6.4,8,0,,ok
TH-02054,2026-07-22,A,22.3,31.3,26.4,48.8,1.14,4.8,11,0,,ok
TH-02055,2026-07-22,A,22.3,33.3,27.0,49.0,1.07,4.1,12,0,,OK
TH-02056,2026-07-22,A,22.3,31.7,26.6,50.0,1.18,4.6,8,0,E-104,warn
TH-02061,2026-07-22,A,22.3,31.4,25.9,49.0,1.27,5.4,5,0,,ok
TH-02062,2026-07-22,A,22.3,30.5,23.2,46.4,1.35,4.7,5,0,,OK
TH-02063,2026-07-22,A,22.3,30.9,23.7,48.7,1.71,6.3,6,0,,ok
TH-02065,2026-07-22,A,22.3,31.9,26.9,48.6,1.39,4.8,7,0,,OK
TH-02068,2026-07-22,A,22.3,30.6,24.8,48.1,1.36,5.3,6,0,,ok
TH-02071,2026-07-22,A,22.3,33.4,28.4,51.9,1.15,4.1,4,0,,OK
TH-02072,2026-07-22,A,22.3,30.7,25.6,48.4,0.9,3.4,7,0,,ok
TH-02074,2026-07-22,A,22.3,33.3,27.1,46.6,1.23,5.0,8,0,,ok
TH-02075,2026-07-22,A,22.3,32.6,27.3,46.5,1.48,5.5,10,0,,ok
TH-02076,2026-07-22,A,22.3,-999,24.7,52.0,1.19,4.8,11,0,,OK
TH-02077,2026-07-22,A,22.3,33.4,27.2,52.6,1.16,4.2,8,0,E-505,ok
TH-02078,2026-07-22,A,22.3,31.8,24.4,49.7,0.83,3.6,12,0,,OK
TH-02080,2026-07-22,A,22.3,31.4,25.4,46.8,0.96,3.6,4,0,,OK
TH-02084,2026-07-22,A,22.3,32.1,25.2,50.0,1.2,5.0,7,0,,OK
TH-02085,2026-07-22,A,22.3,33.3,26.8,47.2,1.2,4.1,2,0,,OK
TH-02086,2026-07-22,A,22.3,32.2,26.2,53.0,1.37,5.1,4,0,,OK
TH-02090,2026-07-22,A,22.3,33.2,27.2,51.6,1.26,4.1,9,0,,OK
TH-02093,2026-07-22,A,22.3,31.1,24.3,46.1,1.21,4.0,12,0,,OK
TH-02094,2026-07-22,A,22.3,30.6,24.2,49.4,0.92,3.2,6,0,,ok
TH-02098,2026-07-22,A,22.3,30.7,24.1,52.3,1.59,7.0,5,0,,ok
TH-02099,2026-07-22,A,22.3,31.4,25.0,50.3,1.21,5.3,12,0,,ok
TH-02100,2026-07-22,A,22.3,31.2,25.8,48.8,0.97,3.8,10,0,,ok
TH-02103,2026-07-22,A,22.3,33.3,26.1,48.7,1.76,7.2,2,0,,OK
TH-02109,2026-07-22,A,22.3,33.5,27.0,50.3,1.84,7.1,9,0,,ok
TH-02111,2026-07-22,A,22.3,31.2,24.8,50.1,1.61,6.0,13,0,,ok
TH-02112,2026-07-22,A,22.3,30.7,23.7,50.4,1.03,3.6,6,0,,ok
TH-02113,2026-07-22,A,22.3,31.7,26.9,47.8,1.52,6.6,9,0,,OK
TH-02114,2026-07-22,A,22.3,30.7,25.4,51.4,1.09,4.0,3,0,,ok
TH-02118,2026-07-22,A,22.3,33.0,26.9,50.7,0.95,3.6,3,0,,OK
TH-02120,2026-07-22,A,22.3,32.1,26.8,49.8,1.82,7.3,7,0,,ok
TH-02122,2026-07-22,A,22.3,32.0,25.6,46.2,1.7,6.2,7,0,,ok
TH-02124,2026-07-22,A,22.3,31.3,25.3,46.7,1.21,5.0,6,0,E-211,warn
TH-02126,2026-07-22,A,22.3,33.1,28.0,51.5,1.71,5.7,14,0,,OK
TH-02127,2026-07-22,A,22.3,31.7,24.9,52.9,1.7,6.0,10,0,,ok
TH-02129,2026-07-22,A,22.3,-999,26.1,50.4,1.13,3.9,6,0,,ok
TH-02130,2026-07-22,A,22.3,31.8,24.7,51.2,1.18,4.7,8,0,,OK
TH-02133,2026-07-22,A,22.3,33.3,26.7,48.7,1.46,4.6,7,0,,OK
TH-02134,2026-07-22,A,22.3,31.0,23.6,49.0,0.94,3.4,10,0,,OK
TH-02135,2026-07-22,A,22.3,31.6,24.5,47.0,1.44,6.3,13,0,,OK
TH-02136,2026-07-22,A,22.3,33.4,26.2,50.5,0.97,3.7,4,0,,OK
TH-02137,2026-07-22,A,22.3,32.2,26.3,48.5,2.14,7.5,9,0,,OK
TH-02138,2026-07-22,A,22.3,33.1,27.4,49.1,1.49,5.5,10,0,,ok
TH-02139,2026-07-22,A,22.3,31.1,26.3,52.4,1.01,3.7,13,0,,ok
TH-02140,2026-07-22,A,22.3,31.8,27.0,48.9,1.45,5.2,2,0,,OK
TH-02141,2026-07-22,B,22.3,,,,17215.3,,6,0,6021,0
TH-02143,2026-07-22,B,22.3,,,,17962.3,,10,0,,0
TH-02144,2026-07-22,B,22.3,,,,12986.9,,15,0,,0
TH-02145,2026-07-22,B,22.3,,,,4857.1,,8,0,6021,0
TH-02146,2026-07-22,B,22.3,,,,24548.1,,11,0,,0
TH-02148,2026-07-22,B,22.3,,,,12944.6,,6,0,6021,0
TH-02152,2026-07-22,B,22.3,,,,22564.8,,8,0,,0
TH-02153,2026-07-22,B,22.3,,,,19071.7,,15,0,,0
TH-02155,2026-07-22,B,22.3,,,,4532.4,,11,0,6021,0
TH-02158,2026-07-22,B,22.3,,,,7117.6,,9,0,6021,0
TH-02159,2026-07-22,B,22.3,,,,12117.9,,8,0,,0
TH-02160,2026-07-22,B,22.3,,,,14985.7,,6,0,6021,0
TH-02162,2026-07-22,B,22.3,,,,14696.5,,12,0,6021,0
TH-02166,2026-07-22,B,22.3,,,,17577.4,,10,0,6021,0
TH-02168,2026-07-22,B,22.3,,,,13692.1,,9,0,,0
TH-02169,2026-07-22,B,22.3,,,,18509.7,,7,0,,0
TH-02171,2026-07-22,B,22.3,,,,14114.6,,8,0,,0
TH-02173,2026-07-22,B,22.3,,,,6999.6,,7,0,6021,0
TH-02176,2026-07-22,B,22.3,,,,5463.5,,14,0,6021,0
TH-02177,2026-07-22,B,22.3,,,,12989.8,,8,0,6021,0
TH-02178,2026-07-22,B,22.3,,,,19546.6,,12,0,,0
TH-02180,2026-07-22,B,22.3,,,,11657.0,,6,0,,0
TH-02181,2026-07-22,B,22.3,,,,18789.0,,5,0,,0
TH-02184,2026-07-22,B,22.3,,,,20333.8,,8,0,,0
TH-02187,2026-07-22,B,22.3,,,,13665.8,,12,0,,0
TH-02190,2026-07-22,B,22.3,,,,24716.5,,13,0,6021,0
TH-02192,2026-07-22,B,22.3,,,,23429.3,,7,0,6021,0
TH-02195,2026-07-22,B,22.3,,,,14875.8,,32,0,,0
TH-02196,2026-07-22,B,22.3,,,,25264.5,,13,0,,0
TH-02202,2026-07-22,B,22.3,,,,13864.5,,10,0,,0
TH-02204,2026-07-22,B,22.3,,,,5225.2,,16,0,6021,0
TH-02206,2026-07-22,B,22.3,,,,17441.5,,10,0,6021,0
TH-02207,2026-07-22,B,22.3,,,,13721.2,,11,0,6021,0
TH-02213,2026-07-22,B,22.3,33.5,28.1,,9367.7,,6,0,,0
TH-02214,2026-07-22,B,22.3,,,,9170.6,,12,0,,0
TH-02221,2026-07-22,B,22.3,,,,16242.0,,33,0,6021,0
TH-02223,2026-07-22,B,22.3,,,,22283.1,,9,0,,0
TH-02224,2026-07-22,B,22.3,,,,8794.5,,7,0,,0
TH-02226,2026-07-22,B,22.3,,,,9783.7,,7,0,,0
TH-02228,2026-07-22,B,22.3,,,,23974.2,,11,0,6021,0
TH-02230,2026-07-22,B,22.3,,,,25669.1,,9,0,,0
TH-02235,2026-07-22,B,22.3,,,,22722.9,,7,0,,0
TH-02236,2026-07-22,B,22.3,,,,4276.5,,11,0,,0
TH-02238,2026-07-22,B,22.3,,,,7816.6,,11,0,6021,0
TH-02239,2026-07-22,B,22.3,,,,17254.1,,7,0,6021,0
TH-02240,2026-07-22,B,22.3,,,,8094.0,,4,0,6021,0
TH-02243,2026-07-22,B,22.3,,,,11720.4,,7,0,6021,0
TH-02244,2026-07-22,B,22.3,,,,16918.8,,8,0,,0
TH-02245,2026-07-22,B,22.3,,,,14976.5,,3,0,,0
TH-02246,2026-07-22,B,22.3,,,,15987.9,,8,0,,0
TH-02248,2026-07-22,B,22.3,,,,23327.8,,4,0,6021,0
TH-02249,2026-07-22,B,22.3,,,,6936.3,,8,0,6021,0
TH-02251,2026-07-22,B,22.3,,,,24499.8,,11,0,,0
TH-02255,2026-07-22,B,22.3,,,,12968.2,,6,0,,0
TH-02256,2026-07-22,B,22.3,,,,7893.8,,10,0,6021,0
TH-02257,2026-07-22,B,22.3,,,,21318.8,,7,0,,0
TH-02258,2026-07-22,B,22.3,,,,10392.8,,5,0,6021,0
TH-02259,2026-07-22,B,22.3,,,,12323.8,,6,0,,0
TH-02260,2026-07-22,B,22.3,,,,7379.1,,10,0,,0
TH-02262,2026-07-22,B,22.3,32.1,27.2,,9219.7,,9,0,6021,0
TH-02266,2026-07-22,B,22.3,,,,16156.9,,7,0,,0
TH-02267,2026-07-22,B,22.3,,,,11579.7,,5,0,6021,0
TH-02268,2026-07-22,B,22.3,,,,23866.5,,12,0,,0
TH-02269,2026-07-22,B,22.3,,,,12436.1,,8,0,6021,0
TH-02270,2026-07-22,B,22.3,,,,21976.7,,7,0,,0
TH-02271,2026-07-22,B,22.3,,,,4987.8,,11,0,6021,0
TH-02272,2026-07-22,B,22.3,,,,24893.8,,12,0,,0
TH-02273,2026-07-22,B,22.3,,,,19847.2,,12,0,,0
TH-02277,2026-07-22,B,22.3,30.6,24.3,,17922.1,,10,0,,0
TH-02278,2026-07-22,B,22.3,,,,14861.7,,7,0,6021,0
TH-02279,2026-07-22,B,22.3,,,,21133.4,,8,0,6021,0
TH-02281,2026-07-22,B,22.3,,,,4294.7,,8,0,6021,0
TH-02285,2026-07-22,B,22.3,,,,12868.8,,10,0,,0
TH-02286,2026-07-22,B,22.3,,,,7623.3,,9,0,,0
TH-02287,2026-07-22,B,22.3,,,,18063.4,,9,0,6021,0
TH-02288,2026-07-22,B,22.3,,,,5469.4,,13,0,,0
TH-02290,2026-07-22,B,22.3,,,,7362.6,,29,0,,0
TH-02292,2026-07-22,C,22.3,,,,1.17,,,0,,OK
TH-02294,2026-07-22,C,22.3,31.9,,46.2,1.91,,,0,,warn
TH-02296,2026-07-22,C,22.3,,,,0.81,,,0,,warn
TH-02297,2026-07-22,C,22.3,,,,1.39,,,0,,warn
TH-02298,2026-07-22,C,22.3,,,,0.78,,,0,ALM_HP_LOWFLOW,
TH-02299,2026-07-22,C,22.3,,,,1.68,,,0,ALM_SM_LINK,warn
TH-02300,2026-07-22,C,22.3,,,,0.93,,,0,,warn
TH-02302,2026-07-22,C,22.3,,,,1.77,,,0,,
TH-02307,2026-07-22,C,22.3,,,,1.22,,,0,,OK
TH-02308,2026-07-22,C,22.3,,,,1.86,,,0,,warn
TH-02309,2026-07-22,C,22.3,,,,1.14,,,0,,warn
TH-02311,2026-07-22,C,22.3,,,,1.93,,,0,,
TH-02312,2026-07-22,C,22.3,,,,1.17,,,0,ALM_HP_LOWFLOW,
TH-02313,2026-07-22,C,22.3,,,,1.58,,,0,,warn
TH-02314,2026-07-22,C,22.3,,,,1.75,,,0,,OK
TH-02317,2026-07-22,C,22.3,,,,1.76,,,0,ALM_HP_HP_SWITCH,OK
TH-02319,2026-07-22,C,22.3,,,,0.82,,,0,,warn
TH-02322,2026-07-22,C,22.3,,,52.5,0.94,,,0,,
TH-02323,2026-07-22,C,22.3,,,,1.29,,,0,,
TH-02324,2026-07-22,C,22.3,,,,1.81,,,0,,warn
TH-02331,2026-07-22,C,22.3,,,,1.76,,,0,,warn
TH-02333,2026-07-22,C,22.3,,,,1.23,,,0,,OK
TH-02334,2026-07-22,C,22.3,,,,1.4,,,0,,
TH-02336,2026-07-22,C,22.3,,,,1.87,,,0,,
TH-02337,2026-07-22,C,22.3,,,,1.84,,,0,,warn
TH-02338,2026-07-22,C,22.3,31.7,,,1.06,,,0,,OK
TH-02339,2026-07-22,C,22.3,,,,1.92,,,0,,
TH-02340,2026-07-22,C,22.3,,,,1.72,,,0,,OK
TH-02341,2026-07-22,C,22.3,,,,1.27,,,0,,OK
TH-02342,2026-07-22,C,22.3,,,,1.5,,,0,,OK
TH-02344,2026-07-22,C,22.3,,,,1.46,,,0,,OK
TH-02345,2026-07-22,C,22.3,,,,1.64,,,0,,OK
TH-02346,2026-07-22,C,22.3,,,,1.51,,,0,,OK
TH-02347,2026-07-22,C,22.3,,,,1.74,,,0,,warn
TH-02348,2026-07-22,C,22.3,,,,0.95,,,0,,warn
TH-02351,2026-07-22,C,22.3,,,49.6,1.49,,,0,,
TH-02352,2026-07-22,C,22.3,,,,1.54,,,0,,
TH-02354,2026-07-22,C,22.3,,,,2.08,,,0,,warn
TH-02358,2026-07-22,C,22.3,,,,1.1,,,0,ALM_HP_HP_SWITCH,OK
TH-02359,2026-07-22,C,22.3,,,50.9,1.15,,,0,,OK
TH-02360,2026-07-22,C,22.3,,,48.4,1.23,,,0,,OK
TH-02361,2026-07-22,C,22.3,,,,1.48,,,0,,
TH-02365,2026-07-22,C,22.3,,,,1.67,,,0,,OK
TH-02366,2026-07-22,C,22.3,,,,1.99,,,0,,
TH-02367,2026-07-22,C,22.3,,,,1.13,,,0,,
TH-02375,2026-07-22,C,22.3,,,,1.09,,,0,,
TH-02377,2026-07-22,C,22.3,,,,1.34,,,0,,warn
TH-02379,2026-07-22,C,22.3,,,,2.11,,,0,,
TH-02381,2026-07-22,C,22.3,,,,1.15,,,0,,warn
TH-02384,2026-07-22,C,22.3,,,,1.64,,,0,,warn
TH-02385,2026-07-22,C,22.3,,,,1.93,,,0,,
TH-02388,2026-07-22,C,22.3,,,,0.93,,,0,,warn
TH-02389,2026-07-22,C,22.3,,,46.3,1.64,,,0,,
TH-02393,2026-07-22,C,22.3,,,,1.71,,,0,,OK
TH-02395,2026-07-22,C,22.3,32.7,,,1.0,,,0,ALM_HP_LOWFLOW,warn
TH-02396,2026-07-22,C,22.3,,,,1.04,,,0,,warn
TH-02397,2026-07-22,C,22.3,,,,1.45,,,0,,OK
TH-02399,2026-07-22,C,22.3,,,,0.86,,,0,,warn
TH-02400,2026-07-22,C,22.3,,,,1.18,,,0,,warn
th-02020,2026-07-22,A,22.3,32.9,28.3,46.2,2.08,7.2,12,0,,OK
th-02028,2026-07-22,A,22.3,30.5,23.8,52.2,1.81,6.5,8,0,,ok
th-02032,2026-07-22,A,22.3,32.9,25.4,52.7,1.0,3.7,6,0,,OK
th-02048,2026-07-22,A,22.3,32.1,26.5,49.2,0.73,3.0,10,0,,OK
th-02081,2026-07-22,A,22.3,32.1,25.7,47.9,1.35,5.1,9,0,,ok
th-02087,2026-07-22,A,22.3,32.4,26.8,48.9,0.71,3.1,10,0,,ok
th-02091,2026-07-22,A,22.3,32.0,30.0,47.5,2.05,5.7,9,0,,OK
th-02097,2026-07-22,A,22.3,32.1,26.7,0,1.49,5.0,4,0,,ok
th-02101,2026-07-22,A,22.3,31.6,25.1,47.0,1.03,3.8,10,0,,OK
th-02121,2026-07-22,A,22.3,30.7,23.4,47.8,1.4,6.1,6,0,,OK
th-02132,2026-07-22,A,22.3,32.5,30.4,49.7,2.21,7.0,8,0,E-211,ok
th-02149,2026-07-22,B,22.3,,,,8119.8,,8,0,6021,0
th-02165,2026-07-22,B,22.3,,,,15151.2,,5,0,,0
th-02170,2026-07-22,B,22.3,,,,11492.9,,5,0,6021,0
th-02175,2026-07-22,B,22.3,,,,12098.4,,14,0,6021,0
th-02185,2026-07-22,B,22.3,,,,25268.7,,8,0,,0
th-02188,2026-07-22,B,22.3,,,,24535.8,,6,0,,0
th-02189,2026-07-22,B,22.3,,,,19402.4,,6,0,,0
th-02231,2026-07-22,B,22.3,,,,7619.3,,6,0,,0
th-02234,2026-07-22,B,22.3,,,,13333.5,,11,0,,0
th-02265,2026-07-22,B,22.3,,,,22635.8,,31,0,3104,2
th-02283,2026-07-22,B,22.3,,,,21388.4,,7,0,6021,0
th-02303,2026-07-22,C,22.3,,,,1.93,,,0,,OK
th-02316,2026-07-22,C,22.3,,,,1.15,,,0,,
th-02343,2026-07-22,C,22.3,,,0,1.49,,,0,,warn
th-02355,2026-07-22,C,22.3,,,,1.9,,,0,,
th-02357,2026-07-22,C,22.3,,,,1.63,,,0,,warn
th-02371,2026-07-22,C,22.3,,,,1.08,,,0,,warn
th-02374,2026-07-22,C,22.3,,,,1.23,,,0,,warn
th-02380,2026-07-22,C,22.3,31.0,,,0.93,,,0,,
th-02383,2026-07-22,C,22.3,,,,1.76,,,0,,OK
th-02398,2026-07-22,C,22.3,,,,0.96,,,0,ALM_HP_LOWFLOW,warn
 TH-02120,2026-07-23,A,21.2,31.3,25.1,47.2,1.41,5.9,8,0,,ok
 TH-02122,2026-07-23,A,21.2,31.9,25.6,46.4,1.8,5.9,8,0,E-104,OK
 TH-02138,2026-07-23,A,21.2,32.1,26.9,50.3,1.31,4.5,2,0,E-317,warn
 TH-02155,2026-07-23,B,21.2,,,,4533.5,,11,0,,0
 TH-02158,2026-07-23,B,21.2,,,,7119.4,,5,0,6021,0
 TH-02165,2026-07-23,B,21.2,,,,15153.1,,4,0,,0
 TH-02169,2026-07-23,B,21.2,,,,18510.8,,8,0,6021,0
 TH-02178,2026-07-23,B,21.2,,,,19547.8,,11,0,6021,0
 TH-02202,2026-07-23,B,21.2,,,,13865.8,,5,0,6021,0
 TH-02204,2026-07-23,B,21.2,,,,5226.6,,10,0,,0
 TH-02214,2026-07-23,B,21.2,,,,9171.9,,7,0,,0
 TH-02221,2026-07-23,B,21.2,,,,16244.4,,32,0,3104,2
 TH-02268,2026-07-23,B,21.2,,,,23867.4,,12,0,,0
 TH-02271,2026-07-23,B,21.2,,,,4988.9,,6,0,3104,2
 TH-02286,2026-07-23,B,21.2,,,,7625.2,,12,0,,0
 TH-02333,2026-07-23,C,21.2,,,,1.14,,,0,,OK
 TH-02352,2026-07-23,C,21.2,,,,1.49,,,0,,OK
 TH-02358,2026-07-23,C,21.2,,,,0.75,,,0,,
TH-02001,2026-07-23,A,21.2,32.1,25.4,49.1,1.23,5.3,7,0,,OK
TH-02002,2026-07-23,A,21.2,33.2,27.8,46.7,1.19,4.8,3,0,,OK
TH-02004,2026-07-23,A,21.2,31.0,24.0,46.5,1.49,6.4,6,0,,ok
TH-02005,2026-07-23,A,21.2,33.5,27.5,50.9,1.58,4.9,9,0,,ok
TH-02007,2026-07-23,A,21.2,33.4,31.5,52.5,1.14,3.8,6,0,E-211,ok
TH-02008,2026-07-23,A,21.2,31.7,27.2,46.7,1.4,5.5,11,0,,ok
TH-02009,2026-07-23,A,21.2,31.9,26.8,51.3,1.97,7.4,7,0,,ok
TH-02011,2026-07-23,A,21.2,30.5,23.1,47.9,0.99,3.9,5,0,,ok
TH-02012,2026-07-23,A,21.2,31.8,26.8,49.0,1.56,5.7,11,0,,ok
TH-02015,2026-07-23,A,21.2,31.4,25.1,52.1,0.91,3.0,14,0,,OK
TH-02016,2026-07-23,A,21.2,33.2,27.2,46.3,1.57,6.3,7,0,,ok
TH-02017,2026-07-23,A,21.2,32.7,25.8,51.9,1.04,4.3,13,0,,OK
TH-02019,2026-07-23,A,21.2,30.7,25.8,49.7,0.72,3.1,8,0,,ok
TH-02020,2026-07-23,A,21.2,30.6,24.5,48.6,1.5,5.5,12,0,E-104,OK
TH-02021,2026-07-23,A,21.2,31.7,25.2,49.3,1.09,4.2,7,0,,ok
TH-02025,2026-07-23,A,21.2,32.0,25.8,51.2,1.09,4.5,10,0,,OK
TH-02028,2026-07-23,A,21.2,32.6,27.6,46.4,0.89,3.3,14,0,,OK
TH-02030,2026-07-23,A,21.2,31.7,25.9,48.4,1.38,4.8,10,0,,OK
TH-02032,2026-07-23,A,21.2,32.4,25.6,47.7,1.84,6.4,7,0,,OK
TH-02034,2026-07-23,A,21.2,33.2,26.3,47.9,1.99,6.4,5,0,,OK
TH-02035,2026-07-23,A,21.2,31.4,25.4,47.9,0.73,3.2,9,0,,ok
TH-02036,2026-07-23,A,21.2,32.3,27.7,47.1,0.81,3.1,9,0,,ok
TH-02037,2026-07-23,A,21.2,30.5,24.6,48.0,1.33,4.3,11,0,,ok
TH-02038,2026-07-23,A,21.2,31.4,29.1,49.2,2.71,6.6,9,0,,ok
TH-02040,2026-07-23,A,21.2,31.7,26.8,52.5,0.86,3.3,4,0,,ok
TH-02044,2026-07-23,A,21.2,31.7,27.1,52.8,1.64,7.1,11,0,,ok
TH-02045,2026-07-23,A,21.2,32.8,26.3,52.3,0.95,3.8,10,0,,OK
TH-02046,2026-07-23,A,21.2,32.9,25.5,52.3,1.37,4.8,7,0,,OK
TH-02047,2026-07-23,A,21.2,31.9,27.3,50.8,1.59,6.3,7,0,,ok
TH-02049,2026-07-23,A,21.2,33.1,27.4,48.3,1.45,4.8,14,0,,ok
TH-02050,2026-07-23,A,21.2,32.6,27.7,52.5,1.56,6.5,8,0,,OK
TH-02052,2026-07-23,A,21.2,32.1,25.9,51.4,1.9,6.4,8,0,,ok
TH-02053,2026-07-23,A,21.2,31.9,27.2,47.5,1.29,4.5,7,0,,ok
TH-02054,2026-07-23,A,21.2,32.0,24.9,52.0,1.79,6.3,5,0,,ok
TH-02055,2026-07-23,A,21.2,32.2,25.8,52.3,1.32,4.8,6,0,,OK
TH-02056,2026-07-23,A,21.2,32.2,26.4,46.4,1.65,5.7,11,0,,ok
TH-02061,2026-07-23,A,21.2,31.7,26.0,49.2,0.89,3.4,10,0,,ok
TH-02062,2026-07-23,A,21.2,33.4,26.0,49.0,1.61,6.0,11,0,,ok
TH-02063,2026-07-23,A,21.2,30.6,23.8,49.0,1.42,4.8,5,0,,ok
TH-02065,2026-07-23,A,21.2,30.9,25.0,52.6,1.1,3.5,6,0,,OK
TH-02071,2026-07-23,A,21.2,33.0,26.5,51.7,1.17,4.1,10,0,,ok
TH-02073,2026-07-23,A,21.2,32.0,30.1,46.8,0.97,3.1,6,0,E-211,OK
TH-02075,2026-07-23,A,21.2,31.2,25.2,46.4,1.22,4.7,3,0,,OK
TH-02076,2026-07-23,A,21.2,33.0,26.6,46.5,1.66,7.1,5,0,,OK
TH-02077,2026-07-23,A,21.2,31.1,25.2,51.7,0.89,3.5,9,0,,ok
TH-02078,2026-07-23,A,21.2,33.5,27.2,49.1,0.99,3.2,14,0,,OK
TH-02081,2026-07-23,A,21.2,31.4,24.9,52.4,1.85,7.3,2,0,,OK
TH-02083,2026-07-23,A,21.2,32.0,26.0,48.6,1.02,3.6,13,0,,OK
TH-02084,2026-07-23,A,21.2,31.6,24.2,50.6,1.0,4.0,7,0,,OK
TH-02085,2026-07-23,A,21.2,30.5,23.8,46.4,1.29,4.2,14,0,,OK
TH-02086,2026-07-23,A,21.2,32.2,27.5,49.3,1.62,5.6,11,0,E-317,warn
TH-02087,2026-07-23,A,21.2,31.1,25.6,46.3,2.02,6.7,13,0,,ok
TH-02090,2026-07-23,A,21.2,30.6,25.6,47.5,1.75,6.9,13,0,,OK
TH-02091,2026-07-23,A,21.2,31.1,28.6,47.8,1.38,3.3,13,0,,ok
TH-02093,2026-07-23,A,21.2,30.6,23.1,48.2,1.14,4.4,8,0,,ok
TH-02094,2026-07-23,A,21.2,31.1,25.8,51.9,1.68,7.4,4,0,,OK
TH-02098,2026-07-23,A,21.2,30.6,24.2,50.7,1.7,6.5,12,0,,OK
TH-02099,2026-07-23,A,21.2,31.6,24.2,48.9,1.54,5.1,6,0,,OK
TH-02100,2026-07-23,A,21.2,33.4,26.9,51.7,2.28,7.3,9,0,,ok
TH-02101,2026-07-23,A,21.2,32.0,24.6,50.0,0.72,3.1,5,0,,ok
TH-02103,2026-07-23,A,21.2,31.1,25.1,50.6,1.11,4.1,6,0,,OK
TH-02109,2026-07-23,A,21.2,32.9,27.7,47.9,1.28,5.1,9,0,,ok
TH-02111,2026-07-23,A,21.2,32.6,26.0,46.7,1.73,5.4,8,0,,OK
TH-02112,2026-07-23,A,21.2,30.7,23.9,49.6,1.38,5.4,9,0,,OK
TH-02114,2026-07-23,A,21.2,30.7,24.4,47.8,1.3,5.4,12,0,,OK
TH-02118,2026-07-23,A,21.2,31.8,26.9,49.4,2.02,7.0,8,0,,ok
TH-02121,2026-07-23,A,21.2,31.0,25.4,51.9,1.84,5.8,10,0,,ok
TH-02124,2026-07-23,A,21.2,31.2,24.7,50.8,1.1,4.8,7,0,,OK
TH-02126,2026-07-23,A,21.2,32.2,27.2,48.5,2.01,7.0,3,0,,OK
TH-02127,2026-07-23,A,21.2,32.8,26.8,47.2,1.31,5.5,10,0,,OK
TH-02130,2026-07-23,A,21.2,30.8,25.6,46.8,1.35,5.4,10,0,,OK
TH-02132,2026-07-23,A,21.2,31.6,29.1,52.3,1.39,4.4,13,0,,OK
TH-02134,2026-07-23,A,21.2,32.6,27.0,48.2,2.01,6.7,8,0,,OK
TH-02135,2026-07-23,A,21.2,30.5,24.4,47.1,1.69,6.7,12,0,,OK
TH-02136,2026-07-23,A,21.2,31.0,24.2,51.3,1.63,6.1,4,0,,ok
TH-02137,2026-07-23,A,21.2,33.3,27.7,46.3,1.54,5.2,4,0,,ok
TH-02139,2026-07-23,A,21.2,31.7,26.5,46.6,1.46,4.9,6,0,,ok
TH-02140,2026-07-23,A,21.2,32.9,27.1,48.9,1.11,4.6,7,0,,OK
TH-02141,2026-07-23,B,21.2,,,,17217.4,,5,0,6021,0
TH-02146,2026-07-23,B,21.2,,,,24549.3,,5,0,6021,0
TH-02148,2026-07-23,B,21.2,,,,12945.5,,8,0,,0
TH-02149,2026-07-23,B,21.2,32.0,25.9,,8121.2,,12,0,,0
TH-02152,2026-07-23,B,21.2,,,,22566.3,,8,0,6021,0
TH-02153,2026-07-23,B,21.2,,,,19072.4,,2,0,,0
TH-02159,2026-07-23,B,21.2,,,,12119.1,,7,0,,0
TH-02160,2026-07-23,B,21.2,,,,14987.1,,7,0,,0
TH-02161,2026-07-23,B,21.2,,,,8327.4,,5,0,6021,0
TH-02166,2026-07-23,B,21.2,,,,17578.8,,16,0,6021,0
TH-02168,2026-07-23,B,21.2,,,,13694.0,,10,0,6021,0
TH-02170,2026-07-23,B,21.2,,,,11494.5,,5,0,,0
TH-02171,2026-07-23,B,21.2,,,,14116.1,,8,0,6021,0
TH-02173,2026-07-23,B,21.2,,,,7001.4,,6,0,6021,0
TH-02175,2026-07-23,B,21.2,,,,12099.4,,10,0,,0
TH-02176,2026-07-23,B,21.2,,,,5464.8,,6,0,,0
TH-02177,2026-07-23,B,21.2,,,,12991.4,,8,0,6021,0
TH-02180,2026-07-23,B,21.2,,,,11658.3,,11,0,,0
TH-02181,2026-07-23,B,21.2,,,,18790.2,,13,0,6021,0
TH-02182,2026-07-23,B,21.2,,,,21003.8,,32,0,,0
TH-02184,2026-07-23,B,21.2,,,,20335.0,,12,0,6021,0
TH-02185,2026-07-23,B,21.2,,,,25270.5,,6,0,6021,0
TH-02187,2026-07-23,B,21.2,,,,13667.1,,11,0,,0
TH-02188,2026-07-23,B,21.2,,,,24537.2,,11,0,6021,0
TH-02189,2026-07-23,B,21.2,,,,19404.3,,9,0,,0
TH-02192,2026-07-23,B,21.2,,,,23430.4,,8,0,,0
TH-02194,2026-07-23,B,21.2,,,,19050.3,,8,0,6021,0
TH-02195,2026-07-23,B,21.2,,,,14877.2,,36,0,,0
TH-02196,2026-07-23,B,21.2,,,,25266.5,,8,0,6021,0
TH-02206,2026-07-23,B,21.2,,,,17443.2,,10,0,,0
TH-02207,2026-07-23,B,21.2,,,,13722.9,,7,0,,0
TH-02216,2026-07-23,B,21.2,,,,17209.2,,6,0,3104,2
TH-02223,2026-07-23,B,21.2,,,,22284.1,,7,0,6021,0
TH-02226,2026-07-23,B,21.2,,,,9785.7,,12,0,,0
TH-02228,2026-07-23,B,21.2,,,,23975.0,,5,0,6021,0
TH-02230,2026-07-23,B,21.2,,,,25670.6,,11,0,6021,0
TH-02231,2026-07-23,B,21.2,,,,7621.0,,8,0,,0
TH-02234,2026-07-23,B,21.2,,,,13335.0,,8,0,6021,0
TH-02235,2026-07-23,B,21.2,,,,22724.2,,11,0,6021,0
TH-02236,2026-07-23,B,21.2,,,,4278.4,,7,0,6021,0
TH-02238,2026-07-23,B,21.2,,,,7818.0,,5,0,,0
TH-02239,2026-07-23,B,21.2,,,,17255.4,,6,0,,0
TH-02240,2026-07-23,B,21.2,33.1,27.7,,8094.9,,7,0,6021,0
TH-02244,2026-07-23,B,21.2,,,,16919.8,,9,0,,0
TH-02245,2026-07-23,B,21.2,,,,14978.8,,6,0,,0
TH-02246,2026-07-23,B,21.2,,,,15988.9,,8,0,6021,0
TH-02247,2026-07-23,B,21.2,,,,5523.8,,9,0,6021,0
TH-02248,2026-07-23,B,21.2,,,,23328.8,,4,0,6021,0
TH-02250,2026-07-23,B,21.2,,,,11223.5,,9,0,,0
TH-02251,2026-07-23,B,21.2,,,,24501.7,,17,0,6021,0
TH-02256,2026-07-23,B,21.2,,,,7894.7,,10,0,6021,0
TH-02257,2026-07-23,B,21.2,,,,21320.7,,7,0,,0
TH-02258,2026-07-23,B,21.2,,,,10393.8,,13,0,,0
TH-02259,2026-07-23,B,21.2,,,,12325.3,,3,0,6021,0
TH-02260,2026-07-23,B,21.2,,,,7380.7,,10,0,6021,0
TH-02262,2026-07-23,B,21.2,,,,9220.5,,9,0,,0
TH-02265,2026-07-23,B,21.2,,,,22637.3,,34,0,6021,0
TH-02266,2026-07-23,B,21.2,,,,16158.2,,9,0,6021,0
TH-02267,2026-07-23,B,21.2,,,,11581.7,,15,0,6021,0
TH-02269,2026-07-23,B,21.2,,,,12437.3,,15,0,6021,0
TH-02270,2026-07-23,B,21.2,,,,21978.4,,10,0,,0
TH-02272,2026-07-23,B,21.2,,,,24894.6,,10,0,6021,0
TH-02273,2026-07-23,B,21.2,31.6,24.5,,19848.7,,5,0,,0
TH-02275,2026-07-23,B,21.2,,,,12383.4,,3,0,,0
TH-02277,2026-07-23,B,21.2,,,,17923.3,,11,0,6021,0
TH-02278,2026-07-23,B,21.2,,,,14863.4,,9,0,,0
TH-02281,2026-07-23,B,21.2,,,,4295.5,,8,0,,0
TH-02283,2026-07-23,B,21.2,,,,21389.8,,12,0,6021,0
TH-02285,2026-07-23,B,21.2,,,,12869.6,,6,0,6021,0
TH-02287,2026-07-23,B,21.2,,,,18065.0,,9,0,,0
TH-02290,2026-07-23,B,21.2,,,,7363.6,,34,0,3104,2
TH-02292,2026-07-23,C,21.2,,,,1.81,,,0,,warn
TH-02297,2026-07-23,C,21.2,,,,1.73,,,0,,OK
TH-02298,2026-07-23,C,21.2,,,,1.63,,,0,ALM_HP_LOWFLOW,
TH-02299,2026-07-23,C,21.2,,,,1.19,,,0,,
TH-02300,2026-07-23,C,21.2,,,,1.44,,,0,,warn
TH-02302,2026-07-23,C,21.2,,,,1.15,,,0,,warn
TH-02303,2026-07-23,C,21.2,,,,1.6,,,0,,OK
TH-02307,2026-07-23,C,21.2,,,,1.27,,,0,,OK
TH-02309,2026-07-23,C,21.2,,,0,1.07,,,0,,
TH-02311,2026-07-23,C,21.2,,,,1.15,,,0,,
TH-02313,2026-07-23,C,21.2,,,,1.01,,,0,,warn
TH-02314,2026-07-23,C,21.2,,,,1.5,,,0,,OK
TH-02316,2026-07-23,C,21.2,,,,1.11,,,0,,OK
TH-02317,2026-07-23,C,21.2,,,,0.91,,,0,,OK
TH-02319,2026-07-23,C,21.2,,,,1.44,,,0,,warn
TH-02322,2026-07-23,C,21.2,33.1,,,0.93,,,0,,OK
TH-02323,2026-07-23,C,21.2,,,,0.87,,,0,,warn
TH-02324,2026-07-23,C,21.2,,,,2.03,,,0,,OK
TH-02331,2026-07-23,C,21.2,,,,2.24,,,0,,OK
TH-02334,2026-07-23,C,21.2,,,47.3,0.93,,,0,,
TH-02335,2026-07-23,C,21.2,,,,1.78,,,0,,
TH-02336,2026-07-23,C,21.2,,,,1.15,,,0,,OK
TH-02337,2026-07-23,C,21.2,,,,1.47,,,0,,OK
TH-02338,2026-07-23,C,21.2,,,,1.47,,,0,,OK
TH-02339,2026-07-23,C,21.2,,,,1.1,,,0,,
TH-02340,2026-07-23,C,21.2,,,48.0,0.9,,,0,,OK
TH-02341,2026-07-23,C,21.2,,,,2.21,,,0,,warn
TH-02342,2026-07-23,C,21.2,,,,1.19,,,0,,warn
TH-02343,2026-07-23,C,21.2,,,,2.1,,,0,,OK
TH-02344,2026-07-23,C,21.2,,,,1.95,,,0,,
TH-02345,2026-07-23,C,21.2,,,,1.55,,,0,,OK
TH-02346,2026-07-23,C,21.2,,,,1.9,,,0,,OK
TH-02347,2026-07-23,C,21.2,,,,1.17,,,0,,OK
TH-02348,2026-07-23,C,21.2,,,,1.23,,,0,,warn
TH-02351,2026-07-23,C,21.2,,,49.6,1.41,,,0,,
TH-02354,2026-07-23,C,21.2,,,,1.02,,,0,,
TH-02355,2026-07-23,C,21.2,,,,1.3,,,0,,warn
TH-02359,2026-07-23,C,21.2,,,,2.19,,,0,,OK
TH-02360,2026-07-23,C,21.2,,,,1.29,,,0,,warn
TH-02361,2026-07-23,C,21.2,,,,2.1,,,0,,
TH-02363,2026-07-23,C,21.2,,,,1.4,,,0,,OK
TH-02365,2026-07-23,C,21.2,,,,1.53,,,0,,warn
TH-02366,2026-07-23,C,21.2,,,,1.35,,,0,,
TH-02367,2026-07-23,C,21.2,,,,0.91,,,0,,OK
TH-02371,2026-07-23,C,21.2,,,,1.86,,,0,,
TH-02375,2026-07-23,C,21.2,,,,1.71,,,0,,OK
TH-02377,2026-07-23,C,21.2,,,,1.52,,,0,,warn
TH-02379,2026-07-23,C,21.2,,,,1.45,,,0,,
TH-02380,2026-07-23,C,21.2,,,,1.01,,,0,,OK
TH-02381,2026-07-23,C,21.2,,,,0.87,,,0,,warn
TH-02383,2026-07-23,C,21.2,,,,1.45,,,0,,OK
TH-02384,2026-07-23,C,21.2,,,,1.34,,,0,,
TH-02385,2026-07-23,C,21.2,,,,1.66,,,0,,warn
TH-02387,2026-07-23,C,21.2,,,,1.71,,,0,,warn
TH-02388,2026-07-23,C,21.2,,,,1.74,,,0,,
TH-02389,2026-07-23,C,21.2,,,,1.01,,,0,,warn
TH-02393,2026-07-23,C,21.2,,,,1.56,,,0,,OK
TH-02395,2026-07-23,C,21.2,,,,1.38,,,0,ALM_HP_LOWFLOW,
TH-02396,2026-07-23,C,21.2,,,,1.35,,,0,,
TH-02397,2026-07-23,C,21.2,,,,1.31,,,0,,OK
TH-02398,2026-07-23,C,21.2,,,,1.17,,,0,ALM_HP_LOWFLOW,warn
TH-02399,2026-07-23,C,21.2,,,,1.45,,,0,,warn
TH-02400,2026-07-23,C,21.2,,,,1.93,,,0,,warn
TH-90000,2026-07-23,C,21.2,,,,6.34,,,0,,OK
TH-90001,2026-07-23,C,21.2,,,,5.75,,,0,,OK
TH-90002,2026-07-23,C,21.2,,,,12.12,,,0,,OK
TH-90003,2026-07-23,C,21.2,,,,7.91,,,0,,OK
TH-90004,2026-07-23,C,21.2,,,,8.77,,,0,,OK
th-02006,2026-07-23,A,21.2,32.2,30.4,48.9,1.19,3.6,13,0,,ok
th-02033,2026-07-23,A,21.2,31.4,26.3,50.2,1.31,4.7,7,0,,ok
th-02051,2026-07-23,A,21.2,31.6,25.5,47.8,2.1,6.6,11,0,,OK
th-02068,2026-07-23,A,21.2,33.3,26.4,50.9,1.61,5.5,10,0,,ok
th-02072,2026-07-23,A,21.2,30.9,24.3,47.7,1.28,4.6,8,0,,OK
th-02080,2026-07-23,A,21.2,31.5,24.8,50.1,1.5,6.1,13,0,,ok
th-02095,2026-07-23,A,21.2,32.9,28.3,51.0,1.8,6.0,11,0,,OK
th-02097,2026-07-23,A,21.2,31.6,26.1,49.6,0.97,3.3,9,0,,OK
th-02113,2026-07-23,A,21.2,32.0,25.6,46.4,1.27,5.0,4,0,,ok
th-02125,2026-07-23,A,21.2,33.4,26.7,48.9,1.66,7.2,14,0,,ok
th-02129,2026-07-23,A,21.2,30.8,23.3,47.0,1.69,6.0,12,0,,ok
th-02133,2026-07-23,A,21.2,31.8,25.0,51.2,1.23,4.9,10,0,,OK
th-02144,2026-07-23,B,21.2,,,,12988.4,,14,0,,0
th-02162,2026-07-23,B,21.2,,,,14697.4,,9,0,,0
th-02190,2026-07-23,B,21.2,,,,24717.9,,6,0,6021,0
th-02213,2026-07-23,B,21.2,,,,9369.3,,8,0,6021,0
th-02215,2026-07-23,B,21.2,,,,18294.5,,13,0,,0
th-02224,2026-07-23,B,21.2,,,,8795.6,,11,0,,0
th-02242,2026-07-23,B,21.2,32.7,27.1,,14384.9,,9,0,6021,0
th-02243,2026-07-23,B,21.2,,,,11722.4,,11,0,,0
th-02249,2026-07-23,B,21.2,,,,6937.4,,11,0,6021,0
th-02255,2026-07-23,B,21.2,,,,12969.4,,6,0,6021,0
th-02288,2026-07-23,B,21.2,,,,5470.6,,6,0,6021,0
th-02296,2026-07-23,C,21.2,,,,1.71,,,0,,
th-02312,2026-07-23,C,21.2,,,,1.26,,,0,ALM_HP_LOWFLOW,warn
th-02357,2026-07-23,C,21.2,,,,0.91,,,0,,
th-02374,2026-07-23,C,21.2,,,,1.17,,,0,,OK
 TH-02021,2026-07-24,A,18.7,33.2,25.8,50.9,1.48,5.8,7,0,,ok
 TH-02028,2026-07-24,A,18.7,31.4,26.8,49.0,1.14,4.3,19,0,,OK
 TH-02036,2026-07-24,A,18.7,31.4,26.1,51.9,1.76,6.8,10,0,,OK
 TH-02048,2026-07-24,A,18.7,32.3,25.9,52.3,1.67,6.4,10,0,,OK
 TH-02053,2026-07-24,A,18.7,32.7,25.5,46.0,1.61,5.7,13,0,,ok
 TH-02062,2026-07-24,A,18.7,-999,24.6,50.6,1.21,4.4,11,0,,OK
 TH-02071,2026-07-24,A,18.7,32.0,25.9,46.4,1.21,4.7,13,0,,OK
 TH-02103,2026-07-24,A,18.7,31.3,25.9,50.3,1.55,6.4,10,0,,ok
 TH-02141,2026-07-24,B,18.7,,,,17218.9,,10,0,6021,0
 TH-02162,2026-07-24,B,18.7,,,,14698.9,,10,0,6021,0
 TH-02169,2026-07-24,B,18.7,,,,18511.8,,11,0,,0
 TH-02178,2026-07-24,B,18.7,32.4,27.3,,19549.5,,6,0,6021,0
 TH-02181,2026-07-24,B,18.7,,,,18792.1,,15,0,6021,0
 TH-02185,2026-07-24,B,18.7,,,,25272.5,,8,0,,0
 TH-02230,2026-07-24,B,18.7,30.8,25.8,,25671.5,,13,0,,0
 TH-02265,2026-07-24,B,18.7,,,,22639.6,,37,0,6021,0
 TH-02267,2026-07-24,B,18.7,,,,11582.8,,12,0,,0
 TH-02268,2026-07-24,B,18.7,,,,23868.8,,9,0,6021,0
 TH-02273,2026-07-24,B,18.7,,,,19850.6,,10,0,,0
 TH-02287,2026-07-24,B,18.7,,,,18066.2,,7,0,,0
 TH-02298,2026-07-24,C,18.7,,,,1.51,,,0,ALM_HP_LOWFLOW,
 TH-02324,2026-07-24,C,18.7,,,,1.33,,,0,,
 TH-02334,2026-07-24,C,18.7,,,,0.99,,,0,,
 TH-02352,2026-07-24,C,18.7,32.8,,,1.48,,,0,,OK
 TH-02365,2026-07-24,C,18.7,,,,0.91,,,0,,warn
 TH-02385,2026-07-24,C,18.7,,,,1.2,,,0,,
TH-02002,2026-07-24,A,18.7,31.8,26.6,48.1,1.71,5.5,12,0,,ok
TH-02004,2026-07-24,A,18.7,31.6,25.9,46.9,1.98,6.6,13,0,,ok
TH-02005,2026-07-24,A,18.7,-999,24.2,52.5,0.93,3.5,15,0,,OK
TH-02006,2026-07-24,A,18.7,31.5,29.2,49.3,1.71,4.1,11,0,E-211,OK
TH-02007,2026-07-24,A,18.7,30.8,28.5,50.6,2.1,6.4,14,0,,ok
TH-02008,2026-07-24,A,18.7,33.1,26.4,46.2,2.19,7.1,8,0,,OK
TH-02009,2026-07-24,A,18.7,33.3,27.5,49.2,0.89,3.6,9,0,,OK
TH-02011,2026-07-24,A,18.7,32.1,27.6,50.1,1.28,4.4,13,0,,OK
TH-02015,2026-07-24,A,18.7,32.3,27.6,51.1,1.81,6.4,11,0,,OK
TH-02016,2026-07-24,A,18.7,31.9,25.1,46.9,1.79,6.0,12,0,,OK
TH-02017,2026-07-24,A,18.7,32.6,26.8,51.1,0.98,3.6,4,0,,OK
TH-02019,2026-07-24,A,18.7,30.9,25.5,50.8,2.28,7.3,5,0,,ok
TH-02020,2026-07-24,A,18.7,31.7,25.0,50.2,1.35,4.2,12,0,,ok
TH-02025,2026-07-24,A,18.7,32.2,27.1,51.4,1.63,6.1,10,0,,OK
TH-02030,2026-07-24,A,18.7,33.0,26.8,51.1,1.12,4.8,10,0,,OK
TH-02031,2026-07-24,A,18.7,32.4,25.9,47.5,1.34,4.2,13,0,,OK
TH-02032,2026-07-24,A,18.7,33.1,27.1,46.1,1.64,6.0,9,0,,OK
TH-02033,2026-07-24,A,18.7,30.9,24.1,50.9,1.45,5.6,11,0,,OK
TH-02034,2026-07-24,A,18.7,33.0,26.9,52.1,1.81,5.7,12,0,,ok
TH-02035,2026-07-24,A,18.7,33.2,26.9,49.5,1.06,4.1,6,0,,OK
TH-02037,2026-07-24,A,18.7,32.3,25.3,52.9,0.89,3.3,12,0,,ok
TH-02038,2026-07-24,A,18.7,32.3,30.8,48.6,1.31,4.1,14,0,E-211,warn
TH-02040,2026-07-24,A,18.7,30.7,25.0,47.9,1.85,7.1,4,0,,ok
TH-02044,2026-07-24,A,18.7,32.6,26.2,49.1,0.91,3.6,7,0,,OK
TH-02045,2026-07-24,A,18.7,31.8,25.8,50.8,0.98,3.9,4,0,,OK
TH-02046,2026-07-24,A,18.7,32.7,26.5,51.4,2.11,6.6,5,0,,ok
TH-02047,2026-07-24,A,18.7,31.5,24.6,47.0,1.53,5.8,11,0,,OK
TH-02049,2026-07-24,A,18.7,32.1,26.0,48.8,1.17,4.3,12,0,,ok
TH-02050,2026-07-24,A,18.7,30.9,25.6,46.9,1.05,4.4,7,0,,ok
TH-02051,2026-07-24,A,18.7,32.5,25.2,49.7,2.25,7.3,12,0,,ok
TH-02052,2026-07-24,A,18.7,31.1,24.7,48.8,1.06,3.3,9,0,,ok
TH-02054,2026-07-24,A,18.7,31.5,25.8,51.7,1.23,4.0,12,0,,ok
TH-02056,2026-07-24,A,18.7,32.4,25.6,51.4,1.11,4.2,7,0,,OK
TH-02061,2026-07-24,A,18.7,32.8,28.2,48.1,1.49,5.8,3,0,,ok
TH-02063,2026-07-24,A,18.7,32.7,25.5,50.6,1.08,4.5,9,0,,OK
TH-02065,2026-07-24,A,18.7,32.9,25.6,47.1,2.16,7.5,10,0,,ok
TH-02068,2026-07-24,A,18.7,31.0,25.0,49.8,1.7,5.3,13,0,,OK
TH-02072,2026-07-24,A,18.7,32.0,25.9,48.5,0.85,3.4,4,0,,OK
TH-02073,2026-07-24,A,18.7,32.6,30.6,51.5,2.0,6.6,14,0,E-211,ok
TH-02074,2026-07-24,A,18.7,30.9,26.3,48.7,1.36,5.2,13,0,,OK
TH-02075,2026-07-24,A,18.7,31.4,26.7,49.8,1.17,4.9,4,0,,OK
TH-02076,2026-07-24,A,18.7,31.1,25.8,46.1,1.3,4.3,9,0,,ok
TH-02077,2026-07-24,A,18.7,32.3,26.9,51.5,1.59,6.0,5,0,,OK
TH-02078,2026-07-24,A,18.7,33.4,28.3,46.5,1.85,6.2,7,0,,OK
TH-02080,2026-07-24,A,18.7,32.5,27.3,50.8,1.96,7.2,8,0,,OK
TH-02081,2026-07-24,A,18.7,33.4,26.0,48.0,0.88,3.2,3,0,,ok
TH-02083,2026-07-24,A,18.7,-999,27.2,47.1,1.64,5.1,6,0,,ok
TH-02084,2026-07-24,A,18.7,31.6,26.2,48.7,1.87,7.2,11,0,,OK
TH-02085,2026-07-24,A,18.7,31.5,27.0,50.6,1.0,3.5,7,0,,OK
TH-02086,2026-07-24,A,18.7,30.9,24.5,46.1,0.85,3.0,9,0,,OK
TH-02087,2026-07-24,A,18.7,32.6,25.4,46.1,1.7,6.2,8,0,,OK
TH-02091,2026-07-24,A,18.7,31.4,29.4,50.2,1.59,4.8,8,0,E-211,OK
TH-02093,2026-07-24,A,18.7,32.3,26.1,50.6,1.25,5.0,8,0,,OK
TH-02094,2026-07-24,A,18.7,32.6,25.1,48.4,2.09,7.4,13,0,,ok
TH-02097,2026-07-24,A,18.7,33.0,26.0,47.3,1.56,5.8,13,0,,OK
TH-02098,2026-07-24,A,18.7,32.0,25.9,51.3,1.66,6.4,12,0,,OK
TH-02099,2026-07-24,A,18.7,32.0,25.8,52.9,0.93,4.0,6,0,,OK
TH-02100,2026-07-24,A,18.7,32.9,28.3,48.4,1.96,6.4,2,0,,OK
TH-02101,2026-07-24,A,18.7,32.8,26.5,52.4,1.72,6.7,10,0,,ok
TH-02109,2026-07-24,A,18.7,31.4,26.8,50.9,1.87,6.6,7,0,,OK
TH-02111,2026-07-24,A,18.7,31.3,24.4,49.0,0.82,3.4,10,0,,ok
TH-02112,2026-07-24,A,18.7,31.5,25.8,52.5,2.02,7.2,14,0,,ok
TH-02113,2026-07-24,A,18.7,31.3,25.4,51.4,0.93,3.9,2,0,,OK
TH-02118,2026-07-24,A,18.7,33.0,27.8,49.2,1.2,4.5,6,0,,OK
TH-02120,2026-07-24,A,18.7,31.4,25.3,49.2,1.13,4.3,11,0,,OK
TH-02121,2026-07-24,A,18.7,32.8,28.1,50.9,0.89,3.5,7,0,,ok
TH-02124,2026-07-24,A,18.7,30.7,25.7,48.8,0.81,3.0,11,0,,OK
TH-02126,2026-07-24,A,18.7,31.0,26.1,50.7,1.75,7.0,5,0,,ok
TH-02129,2026-07-24,A,18.7,32.6,25.6,48.7,0.95,3.6,7,0,,ok
TH-02130,2026-07-24,A,18.7,31.0,24.1,47.5,1.43,5.8,7,0,,ok
TH-02132,2026-07-24,A,18.7,31.1,28.8,46.8,2.31,5.5,12,0,E-211,OK
TH-02133,2026-07-24,A,18.7,31.1,26.2,50.0,1.67,6.6,8,0,,OK
TH-02134,2026-07-24,A,18.7,33.4,28.7,50.6,0.98,3.5,8,0,,ok
TH-02135,2026-07-24,A,18.7,32.5,25.9,48.4,2.08,7.3,6,0,,OK
TH-02136,2026-07-24,A,18.7,31.9,25.0,48.9,1.26,4.7,11,0,,ok
TH-02137,2026-07-24,A,18.7,32.8,27.5,47.0,2.14,6.7,14,0,,ok
TH-02138,2026-07-24,A,18.7,32.3,24.9,49.1,1.36,5.5,7,0,,ok
TH-02139,2026-07-24,A,18.7,33.1,27.6,48.1,1.12,4.1,9,0,,ok
TH-02140,2026-07-24,A,18.7,32.6,26.2,52.5,1.15,4.0,6,0,,OK
TH-02145,2026-07-24,B,18.7,,,,4859.2,,5,0,6021,0
TH-02146,2026-07-24,B,18.7,,,,24550.8,,9,0,6021,0
TH-02148,2026-07-24,B,18.7,,,,12947.7,,9,0,,0
TH-02149,2026-07-24,B,18.7,,,,8122.8,,10,0,,0
TH-02152,2026-07-24,B,18.7,,,,22567.9,,6,0,,0
TH-02153,2026-07-24,B,18.7,,,,19073.7,,5,0,,0
TH-02155,2026-07-24,B,18.7,,,,4535.0,,7,0,,0
TH-02159,2026-07-24,B,18.7,,,,12121.1,,5,0,,0
TH-02161,2026-07-24,B,18.7,,,,8328.4,,9,0,6021,0
TH-02165,2026-07-24,B,18.7,,,,15154.1,,10,0,6021,0
TH-02166,2026-07-24,B,18.7,,,,17579.8,,3,0,6021,0
TH-02168,2026-07-24,B,18.7,,,,13694.9,,7,0,,0
TH-02170,2026-07-24,B,18.7,,,,11496.1,,12,0,6021,0
TH-02171,2026-07-24,B,18.7,33.2,27.9,,14117.2,,5,0,6021,0
TH-02173,2026-07-24,B,18.7,,,,7002.8,,13,0,,0
TH-02175,2026-07-24,B,18.7,,,,12100.5,,12,0,,0
TH-02176,2026-07-24,B,18.7,,,,5465.6,,4,0,6021,0
TH-02182,2026-07-24,B,18.7,,,,21005.5,,35,0,3104,2
TH-02184,2026-07-24,B,18.7,,,,20336.4,,4,0,6021,0
TH-02188,2026-07-24,B,18.7,,,,24538.9,,6,0,,0
TH-02190,2026-07-24,B,18.7,,,,24719.7,,6,0,,0
TH-02192,2026-07-24,B,18.7,,,,23432.1,,7,0,,0
TH-02194,2026-07-24,B,18.7,,,,19052.1,,6,0,,0
TH-02195,2026-07-24,B,18.7,,,,14878.9,,31,0,3104,2
TH-02196,2026-07-24,B,18.7,,,,25268.4,,10,0,6021,0
TH-02202,2026-07-24,B,18.7,,,,13867.0,,7,0,,0
TH-02204,2026-07-24,B,18.7,,,,5228.2,,7,0,,0
TH-02206,2026-07-24,B,18.7,,,,17445.1,,6,0,6021,0
TH-02207,2026-07-24,B,18.7,,,,13724.0,,9,0,,0
TH-02213,2026-07-24,B,18.7,,,,9371.0,,8,0,,0
TH-02214,2026-07-24,B,18.7,,,,9173.6,,10,0,,0
TH-02215,2026-07-24,B,18.7,,,,18295.6,,13,0,6021,0
TH-02223,2026-07-24,B,18.7,,,,22285.6,,5,0,,0
TH-02224,2026-07-24,B,18.7,,,,8796.9,,6,0,6021,0
TH-02228,2026-07-24,B,18.7,,,,23976.4,,9,0,,0
TH-02231,2026-07-24,B,18.7,,,,7623.1,,11,0,,0
TH-02234,2026-07-24,B,18.7,,,,13336.9,,10,0,6021,0
TH-02235,2026-07-24,B,18.7,,,,22726.0,,4,0,,0
TH-02238,2026-07-24,B,18.7,,,,7819.9,,5,0,6021,0
TH-02239,2026-07-24,B,18.7,,,,17256.8,,9,0,,0
TH-02240,2026-07-24,B,18.7,,,,8096.2,,9,0,,0
TH-02242,2026-07-24,B,18.7,,,,14386.6,,15,0,,0
TH-02244,2026-07-24,B,18.7,,,,16920.8,,13,0,,0
TH-02246,2026-07-24,B,18.7,,,,15990.1,,9,0,,0
TH-02247,2026-07-24,B,18.7,,,,5524.8,,12,0,6021,0
TH-02250,2026-07-24,B,18.7,,,,11225.8,,13,0,6021,0
TH-02255,2026-07-24,B,18.7,,,,12970.9,,7,0,6021,0
TH-02256,2026-07-24,B,18.7,,,,7895.5,,4,0,,0
TH-02257,2026-07-24,B,18.7,,,,21322.5,,2,0,,0
TH-02258,2026-07-24,B,18.7,,,,10395.0,,6,0,,0
TH-02259,2026-07-24,B,18.7,,,,12326.3,,4,0,,0
TH-02260,2026-07-24,B,18.7,,,,7382.5,,5,0,6021,0
TH-02262,2026-07-24,B,18.7,,,,9222.2,,10,0,6021,0
TH-02266,2026-07-24,B,18.7,,,,16159.3,,9,0,6021,0
TH-02269,2026-07-24,B,18.7,,,,12438.8,,7,0,,0
TH-02270,2026-07-24,B,18.7,,,,21979.6,,7,0,6021,0
TH-02271,2026-07-24,B,18.7,,,,4989.6,,12,0,,0
TH-02272,2026-07-24,B,18.7,,,,24895.7,,9,0,,0
TH-02275,2026-07-24,B,18.7,,,,12384.6,,2,0,,0
TH-02277,2026-07-24,B,18.7,,,,17924.9,,11,0,6021,0
TH-02278,2026-07-24,B,18.7,,,,14865.0,,10,0,6021,0
TH-02279,2026-07-24,B,18.7,,,,21135.4,,10,0,,0
TH-02281,2026-07-24,B,18.7,31.0,25.9,,4297.1,,6,0,6021,0
TH-02283,2026-07-24,B,18.7,,,,21390.9,,7,0,6021,0
TH-02285,2026-07-24,B,18.7,,,,12871.3,,13,0,,0
TH-02286,2026-07-24,B,18.7,,,,7627.0,,10,0,,0
TH-02288,2026-07-24,B,18.7,,,,5471.7,,16,0,,0
TH-02290,2026-07-24,B,18.7,,,,7365.4,,35,0,6021,0
TH-02292,2026-07-24,C,18.7,32.1,,,1.58,,,0,,
TH-02294,2026-07-24,C,18.7,,,,1.49,,,0,,OK
TH-02296,2026-07-24,C,18.7,,,,1.0,,,0,,
TH-02297,2026-07-24,C,18.7,,,,1.28,,,0,,
TH-02300,2026-07-24,C,18.7,,,,1.45,,,0,,
TH-02307,2026-07-24,C,18.7,,,,1.54,,,0,,OK
TH-02308,2026-07-24,C,18.7,,,,1.56,,,0,,
TH-02309,2026-07-24,C,18.7,,,,1.77,,,0,,
TH-02311,2026-07-24,C,18.7,,,48.6,1.05,,,0,,OK
TH-02312,2026-07-24,C,18.7,,,,1.31,,,0,ALM_HP_LOWFLOW,warn
TH-02313,2026-07-24,C,18.7,,,,1.41,,,0,,OK
TH-02314,2026-07-24,C,18.7,,,,2.04,,,0,,
TH-02316,2026-07-24,C,18.7,,,,1.75,,,0,,OK
TH-02317,2026-07-24,C,18.7,,,,1.24,,,0,,
TH-02319,2026-07-24,C,18.7,,,,1.27,,,0,,OK
TH-02322,2026-07-24,C,18.7,,,,0.96,,,0,,warn
TH-02323,2026-07-24,C,18.7,,,,1.65,,,0,,warn
TH-02331,2026-07-24,C,18.7,,,,1.43,,,0,,
TH-02333,2026-07-24,C,18.7,,,,0.81,,,0,,
TH-02335,2026-07-24,C,18.7,,,,1.43,,,0,,OK
TH-02337,2026-07-24,C,18.7,,,,1.51,,,0,,warn
TH-02338,2026-07-24,C,18.7,,,,2.16,,,0,,OK
TH-02339,2026-07-24,C,18.7,,,,1.41,,,0,,OK
TH-02341,2026-07-24,C,18.7,,,,1.26,,,0,,warn
TH-02342,2026-07-24,C,18.7,,,,1.13,,,0,,OK
TH-02343,2026-07-24,C,18.7,,,,1.18,,,0,,
TH-02344,2026-07-24,C,18.7,,,,0.91,,,0,,
TH-02345,2026-07-24,C,18.7,,,,1.71,,,0,,warn
TH-02346,2026-07-24,C,18.7,,,,0.99,,,0,,OK
TH-02347,2026-07-24,C,18.7,,,,1.28,,,0,,OK
TH-02348,2026-07-24,C,18.7,,,,1.64,,,0,,OK
TH-02351,2026-07-24,C,18.7,,,,2.1,,,0,,OK
TH-02354,2026-07-24,C,18.7,,,,1.39,,,0,,warn
TH-02358,2026-07-24,C,18.7,,,,2.0,,,0,,OK
TH-02359,2026-07-24,C,18.7,,,,1.38,,,0,,OK
TH-02360,2026-07-24,C,18.7,,,,0.97,,,0,,OK
TH-02361,2026-07-24,C,18.7,,,,0.92,,,0,,warn
TH-02363,2026-07-24,C,18.7,,,,0.93,,,0,,warn
TH-02366,2026-07-24,C,18.7,,,,1.3,,,0,,OK
TH-02367,2026-07-24,C,18.7,,,,0.96,,,0,,OK
TH-02371,2026-07-24,C,18.7,,,,1.56,,,0,,
TH-02375,2026-07-24,C,18.7,,,,1.78,,,0,,OK
TH-02377,2026-07-24,C,18.7,,,,1.23,,,0,,warn
TH-02380,2026-07-24,C,18.7,,,,0.78,,,0,,OK
TH-02381,2026-07-24,C,18.7,,,,1.09,,,0,ALM_HP_HP_SWITCH,warn
TH-02384,2026-07-24,C,18.7,,,,1.46,,,0,,
TH-02387,2026-07-24,C,18.7,,,,1.46,,,0,,warn
TH-02389,2026-07-24,C,18.7,,,,1.38,,,0,,
TH-02393,2026-07-24,C,18.7,,,,1.28,,,0,,OK
TH-02396,2026-07-24,C,18.7,,,50.1,1.51,,,0,,OK
TH-02397,2026-07-24,C,18.7,,,,1.99,,,0,,warn
TH-02399,2026-07-24,C,18.7,,,,2.29,,,0,,OK
TH-02400,2026-07-24,C,18.7,33.4,,,1.63,,,0,,OK
th-02001,2026-07-24,A,18.7,30.8,24.1,51.6,0.84,3.5,13,0,,ok
th-02012,2026-07-24,A,18.7,32.0,25.9,48.9,1.77,6.7,12,0,,ok
th-02055,2026-07-24,A,18.7,31.1,23.7,48.0,1.66,5.5,14,0,,OK
th-02090,2026-07-24,A,18.7,31.2,25.1,51.2,1.32,4.7,9,0,,ok
th-02114,2026-07-24,A,18.7,32.0,24.6,50.3,1.61,6.9,2,0,,ok
th-02125,2026-07-24,A,18.7,33.1,28.0,49.8,1.49,5.3,3,0,,ok
th-02127,2026-07-24,A,18.7,31.9,24.7,46.1,1.66,6.7,6,0,,OK
th-02143,2026-07-24,B,18.7,,,,17963.2,,10,0,6021,0
th-02144,2026-07-24,B,18.7,,,,12990.1,,4,0,,0
th-02158,2026-07-24,B,18.7,,,,7121.2,,6,0,6021,0
th-02160,2026-07-24,B,18.7,,,,14988.9,,9,0,7702,2
th-02177,2026-07-24,B,18.7,,,,12992.4,,5,0,,0
th-02180,2026-07-24,B,18.7,,,,11660.2,,9,0,,0
th-02187,2026-07-24,B,18.7,,,,13668.3,,8,0,,0
th-02189,2026-07-24,B,18.7,,,,19405.4,,3,0,6021,0
th-02216,2026-07-24,B,18.7,,,,17210.4,,9,0,,0
th-02221,2026-07-24,B,18.7,,,,16245.6,,36,0,6021,0
th-02226,2026-07-24,B,18.7,,,,9786.7,,13,0,,0
th-02236,2026-07-24,B,18.7,,,,4279.2,,13,0,6021,0
th-02243,2026-07-24,B,18.7,,,,11723.7,,12,0,,0
th-02245,2026-07-24,B,18.7,,,,14980.5,,3,0,,0
th-02249,2026-07-24,B,18.7,,,,6939.7,,7,0,,0
th-02251,2026-07-24,B,18.7,,,,24502.7,,10,0,6021,0
th-02299,2026-07-24,C,18.7,,,,1.71,,,0,,warn
th-02302,2026-07-24,C,18.7,,,,1.04,,,0,,OK
th-02303,2026-07-24,C,18.7,33.2,,,1.92,,,0,,OK
th-02336,2026-07-24,C,18.7,,,,1.25,,,0,,OK
th-02340,2026-07-24,C,18.7,,,,1.42,,,0,,
th-02355,2026-07-24,C,18.7,,,,1.71,,,0,,OK
th-02357,2026-07-24,C,18.7,,,47.7,1.39,,,0,,OK
th-02374,2026-07-24,C,18.7,,,,2.0,,,0,,warn
th-02379,2026-07-24,C,18.7,,,,0.93,,,0,,warn
th-02383,2026-07-24,C,18.7,,,,0.97,,,0,,warn
th-02388,2026-07-24,C,18.7,,,,1.18,,,0,,
th-02395,2026-07-24,C,18.7,,,,1.16,,,0,ALM_HP_LOWFLOW,warn
th-02398,2026-07-24,C,18.7,,,,1.55,,,0,ALM_HP_LOWFLOW,warn
 TH-02056,2026-07-25,A,21.7,31.6,26.7,51.0,0.77,3.2,9,0,,ok
 TH-02065,2026-07-25,A,21.7,31.7,24.5,47.6,1.1,4.2,10,0,,OK
 TH-02099,2026-07-25,A,21.7,30.7,24.4,51.6,1.08,4.5,11,0,,ok
 TH-02120,2026-07-25,A,21.7,31.5,24.2,51.0,1.63,6.2,6,0,,ok
 TH-02129,2026-07-25,A,21.7,32.7,26.5,46.3,1.39,5.8,7,0,,OK
 TH-02166,2026-07-25,B,21.7,,,,17581.1,,11,0,,0
 TH-02194,2026-07-25,B,21.7,,,,19053.3,,2,0,6021,0
 TH-02202,2026-07-25,B,21.7,,,,13868.0,,5,0,,0
 TH-02215,2026-07-25,B,21.7,,,,18296.3,,9,0,,0
 TH-02285,2026-07-25,B,21.7,,,,12872.8,,12,0,1188,2
 TH-02316,2026-07-25,C,21.7,,,,1.28,,,0,,warn
 TH-02357,2026-07-25,C,21.7,,,,1.27,,,0,,OK
 TH-02360,2026-07-25,C,21.7,,,,1.75,,,0,,OK
 TH-02367,2026-07-25,C,21.7,,,,1.8,,,0,,warn
 TH-02400,2026-07-25,C,21.7,,,,2.22,,,0,,warn
TH-02001,2026-07-25,A,21.7,33.0,26.8,48.9,1.3,5.7,10,0,,OK
TH-02002,2026-07-25,A,21.7,31.9,27.1,47.6,1.99,6.8,8,0,,OK
TH-02004,2026-07-25,A,21.7,31.3,25.8,52.0,1.02,4.2,7,0,,OK
TH-02005,2026-07-25,A,21.7,32.3,26.1,50.1,0.92,4.0,6,0,,ok
TH-02006,2026-07-25,A,21.7,31.2,29.8,46.3,2.33,6.5,5,0,,ok
TH-02007,2026-07-25,A,21.7,32.3,30.3,46.1,1.33,3.9,10,0,,OK
TH-02008,2026-07-25,A,21.7,33.0,26.0,50.0,2.15,7.4,12,0,,ok
TH-02009,2026-07-25,A,21.7,31.0,26.4,47.5,0.96,3.3,5,0,,ok
TH-02011,2026-07-25,A,21.7,32.5,27.0,52.0,1.18,5.1,7,0,,OK
TH-02012,2026-07-25,A,21.7,30.8,23.7,48.7,1.57,4.9,8,0,,ok
TH-02015,2026-07-25,A,21.7,32.2,27.5,49.7,1.11,3.7,7,0,,OK
TH-02016,2026-07-25,A,21.7,32.7,27.2,48.5,0.97,4.2,9,0,,OK
TH-02017,2026-07-25,A,21.7,31.3,26.5,49.7,1.13,4.6,10,0,,ok
TH-02019,2026-07-25,A,21.7,31.3,24.6,46.2,1.16,3.6,7,0,,ok
TH-02020,2026-07-25,A,21.7,31.3,26.7,50.8,1.7,6.0,9,0,,ok
TH-02021,2026-07-25,A,21.7,31.6,24.3,52.3,0.94,3.7,11,0,,OK
TH-02025,2026-07-25,A,21.7,32.0,26.2,50.1,0.98,4.2,7,0,,OK
TH-02028,2026-07-25,A,21.7,32.2,27.6,47.2,2.16,7.4,11,0,,OK
TH-02030,2026-07-25,A,21.7,32.2,26.5,49.7,1.67,7.0,6,0,,ok
TH-02031,2026-07-25,A,21.7,32.6,26.1,49.8,0.96,3.4,14,0,,ok
TH-02032,2026-07-25,A,21.7,31.5,25.8,52.8,1.64,6.4,8,0,,OK
TH-02033,2026-07-25,A,21.7,32.4,25.9,51.4,1.19,4.3,14,0,,OK
TH-02034,2026-07-25,A,21.7,31.9,24.8,50.5,1.99,7.4,9,0,,ok
TH-02035,2026-07-25,A,21.7,-999,26.3,50.6,1.71,7.2,9,0,,ok
TH-02036,2026-07-25,A,21.7,32.1,26.3,52.3,1.88,6.8,6,0,,ok
TH-02037,2026-07-25,A,21.7,31.3,24.9,49.4,1.54,6.6,9,0,,OK
TH-02038,2026-07-25,A,21.7,31.8,30.2,46.4,2.58,7.0,12,0,E-211,warn
TH-02040,2026-07-25,A,21.7,31.4,25.6,48.0,2.4,7.5,7,0,,ok
TH-02044,2026-07-25,A,21.7,32.8,26.1,49.3,1.2,4.6,6,0,,OK
TH-02045,2026-07-25,A,21.7,32.2,27.4,47.1,1.8,7.3,8,0,,ok
TH-02047,2026-07-25,A,21.7,31.7,26.9,52.5,1.39,6.0,7,0,,OK
TH-02048,2026-07-25,A,21.7,32.3,27.4,50.7,0.91,3.6,8,0,,ok
TH-02049,2026-07-25,A,21.7,31.8,26.8,48.8,2.1,6.6,8,0,,ok
TH-02050,2026-07-25,A,21.7,33.0,26.5,47.4,1.74,6.0,10,0,,OK
TH-02051,2026-07-25,A,21.7,31.0,25.8,47.1,0.73,3.1,5,0,,OK
TH-02052,2026-07-25,A,21.7,32.7,25.8,52.7,0.84,3.5,7,0,,OK
TH-02054,2026-07-25,A,21.7,30.7,23.3,50.2,1.17,5.1,8,0,,OK
TH-02055,2026-07-25,A,21.7,33.1,25.7,46.5,0.98,3.2,7,0,,ok
TH-02061,2026-07-25,A,21.7,33.2,27.7,49.9,1.61,6.8,11,0,,ok
TH-02063,2026-07-25,A,21.7,31.8,24.7,47.8,0.77,3.2,9,0,,ok
TH-02068,2026-07-25,A,21.7,32.2,26.3,52.6,1.53,5.1,11,0,,OK
TH-02071,2026-07-25,A,21.7,33.3,27.7,50.2,1.73,6.8,11,0,,ok
TH-02073,2026-07-25,A,21.7,32.6,31.2,52.1,2.7,6.9,7,0,E-211,ok
TH-02074,2026-07-25,A,21.7,32.8,26.2,47.4,1.63,6.4,14,0,,ok
TH-02075,2026-07-25,A,21.7,31.4,24.4,49.2,1.32,4.4,9,0,E-211,ok
TH-02076,2026-07-25,A,21.7,33.3,27.9,47.1,1.04,4.4,9,0,,ok
TH-02077,2026-07-25,A,21.7,32.5,26.0,47.6,1.44,4.7,4,0,,OK
TH-02078,2026-07-25,A,21.7,33.2,27.7,50.5,1.23,5.0,5,0,,ok
TH-02080,2026-07-25,A,21.7,33.4,28.0,47.5,1.7,6.9,5,0,,OK
TH-02081,2026-07-25,A,21.7,31.4,24.8,51.7,1.33,4.8,10,0,,OK
TH-02086,2026-07-25,A,21.7,31.9,25.1,0,0.97,3.3,8,0,,OK
TH-02087,2026-07-25,A,21.7,31.4,25.8,49.3,1.26,5.2,10,0,,ok
TH-02090,2026-07-25,A,21.7,32.6,26.1,52.2,1.96,6.6,4,0,,ok
TH-02091,2026-07-25,A,21.7,31.9,30.2,47.1,2.52,6.2,8,0,,ok
TH-02093,2026-07-25,A,21.7,32.4,25.3,47.5,1.58,6.3,4,0,,OK
TH-02094,2026-07-25,A,21.7,32.2,25.9,50.8,1.45,4.8,12,0,,OK
TH-02095,2026-07-25,A,21.7,32.3,27.2,50.5,1.25,4.6,8,0,,OK
TH-02097,2026-07-25,A,21.7,31.7,24.9,51.3,1.13,4.6,6,0,,ok
TH-02100,2026-07-25,A,21.7,33.4,26.2,49.0,1.33,5.6,6,0,,OK
TH-02101,2026-07-25,A,21.7,32.8,26.7,52.6,0.85,3.6,11,0,,OK
TH-02109,2026-07-25,A,21.7,31.6,25.5,49.5,0.75,3.2,12,0,,ok
TH-02111,2026-07-25,A,21.7,30.8,23.6,49.8,1.6,6.6,12,0,,ok
TH-02112,2026-07-25,A,21.7,31.5,24.4,48.2,1.53,5.0,2,0,,ok
TH-02113,2026-07-25,A,21.7,31.9,24.9,51.3,1.26,4.4,10,0,,ok
TH-02114,2026-07-25,A,21.7,33.1,27.2,53.0,1.22,4.9,10,0,,ok
TH-02118,2026-07-25,A,21.7,31.8,26.2,52.6,1.27,4.5,9,0,,OK
TH-02121,2026-07-25,A,21.7,32.4,27.0,51.0,1.72,7.0,13,0,,ok
TH-02124,2026-07-25,A,21.7,33.4,27.4,48.5,1.71,6.6,8,0,,ok
TH-02125,2026-07-25,A,21.7,32.1,27.3,48.0,1.93,6.7,10,0,,ok
TH-02126,2026-07-25,A,21.7,31.4,24.3,49.5,1.41,5.6,7,0,,OK
TH-02127,2026-07-25,A,21.7,31.5,24.1,49.9,0.9,3.1,6,0,,ok
TH-02130,2026-07-25,A,21.7,33.4,28.4,46.1,0.9,3.4,13,0,,ok
TH-02132,2026-07-25,A,21.7,32.7,30.7,49.8,2.54,7.2,7,0,E-211,ok
TH-02134,2026-07-25,A,21.7,32.9,28.2,50.5,1.26,5.5,7,0,,OK
TH-02135,2026-07-25,A,21.7,33.2,28.3,50.0,1.54,6.4,15,0,,ok
TH-02136,2026-07-25,A,21.7,30.8,24.9,48.3,0.76,3.3,10,0,,OK
TH-02137,2026-07-25,A,21.7,32.7,27.0,46.1,1.95,7.4,12,0,,ok
TH-02138,2026-07-25,A,21.7,31.1,26.4,49.2,0.91,3.7,6,0,,OK
TH-02139,2026-07-25,A,21.7,31.1,24.8,51.3,2.08,6.6,11,0,,OK
TH-02140,2026-07-25,A,21.7,31.8,25.4,48.3,0.8,3.4,5,0,,OK
TH-02141,2026-07-25,B,21.7,,,,17221.0,,7,0,6021,0
TH-02143,2026-07-25,B,21.7,,,,17964.0,,10,0,6021,0
TH-02145,2026-07-25,B,21.7,,,,4860.5,,4,0,,0
TH-02146,2026-07-25,B,21.7,,,,24552.8,,15,0,6021,0
TH-02148,2026-07-25,B,21.7,,,,12949.5,,9,0,,0
TH-02149,2026-07-25,B,21.7,,,,8124.3,,9,0,,0
TH-02152,2026-07-25,B,21.7,,,,22568.8,,5,0,6021,0
TH-02153,2026-07-25,B,21.7,,,,19075.1,,9,0,,0
TH-02155,2026-07-25,B,21.7,,,,4536.1,,2,0,,0
TH-02158,2026-07-25,B,21.7,,,,7122.3,,6,0,6021,0
TH-02159,2026-07-25,B,21.7,,,,12122.3,,8,0,6021,0
TH-02160,2026-07-25,B,21.7,,,,14990.6,,9,0,,0
TH-02161,2026-07-25,B,21.7,,,,8330.5,,6,0,6021,0
TH-02162,2026-07-25,B,21.7,,,,14700.3,,9,0,,0
TH-02168,2026-07-25,B,21.7,,,,13696.4,,10,0,,0
TH-02169,2026-07-25,B,21.7,,,,18513.5,,10,0,6021,0
TH-02170,2026-07-25,B,21.7,,,,11497.9,,11,0,,0
TH-02173,2026-07-25,B,21.7,,,,7003.9,,11,0,,0
TH-02175,2026-07-25,B,21.7,,,,12102.0,,4,0,6021,0
TH-02176,2026-07-25,B,21.7,,,,5466.8,,2,0,1188,2
TH-02177,2026-07-25,B,21.7,,,,12993.9,,2,0,,0
TH-02178,2026-07-25,B,21.7,,,,19551.4,,7,0,,0
TH-02180,2026-07-25,B,21.7,,,,11661.1,,8,0,6021,0
TH-02181,2026-07-25,B,21.7,,,,18793.9,,5,0,,0
TH-02182,2026-07-25,B,21.7,,,,21007.5,,35,0,6021,0
TH-02185,2026-07-25,B,21.7,,,,25274.5,,5,0,,0
TH-02187,2026-07-25,B,21.7,,,,13669.2,,5,0,,0
TH-02188,2026-07-25,B,21.7,,,,24540.8,,12,0,,0
TH-02189,2026-07-25,B,21.7,,,,19407.2,,5,0,,0
TH-02190,2026-07-25,B,21.7,,,,24722.0,,8,0,,0
TH-02192,2026-07-25,B,21.7,,,,23433.6,,10,0,,0
TH-02195,2026-07-25,B,21.7,,,,14880.9,,37,0,3104,2
TH-02196,2026-07-25,B,21.7,,,,25270.2,,4,0,,0
TH-02204,2026-07-25,B,21.7,,,,5229.5,,4,0,,0
TH-02206,2026-07-25,B,21.7,,,,17447.2,,10,0,6021,0
TH-02207,2026-07-25,B,21.7,,,,13725.3,,6,0,,0
TH-02213,2026-07-25,B,21.7,,,,9371.9,,8,0,,0
TH-02214,2026-07-25,B,21.7,,,,9175.3,,10,0,,0
TH-02221,2026-07-25,B,21.7,,,,16246.9,,41,0,6021,0
TH-02223,2026-07-25,B,21.7,,,,22286.7,,8,0,,0
TH-02224,2026-07-25,B,21.7,,,,8798.1,,7,0,,0
TH-02226,2026-07-25,B,21.7,,,,9788.4,,6,0,6021,0
TH-02228,2026-07-25,B,21.7,,,,23977.4,,5,0,,0
TH-02230,2026-07-25,B,21.7,,,,25673.2,,7,0,6021,0
TH-02231,2026-07-25,B,21.7,,,,7624.0,,14,0,6021,0
TH-02234,2026-07-25,B,21.7,,,,13338.1,,8,0,6021,0
TH-02236,2026-07-25,B,21.7,,,,4280.6,,5,0,1188,2
TH-02238,2026-07-25,B,21.7,32.9,27.7,,7821.0,,7,0,6021,0
TH-02239,2026-07-25,B,21.7,30.5,25.6,,17257.9,,8,0,6021,0
TH-02240,2026-07-25,B,21.7,,,,8097.6,,5,0,,0
TH-02242,2026-07-25,B,21.7,,,,14388.2,,6,0,6021,0
TH-02243,2026-07-25,B,21.7,,,,11725.2,,7,0,6021,0
TH-02244,2026-07-25,B,21.7,,,,16921.8,,6,0,,0
TH-02245,2026-07-25,B,21.7,,,,14981.4,,8,0,,0
TH-02247,2026-07-25,B,21.7,,,,5526.5,,7,0,6021,0
TH-02248,2026-07-25,B,21.7,,,,23330.4,,12,0,6021,0
TH-02251,2026-07-25,B,21.7,,,,24504.2,,11,0,6021,0
TH-02255,2026-07-25,B,21.7,,,,12972.6,,10,0,6021,0
TH-02256,2026-07-25,B,21.7,,,,7897.1,,10,0,6021,0
TH-02257,2026-07-25,B,21.7,,,,21324.5,,5,0,,0
TH-02258,2026-07-25,B,21.7,,,,10397.1,,8,0,6021,0
TH-02259,2026-07-25,B,21.7,,,,12327.2,,8,0,,0
TH-02260,2026-07-25,B,21.7,,,,7383.6,,6,0,,0
TH-02265,2026-07-25,B,21.7,,,,22641.8,,42,0,,0
TH-02266,2026-07-25,B,21.7,,,,16160.1,,6,0,,0
TH-02268,2026-07-25,B,21.7,,,,23870.5,,8,0,,0
TH-02269,2026-07-25,B,21.7,30.7,23.4,,12440.0,,16,0,6021,0
TH-02271,2026-07-25,B,21.7,,,,4990.5,,9,0,6021,0
TH-02272,2026-07-25,B,21.7,,,,24896.5,,11,0,6021,0
TH-02273,2026-07-25,B,21.7,,,,19851.6,,12,0,6021,0
TH-02275,2026-07-25,B,21.7,,,,12385.8,,8,0,,0
TH-02277,2026-07-25,B,21.7,,,,17926.2,,10,0,6021,0
TH-02278,2026-07-25,B,21.7,,,,14866.5,,3,0,6021,0
TH-02279,2026-07-25,B,21.7,,,,21136.8,,7,0,6021,0
TH-02281,2026-07-25,B,21.7,,,,4298.6,,8,0,6021,0
TH-02286,2026-07-25,B,21.7,,,,7627.9,,11,0,6021,0
TH-02287,2026-07-25,B,21.7,,,,18067.8,,7,0,,0
TH-02288,2026-07-25,B,21.7,,,,5472.5,,7,0,,0
TH-02292,2026-07-25,C,21.7,,,,0.86,,,0,,warn
TH-02294,2026-07-25,C,21.7,,,,0.95,,,0,,
TH-02296,2026-07-25,C,21.7,,,,1.09,,,0,,warn
TH-02297,2026-07-25,C,21.7,,,,1.48,,,0,,OK
TH-02298,2026-07-25,C,21.7,,,,1.87,,,0,ALM_HP_LOWFLOW,
TH-02300,2026-07-25,C,21.7,,,,1.56,,,0,,OK
TH-02302,2026-07-25,C,21.7,,,,0.91,,,0,,warn
TH-02303,2026-07-25,C,21.7,,,50.5,1.16,,,0,,warn
TH-02308,2026-07-25,C,21.7,,,,1.99,,,0,,warn
TH-02311,2026-07-25,C,21.7,,,,0.96,,,0,,
TH-02313,2026-07-25,C,21.7,,,,1.17,,,0,,warn
TH-02314,2026-07-25,C,21.7,,,,1.07,,,0,,
TH-02317,2026-07-25,C,21.7,,,,1.15,,,0,,
TH-02322,2026-07-25,C,21.7,,,48.9,1.56,,,0,,OK
TH-02323,2026-07-25,C,21.7,,,,1.16,,,0,,OK
TH-02324,2026-07-25,C,21.7,,,,1.7,,,0,,OK
TH-02331,2026-07-25,C,21.7,,,,1.17,,,0,,OK
TH-02333,2026-07-25,C,21.7,,,,0.91,,,0,,warn
TH-02334,2026-07-25,C,21.7,,,,1.61,,,0,,warn
TH-02335,2026-07-25,C,21.7,,,,1.42,,,0,,warn
TH-02336,2026-07-25,C,21.7,,,,0.78,,,0,,warn
TH-02338,2026-07-25,C,21.7,,,,1.38,,,0,,
TH-02339,2026-07-25,C,21.7,,,,0.92,,,0,,OK
TH-02340,2026-07-25,C,21.7,,,,1.16,,,0,,
TH-02341,2026-07-25,C,21.7,,,,2.12,,,0,,
TH-02343,2026-07-25,C,21.7,,,,1.48,,,0,,warn
TH-02344,2026-07-25,C,21.7,,,,1.1,,,0,,OK
TH-02345,2026-07-25,C,21.7,,,,1.34,,,0,,
TH-02346,2026-07-25,C,21.7,,,,2.06,,,0,,OK
TH-02347,2026-07-25,C,21.7,,,52.3,2.03,,,0,,
TH-02351,2026-07-25,C,21.7,,,49.2,1.44,,,0,,warn
TH-02352,2026-07-25,C,21.7,,,,0.82,,,0,,warn
TH-02354,2026-07-25,C,21.7,,,,1.54,,,0,,
TH-02355,2026-07-25,C,21.7,,,,2.08,,,0,,warn
TH-02358,2026-07-25,C,21.7,,,,0.97,,,0,,OK
TH-02359,2026-07-25,C,21.7,,,,0.84,,,0,,
TH-02361,2026-07-25,C,21.7,,,,1.28,,,0,,
TH-02363,2026-07-25,C,21.7,33.0,,,1.11,,,0,,warn
TH-02365,2026-07-25,C,21.7,,,,1.73,,,0,,
TH-02371,2026-07-25,C,21.7,,,,1.23,,,0,,OK
TH-02374,2026-07-25,C,21.7,,,,1.05,,,0,,
TH-02375,2026-07-25,C,21.7,,,,1.63,,,0,,OK
TH-02377,2026-07-25,C,21.7,,,,1.85,,,0,,warn
TH-02380,2026-07-25,C,21.7,,,,1.83,,,0,,OK
TH-02381,2026-07-25,C,21.7,,,,1.08,,,0,,
TH-02383,2026-07-25,C,21.7,,,,1.6,,,0,,OK
TH-02384,2026-07-25,C,21.7,,,,1.31,,,0,,
TH-02387,2026-07-25,C,21.7,,,,1.75,,,0,,warn
TH-02388,2026-07-25,C,21.7,,,,1.2,,,0,,warn
TH-02389,2026-07-25,C,21.7,,,,1.62,,,0,,
TH-02393,2026-07-25,C,21.7,,,,1.93,,,0,ALM_HP_HP_SWITCH,warn
TH-02395,2026-07-25,C,21.7,,,,1.48,,,0,ALM_HP_LOWFLOW,OK
TH-02396,2026-07-25,C,21.7,,,,0.71,,,0,,OK
TH-02397,2026-07-25,C,21.7,,,,1.56,,,0,,
TH-02398,2026-07-25,C,21.7,,,38.6,1.0,,,0,ALM_HP_LOWFLOW,
TH-02399,2026-07-25,C,21.7,,,,1.18,,,0,,warn
TH-90000,2026-07-25,C,21.7,,,,2.25,,,0,,OK
TH-90001,2026-07-25,C,21.7,,,,4.01,,,0,,OK
TH-90002,2026-07-25,C,21.7,,,,4.54,,,0,,OK
TH-90003,2026-07-25,C,21.7,,,,4.75,,,0,,OK
TH-90004,2026-07-25,C,21.7,,,,10.93,,,0,,OK
th-02046,2026-07-25,A,21.7,32.5,25.4,47.1,1.12,3.8,11,0,,ok
th-02053,2026-07-25,A,21.7,31.4,25.4,49.0,1.94,6.9,10,0,,OK
th-02062,2026-07-25,A,21.7,32.0,27.0,47.1,1.15,5.0,6,0,,ok
th-02083,2026-07-25,A,21.7,30.6,25.3,50.6,1.69,5.5,3,0,,ok
th-02084,2026-07-25,A,21.7,31.0,25.2,52.5,1.18,5.1,7,0,,ok
th-02085,2026-07-25,A,21.7,32.0,25.6,46.2,1.6,7.0,8,0,,OK
th-02098,2026-07-25,A,21.7,31.9,24.5,52.0,0.89,3.9,6,0,,OK
th-02103,2026-07-25,A,21.7,33.1,27.8,51.6,1.16,3.8,7,0,,ok
th-02122,2026-07-25,A,21.7,32.4,27.5,52.1,1.75,5.6,5,0,,OK
th-02133,2026-07-25,A,21.7,31.6,24.3,49.0,1.97,7.0,9,0,,OK
th-02144,2026-07-25,B,21.7,,,,12991.0,,10,0,3104,2
th-02165,2026-07-25,B,21.7,,,,15155.1,,5,0,1188,2
th-02171,2026-07-25,B,21.7,,,,14118.2,,10,0,6021,0
th-02184,2026-07-25,B,21.7,,,,20338.0,,11,0,7702,2
th-02216,2026-07-25,B,21.7,,,,17212.3,,10,0,,0
th-02246,2026-07-25,B,21.7,,,,15991.6,,7,0,,0
th-02249,2026-07-25,B,21.7,,,,6940.9,,6,0,6021,0
th-02250,2026-07-25,B,21.7,,,,11226.7,,6,0,,0
th-02262,2026-07-25,B,21.7,,,,9223.8,,7,0,6021,0
th-02267,2026-07-25,B,21.7,,,,11583.8,,5,0,,0
th-02270,2026-07-25,B,21.7,,,,21981.5,,9,0,,0
th-02283,2026-07-25,B,21.7,,,,21392.3,,12,0,,0
th-02290,2026-07-25,B,21.7,,,,7367.3,,36,0,3104,2
th-02299,2026-07-25,C,21.7,,,,1.49,,,0,,warn
th-02307,2026-07-25,C,21.7,,,,2.26,,,0,,OK
th-02312,2026-07-25,C,21.7,,,36.5,1.69,,,0,ALM_HP_LOWFLOW,OK
th-02319,2026-07-25,C,21.7,,,,1.15,,,0,,
th-02337,2026-07-25,C,21.7,,,,1.01,,,0,,warn
th-02342,2026-07-25,C,21.7,,,,1.96,,,0,,warn
th-02348,2026-07-25,C,21.7,,,,1.35,,,0,,OK
th-02366,2026-07-25,C,21.7,,,49.5,0.96,,,0,,OK
th-02379,2026-07-25,C,21.7,,,,2.04,,,0,,
th-02385,2026-07-25,C,21.7,31.9,,,1.76,,,0,,OK
 TH-02009,2026-07-26,A,20.2,30.7,24.2,49.8,1.93,7.4,11,0,,OK
 TH-02011,2026-07-26,A,20.2,32.4,27.8,50.8,1.07,4.0,12,0,,OK
 TH-02012,2026-07-26,A,20.2,31.8,24.8,51.4,2.13,7.2,10,0,,ok
 TH-02016,2026-07-26,A,20.2,32.8,27.2,50.6,1.43,6.1,12,0,,ok
 TH-02053,2026-07-26,A,20.2,30.9,23.4,51.0,1.56,6.2,9,0,,OK
 TH-02078,2026-07-26,A,20.2,31.0,26.2,51.4,1.05,3.7,7,0,,ok
 TH-02086,2026-07-26,A,20.2,32.9,27.4,51.0,2.0,7.4,11,0,,OK
 TH-02091,2026-07-26,A,20.2,32.4,31.2,0,1.69,4.7,11,0,,OK
 TH-02093,2026-07-26,A,20.2,32.7,27.5,48.7,1.75,7.5,8,0,,OK
 TH-02129,2026-07-26,A,20.2,31.6,24.8,49.1,1.15,3.8,6,0,,ok
 TH-02132,2026-07-26,A,20.2,31.5,29.7,48.9,2.14,6.3,10,0,E-211,ok
 TH-02144,2026-07-26,B,20.2,,,,12992.8,,12,0,6021,0
 TH-02148,2026-07-26,B,20.2,,,,12951.2,,9,0,6021,0
 TH-02159,2026-07-26,B,20.2,,,,12123.3,,9,0,6021,0
 TH-02184,2026-07-26,B,20.2,,,,20339.5,,5,0,6021,0
 TH-02265,2026-07-26,B,20.2,,,,22643.2,,41,0,,0
 TH-02297,2026-07-26,C,20.2,,,,1.55,,,0,,OK
 TH-02303,2026-07-26,C,20.2,,,,1.12,,,0,,
 TH-02312,2026-07-26,C,20.2,,,35.0,0.97,,,0,ALM_HP_LOWFLOW,OK
 TH-02316,2026-07-26,C,20.2,,,,1.42,,,0,,OK
 TH-02331,2026-07-26,C,20.2,,,,0.77,,,0,,warn
 TH-02337,2026-07-26,C,20.2,,,,0.82,,,0,,OK
 TH-02341,2026-07-26,C,20.2,,,,1.25,,,0,,OK
 TH-02346,2026-07-26,C,20.2,,,,1.28,,,0,,warn
 TH-02347,2026-07-26,C,20.2,,,,1.99,,,0,,
 TH-02348,2026-07-26,C,20.2,,,,2.03,,,0,,OK
 TH-02359,2026-07-26,C,20.2,,,,1.63,,,0,,
 TH-02365,2026-07-26,C,20.2,,,,1.85,,,0,,
 TH-02387,2026-07-26,C,20.2,,,,2.27,,,0,,
 TH-02399,2026-07-26,C,20.2,,,,1.61,,,0,,OK
TH-02001,2026-07-26,A,20.2,32.4,27.6,46.7,1.27,4.3,9,0,,OK
TH-02004,2026-07-26,A,20.2,33.2,26.1,0,1.47,5.9,9,0,E-104,ok
TH-02005,2026-07-26,A,20.2,32.5,25.3,46.7,1.77,6.3,8,0,,ok
TH-02006,2026-07-26,A,20.2,30.7,29.4,50.0,2.38,7.3,13,0,,ok
TH-02007,2026-07-26,A,20.2,30.7,29.3,48.4,1.34,4.3,2,0,E-211,ok
TH-02015,2026-07-26,A,20.2,32.2,26.9,51.9,0.83,3.5,8,0,,OK
TH-02017,2026-07-26,A,20.2,31.1,24.6,51.3,1.53,5.1,8,0,,OK
TH-02019,2026-07-26,A,20.2,33.3,28.7,52.0,0.87,3.0,10,0,,OK
TH-02020,2026-07-26,A,20.2,32.3,27.0,48.2,1.34,4.4,9,0,,ok
TH-02021,2026-07-26,A,20.2,31.6,24.5,48.9,0.97,3.6,7,0,,ok
TH-02025,2026-07-26,A,20.2,30.7,23.7,48.0,1.61,5.0,7,0,,OK
TH-02028,2026-07-26,A,20.2,32.2,25.8,46.6,1.25,4.9,9,0,,OK
TH-02030,2026-07-26,A,20.2,31.4,26.1,47.9,1.51,5.7,4,0,,ok
TH-02031,2026-07-26,A,20.2,32.5,27.9,47.4,1.88,7.5,3,0,,OK
TH-02032,2026-07-26,A,20.2,32.7,27.3,49.5,0.72,3.1,11,0,,ok
TH-02033,2026-07-26,A,20.2,30.9,25.9,51.8,1.12,4.3,5,0,,OK
TH-02034,2026-07-26,A,20.2,33.0,27.2,52.8,0.93,3.4,10,0,,OK
TH-02036,2026-07-26,A,20.2,32.2,27.3,46.8,0.86,3.5,5,0,,ok
TH-02038,2026-07-26,A,20.2,33.2,31.4,47.1,2.27,7.1,12,0,E-211,ok
TH-02044,2026-07-26,A,20.2,32.5,25.7,51.7,1.93,6.3,8,0,,ok
TH-02045,2026-07-26,A,20.2,32.5,27.7,51.8,1.69,6.9,12,0,,OK
TH-02046,2026-07-26,A,20.2,32.8,25.5,48.3,1.56,5.1,8,0,,OK
TH-02047,2026-07-26,A,20.2,32.9,28.2,46.1,1.14,4.4,8,0,,ok
TH-02048,2026-07-26,A,20.2,31.9,25.4,51.3,1.63,6.7,10,0,,OK
TH-02049,2026-07-26,A,20.2,32.6,26.0,50.2,1.02,3.7,9,0,,ok
TH-02050,2026-07-26,A,20.2,32.9,25.6,51.5,0.93,3.3,9,0,,ok
TH-02051,2026-07-26,A,20.2,33.3,27.5,50.9,1.24,5.4,8,0,,ok
TH-02052,2026-07-26,A,20.2,31.4,24.8,47.1,1.1,4.3,7,0,,OK
TH-02054,2026-07-26,A,20.2,32.3,24.9,47.1,1.24,4.7,12,0,,OK
TH-02055,2026-07-26,A,20.2,32.5,27.7,47.8,1.64,7.0,8,0,,ok
TH-02056,2026-07-26,A,20.2,31.1,23.7,48.7,1.49,6.2,9,0,,ok
TH-02061,2026-07-26,A,20.2,31.2,24.6,46.7,1.96,7.0,7,0,,OK
TH-02062,2026-07-26,A,20.2,32.3,25.6,49.0,0.7,3.0,9,0,,ok
TH-02063,2026-07-26,A,20.2,31.6,26.4,47.7,1.22,5.0,8,0,,ok
TH-02065,2026-07-26,A,20.2,33.5,28.5,48.1,1.08,3.5,6,0,,ok
TH-02068,2026-07-26,A,20.2,31.0,24.2,50.9,1.29,4.8,8,0,,OK
TH-02071,2026-07-26,A,20.2,31.9,26.9,49.7,2.09,6.7,6,0,,ok
TH-02072,2026-07-26,A,20.2,31.9,25.3,50.6,1.67,6.9,10,0,,ok
TH-02074,2026-07-26,A,20.2,30.8,25.2,46.8,1.6,6.9,12,0,,ok
TH-02075,2026-07-26,A,20.2,32.5,25.5,48.3,1.9,7.5,5,0,,ok
TH-02076,2026-07-26,A,20.2,31.9,24.7,51.4,0.84,3.3,13,0,,OK
TH-02077,2026-07-26,A,20.2,33.3,28.0,52.9,0.83,3.0,5,0,,ok
TH-02080,2026-07-26,A,20.2,32.6,27.5,47.9,1.56,6.5,9,0,,ok
TH-02081,2026-07-26,A,20.2,32.9,27.8,52.8,2.3,7.2,10,0,,OK
TH-02083,2026-07-26,A,20.2,31.4,24.7,48.4,0.8,3.1,5,0,,OK
TH-02084,2026-07-26,A,20.2,31.7,25.4,51.6,1.92,6.8,7,0,,OK
TH-02085,2026-07-26,A,20.2,31.5,24.8,51.6,0.81,3.4,6,0,,OK
TH-02087,2026-07-26,A,20.2,33.1,25.8,50.7,1.68,6.8,11,0,,ok
TH-02090,2026-07-26,A,20.2,31.7,25.9,52.2,0.95,3.9,10,0,,ok
TH-02094,2026-07-26,A,20.2,31.0,24.2,46.4,1.73,7.4,7,0,,OK
TH-02095,2026-07-26,A,20.2,31.7,26.6,47.2,0.75,3.2,9,0,,ok
TH-02099,2026-07-26,A,20.2,32.8,26.8,52.9,1.41,5.8,8,0,,ok
TH-02100,2026-07-26,A,20.2,31.0,25.4,48.5,2.13,6.6,11,0,E-317,ok
TH-02101,2026-07-26,A,20.2,32.8,26.2,48.5,1.11,3.6,14,0,,ok
TH-02103,2026-07-26,A,20.2,33.0,27.1,48.8,1.04,4.1,9,0,,OK
TH-02109,2026-07-26,A,20.2,32.2,25.4,51.5,1.77,5.7,10,0,,OK
TH-02112,2026-07-26,A,20.2,32.4,25.9,46.8,1.14,3.8,9,0,,OK
TH-02113,2026-07-26,A,20.2,32.8,25.7,47.6,1.05,3.7,11,0,,ok
TH-02114,2026-07-26,A,20.2,31.5,25.4,46.1,1.47,5.1,7,0,,OK
TH-02118,2026-07-26,A,20.2,31.1,25.8,46.9,1.31,5.2,10,0,,ok
TH-02120,2026-07-26,A,20.2,32.7,26.5,49.9,1.72,7.1,9,0,,ok
TH-02121,2026-07-26,A,20.2,33.4,28.3,0,1.19,4.7,9,0,,OK
TH-02122,2026-07-26,A,20.2,31.1,26.3,52.5,0.82,3.2,7,0,,OK
TH-02124,2026-07-26,A,20.2,32.4,25.6,50.8,0.79,3.4,7,0,,OK
TH-02126,2026-07-26,A,20.2,30.7,24.6,49.9,1.12,3.7,9,0,,ok
TH-02130,2026-07-26,A,20.2,31.5,24.3,52.6,1.1,4.7,6,0,E-317,OK
TH-02133,2026-07-26,A,20.2,32.4,26.8,51.1,1.13,4.8,8,0,,ok
TH-02134,2026-07-26,A,20.2,33.0,25.8,47.7,1.99,6.4,4,0,,ok
TH-02135,2026-07-26,A,20.2,-999,26.7,49.7,0.82,3.2,11,0,E-211,ok
TH-02136,2026-07-26,A,20.2,32.5,26.1,47.1,1.38,5.8,11,0,,ok
TH-02137,2026-07-26,A,20.2,31.5,26.5,49.9,1.18,4.8,9,0,,ok
TH-02139,2026-07-26,A,20.2,31.7,26.0,51.8,1.73,7.2,5,0,,ok
TH-02140,2026-07-26,A,20.2,32.5,26.0,46.6,1.2,4.3,4,0,E-104,warn
TH-02141,2026-07-26,B,20.2,,,,17222.4,,10,0,6021,0
TH-02143,2026-07-26,B,20.2,,,,17965.8,,13,0,,0
TH-02145,2026-07-26,B,20.2,,,,4861.6,,6,0,,0
TH-02146,2026-07-26,B,20.2,,,,24554.4,,5,0,,0
TH-02149,2026-07-26,B,20.2,,,,8125.5,,10,0,6021,0
TH-02152,2026-07-26,B,20.2,,,,22570.4,,6,0,,0
TH-02153,2026-07-26,B,20.2,,,,19076.9,,7,0,,0
TH-02155,2026-07-26,B,20.2,,,,4537.2,,5,0,,0
TH-02158,2026-07-26,B,20.2,,,,7124.1,,7,0,6021,0
TH-02160,2026-07-26,B,20.2,,,,14992.0,,6,0,,0
TH-02162,2026-07-26,B,20.2,,,,14701.5,,8,0,6021,0
TH-02166,2026-07-26,B,20.2,,,,17582.4,,10,0,,0
TH-02168,2026-07-26,B,20.2,,,,13697.2,,8,0,,0
TH-02169,2026-07-26,B,20.2,,,,18515.1,,4,0,,0
TH-02170,2026-07-26,B,20.2,,,,11499.8,,10,0,7702,2
TH-02171,2026-07-26,B,20.2,,,,14119.5,,5,0,6021,0
TH-02173,2026-07-26,B,20.2,,,,7004.9,,13,0,,0
TH-02175,2026-07-26,B,20.2,,,,12103.1,,8,0,,0
TH-02177,2026-07-26,B,20.2,,,,12995.5,,8,0,,0
TH-02178,2026-07-26,B,20.2,,,,19553.6,,9,0,6021,0
TH-02180,2026-07-26,B,20.2,,,,11662.8,,10,0,,0
TH-02181,2026-07-26,B,20.2,,,,18794.9,,14,0,,0
TH-02182,2026-07-26,B,20.2,,,,21008.7,,41,0,3104,2
TH-02185,2026-07-26,B,20.2,,,,25276.1,,8,0,,0
TH-02187,2026-07-26,B,20.2,,,,13670.3,,11,0,,0
TH-02188,2026-07-26,B,20.2,,,,24541.8,,9,0,,0
TH-02189,2026-07-26,B,20.2,,,,19408.3,,12,0,,0
TH-02190,2026-07-26,B,20.2,,,,24723.3,,8,0,6021,0
TH-02192,2026-07-26,B,20.2,,,,23434.7,,2,0,6021,0
TH-02195,2026-07-26,B,20.2,,,,14883.6,,32,0,6021,0
TH-02202,2026-07-26,B,20.2,,,,13869.6,,9,0,6021,0
TH-02204,2026-07-26,B,20.2,,,,5231.2,,11,0,,0
TH-02206,2026-07-26,B,20.2,,,,17448.9,,8,0,,0
TH-02207,2026-07-26,B,20.2,,,,13726.1,,11,0,6021,0
TH-02213,2026-07-26,B,20.2,,,,9372.9,,11,0,6021,0
TH-02214,2026-07-26,B,20.2,,,,9176.7,,14,0,,0
TH-02215,2026-07-26,B,20.2,,,,18297.6,,10,0,,0
TH-02221,2026-07-26,B,20.2,,,,16247.9,,33,0,6021,0
TH-02224,2026-07-26,B,20.2,,,,8799.3,,12,0,6021,0
TH-02228,2026-07-26,B,20.2,,,,23978.9,,9,0,6021,0
TH-02230,2026-07-26,B,20.2,,,,25674.6,,11,0,,0
TH-02231,2026-07-26,B,20.2,,,,7625.0,,6,0,6021,0
TH-02234,2026-07-26,B,20.2,,,,13339.6,,13,0,6021,0
TH-02235,2026-07-26,B,20.2,,,,22728.2,,13,0,,0
TH-02236,2026-07-26,B,20.2,,,,4281.9,,6,0,,0
TH-02238,2026-07-26,B,20.2,,,,7823.2,,8,0,,0
TH-02239,2026-07-26,B,20.2,,,,17260.1,,10,0,6021,0
TH-02242,2026-07-26,B,20.2,31.5,26.9,,14389.5,,9,0,,0
TH-02243,2026-07-26,B,20.2,,,,11726.4,,8,0,6021,0
TH-02245,2026-07-26,B,20.2,,,,14982.2,,5,0,6021,0
TH-02246,2026-07-26,B,20.2,,,,15993.8,,8,0,,0
TH-02247,2026-07-26,B,20.2,,,,5528.0,,2,0,6021,0
TH-02248,2026-07-26,B,20.2,,,,23332.1,,6,0,6021,0
TH-02249,2026-07-26,B,20.2,,,,6941.8,,15,0,6021,0
TH-02250,2026-07-26,B,20.2,,,,11227.9,,9,0,,0
TH-02251,2026-07-26,B,20.2,,,,24505.9,,6,0,6021,0
TH-02256,2026-07-26,B,20.2,,,,7898.4,,5,0,6021,0
TH-02257,2026-07-26,B,20.2,,,,21325.6,,8,0,6021,0
TH-02258,2026-07-26,B,20.2,,,,10398.7,,6,0,6021,0
TH-02259,2026-07-26,B,20.2,,,,12329.3,,9,0,,0
TH-02260,2026-07-26,B,20.2,,,,7384.5,,13,0,6021,0
TH-02262,2026-07-26,B,20.2,,,,9225.1,,10,0,,0
TH-02266,2026-07-26,B,20.2,,,,16161.9,,9,0,6021,0
TH-02267,2026-07-26,B,20.2,,,,11584.8,,11,0,6021,0
TH-02269,2026-07-26,B,20.2,,,,12441.1,,11,0,,0
TH-02270,2026-07-26,B,20.2,,,,21982.7,,12,0,6021,0
TH-02271,2026-07-26,B,20.2,,,,4991.6,,11,0,,0
TH-02272,2026-07-26,B,20.2,,,,24897.7,,3,0,6021,0
TH-02273,2026-07-26,B,20.2,,,,19853.2,,9,0,,0
TH-02275,2026-07-26,B,20.2,,,,12387.4,,14,0,,0
TH-02277,2026-07-26,B,20.2,32.1,25.0,,17928.0,,14,0,6021,0
TH-02278,2026-07-26,B,20.2,,,,14868.5,,5,0,,0
TH-02279,2026-07-26,B,20.2,,,,21138.0,,7,0,6021,0
TH-02281,2026-07-26,B,20.2,,,,4300.2,,7,0,,0
TH-02283,2026-07-26,B,20.2,,,,21394.4,,8,0,6021,0
TH-02285,2026-07-26,B,20.2,,,,12875.0,,15,0,6021,0
TH-02286,2026-07-26,B,20.2,,,,7629.7,,6,0,6021,0
TH-02287,2026-07-26,B,20.2,32.6,27.2,,18068.7,,5,0,,0
TH-02290,2026-07-26,B,20.2,,,,7370.0,,33,0,,0
TH-02292,2026-07-26,C,20.2,,,,1.68,,,0,,OK
TH-02294,2026-07-26,C,20.2,,,,1.23,,,0,,OK
TH-02296,2026-07-26,C,20.2,,,,1.91,,,0,ALM_SM_LINK,warn
TH-02298,2026-07-26,C,20.2,,,,1.59,,,0,ALM_HP_LOWFLOW,warn
TH-02299,2026-07-26,C,20.2,,,,1.67,,,0,,OK
TH-02302,2026-07-26,C,20.2,,,,1.72,,,0,,
TH-02307,2026-07-26,C,20.2,,,,0.94,,,0,,OK
TH-02308,2026-07-26,C,20.2,,,,1.24,,,0,,OK
TH-02309,2026-07-26,C,20.2,,,,1.89,,,0,,warn
TH-02314,2026-07-26,C,20.2,,,,0.87,,,0,,warn
TH-02317,2026-07-26,C,20.2,,,,1.09,,,0,,OK
TH-02322,2026-07-26,C,20.2,,,,1.33,,,0,,warn
TH-02323,2026-07-26,C,20.2,,,52.4,1.44,,,0,,
TH-02324,2026-07-26,C,20.2,,,,1.55,,,0,,
TH-02333,2026-07-26,C,20.2,,,,1.25,,,0,,warn
TH-02334,2026-07-26,C,20.2,,,,1.61,,,0,,
TH-02335,2026-07-26,C,20.2,,,,1.43,,,0,,OK
TH-02338,2026-07-26,C,20.2,,,,1.03,,,0,,warn
TH-02339,2026-07-26,C,20.2,,,,1.64,,,0,,OK
TH-02340,2026-07-26,C,20.2,,,,2.17,,,0,,warn
TH-02342,2026-07-26,C,20.2,,,,1.29,,,0,,OK
TH-02343,2026-07-26,C,20.2,31.5,,,0.82,,,0,,warn
TH-02344,2026-07-26,C,20.2,,,,1.07,,,0,,warn
TH-02345,2026-07-26,C,20.2,,,,1.01,,,0,,OK
TH-02351,2026-07-26,C,20.2,,,51.8,2.26,,,0,,OK
TH-02352,2026-07-26,C,20.2,,,,0.79,,,0,,
TH-02354,2026-07-26,C,20.2,,,,1.52,,,0,,OK
TH-02355,2026-07-26,C,20.2,,,,1.75,,,0,,
TH-02358,2026-07-26,C,20.2,,,,1.4,,,0,ALM_HP_HP_SWITCH,OK
TH-02360,2026-07-26,C,20.2,,,,1.67,,,0,,OK
TH-02361,2026-07-26,C,20.2,,,,1.56,,,0,,warn
TH-02363,2026-07-26,C,20.2,,,,2.16,,,0,,warn
TH-02366,2026-07-26,C,20.2,,,,1.62,,,0,,warn
TH-02367,2026-07-26,C,20.2,,,,2.19,,,0,,OK
TH-02371,2026-07-26,C,20.2,,,52.5,1.67,,,0,,warn
TH-02374,2026-07-26,C,20.2,,,,1.59,,,0,,OK
TH-02377,2026-07-26,C,20.2,,,,0.88,,,0,,OK
TH-02379,2026-07-26,C,20.2,,,,1.83,,,0,,warn
TH-02383,2026-07-26,C,20.2,,,,1.5,,,0,,warn
TH-02385,2026-07-26,C,20.2,,,,1.01,,,0,,
TH-02388,2026-07-26,C,20.2,,,,2.32,,,0,,
TH-02389,2026-07-26,C,20.2,,,,1.43,,,0,,warn
TH-02393,2026-07-26,C,20.2,,,,1.46,,,0,,warn
TH-02395,2026-07-26,C,20.2,,,38.2,1.86,,,0,ALM_HP_LOWFLOW,
TH-02396,2026-07-26,C,20.2,,,,1.55,,,0,,OK
TH-02397,2026-07-26,C,20.2,,,,1.41,,,0,,warn
TH-02398,2026-07-26,C,20.2,,,,1.09,,,0,ALM_HP_LOWFLOW,OK
TH-02400,2026-07-26,C,20.2,,,,1.65,,,0,,OK
th-02002,2026-07-26,A,20.2,33.3,27.6,49.9,-0.64,3.5,6,0,,OK
th-02008,2026-07-26,A,20.2,31.7,26.9,50.6,1.09,4.0,16,0,,ok
th-02035,2026-07-26,A,20.2,31.5,24.1,48.5,1.33,4.6,10,0,,OK
th-02037,2026-07-26,A,20.2,31.7,25.9,51.8,0.96,3.8,9,0,,ok
th-02040,2026-07-26,A,20.2,32.4,25.8,50.5,1.56,6.1,5,0,,ok
th-02073,2026-07-26,A,20.2,32.5,31.1,51.1,1.2,3.4,6,0,E-211,OK
th-02097,2026-07-26,A,20.2,30.9,24.8,47.9,1.04,3.3,11,0,,ok
th-02098,2026-07-26,A,20.2,33.0,26.8,52.0,1.58,5.7,13,0,,OK
th-02111,2026-07-26,A,20.2,33.0,28.4,47.9,2.18,6.8,2,0,,ok
th-02125,2026-07-26,A,20.2,33.3,26.7,51.6,1.19,4.4,10,0,,ok
th-02138,2026-07-26,A,20.2,31.4,24.8,51.6,2.0,6.4,9,0,,OK
th-02161,2026-07-26,B,20.2,,,,8331.3,,3,0,,0
th-02165,2026-07-26,B,20.2,,,,15156.1,,11,0,,0
th-02194,2026-07-26,B,20.2,,,,19055.5,,5,0,,0
th-02196,2026-07-26,B,20.2,,,,25272.3,,9,0,6021,0
th-02216,2026-07-26,B,20.2,33.1,26.6,,17214.1,,12,0,,0
th-02223,2026-07-26,B,20.2,,,,22288.0,,16,0,6021,0
th-02226,2026-07-26,B,20.2,,,,9789.3,,9,0,6021,0
th-02240,2026-07-26,B,20.2,,,,8098.9,,8,0,,0
th-02255,2026-07-26,B,20.2,,,,12973.9,,5,0,6021,0
th-02268,2026-07-26,B,20.2,,,,23872.2,,10,0,6021,0
th-02288,2026-07-26,B,20.2,,,,5473.6,,7,0,6021,0
th-02300,2026-07-26,C,20.2,,,,1.72,,,0,,warn
th-02313,2026-07-26,C,20.2,,,,1.06,,,0,,OK
th-02319,2026-07-26,C,20.2,,,,1.54,,,0,,
th-02336,2026-07-26,C,20.2,,,,1.35,,,0,,warn
th-02357,2026-07-26,C,20.2,,,,0.94,,,0,,
th-02375,2026-07-26,C,20.2,,,,1.82,,,0,,warn
th-02380,2026-07-26,C,20.2,,,,1.95,,,0,,
th-02381,2026-07-26,C,20.2,,,,2.11,,,0,,OK
 TH-02068,2026-07-27,A,16.9,32.8,25.4,46.9,1.43,5.7,12,0,,OK
 TH-02143,2026-07-27,B,16.9,,,,17966.8,,4,0,,0
 TH-02159,2026-07-27,B,16.9,,,,12124.3,,4,0,,0
 TH-02168,2026-07-27,B,16.9,,,,13698.7,,14,0,6021,0
 TH-02171,2026-07-27,B,16.9,,,,14120.4,,8,0,6021,0
 TH-02192,2026-07-27,B,16.9,,,,23436.1,,6,0,,0
 TH-02240,2026-07-27,B,16.9,,,,8100.7,,10,0,6021,0
 TH-02258,2026-07-27,B,16.9,,,,10400.4,,5,0,6021,0
 TH-02269,2026-07-27,B,16.9,,,,12442.4,,7,0,6021,0
 TH-02285,2026-07-27,B,16.9,,,,12876.3,,7,0,6021,0
 TH-02290,2026-07-27,B,16.9,,,,7371.7,,36,0,3104,2
 TH-02294,2026-07-27,C,16.9,,,,1.32,,,0,,warn
 TH-02303,2026-07-27,C,16.9,,,,1.88,,,0,,
 TH-02317,2026-07-27,C,16.9,,,,1.33,,,0,,
 TH-02341,2026-07-27,C,16.9,,,,1.55,,,0,,
 TH-02361,2026-07-27,C,16.9,,,,1.98,,,0,,OK
 TH-02371,2026-07-27,C,16.9,,,,1.62,,,0,,warn
 TH-02377,2026-07-27,C,16.9,30.8,,,1.44,,,0,,
TH-02001,2026-07-27,A,16.9,31.8,25.7,51.1,0.87,3.8,8,0,,ok
TH-02002,2026-07-27,A,16.9,33.5,27.9,49.7,1.13,4.7,9,0,,OK
TH-02004,2026-07-27,A,16.9,30.7,23.2,49.6,2.12,7.3,11,0,,ok
TH-02005,2026-07-27,A,16.9,32.2,24.8,46.9,1.05,3.6,8,0,,OK
TH-02006,2026-07-27,A,16.9,30.6,29.0,50.4,1.3,4.0,13,0,,ok
TH-02008,2026-07-27,A,16.9,30.6,25.7,47.1,1.07,4.5,9,0,,ok
TH-02009,2026-07-27,A,16.9,30.6,26.0,50.2,0.97,3.7,5,0,E-104,ok
TH-02011,2026-07-27,A,16.9,33.1,27.3,48.3,1.07,4.3,5,0,,ok
TH-02012,2026-07-27,A,16.9,31.6,26.1,49.3,1.82,7.5,5,0,,OK
TH-02015,2026-07-27,A,16.9,32.9,26.6,50.2,2.18,7.1,5,0,,ok
TH-02016,2026-07-27,A,16.9,31.8,25.1,48.9,1.17,4.5,11,0,,ok
TH-02017,2026-07-27,A,16.9,31.6,25.3,48.4,1.59,5.7,8,0,,ok
TH-02019,2026-07-27,A,16.9,32.9,26.9,48.4,2.02,6.9,10,0,,OK
TH-02021,2026-07-27,A,16.9,30.8,24.1,51.0,1.35,4.6,10,0,,OK
TH-02025,2026-07-27,A,16.9,31.0,24.1,46.6,0.97,3.3,5,0,,OK
TH-02028,2026-07-27,A,16.9,33.3,27.9,46.7,1.78,6.5,10,0,,OK
TH-02030,2026-07-27,A,16.9,31.5,26.6,47.0,1.65,7.1,10,0,,ok
TH-02031,2026-07-27,A,16.9,31.2,25.0,46.1,1.75,6.2,7,0,,OK
TH-02032,2026-07-27,A,16.9,32.9,28.0,51.5,1.35,4.6,10,0,,OK
TH-02033,2026-07-27,A,16.9,32.6,25.7,50.9,1.71,5.9,11,0,,ok
TH-02035,2026-07-27,A,16.9,30.6,25.6,52.0,2.0,7.6,14,0,,ok
TH-02038,2026-07-27,A,16.9,31.2,30.0,50.1,1.52,4.5,11,0,,OK
TH-02040,2026-07-27,A,16.9,33.1,28.2,51.2,2.19,7.6,14,0,,OK
TH-02044,2026-07-27,A,16.9,32.0,26.1,47.7,1.5,5.4,6,0,,ok
TH-02045,2026-07-27,A,16.9,30.8,25.6,52.5,0.9,3.6,9,0,,OK
TH-02046,2026-07-27,A,16.9,33.4,27.3,50.3,1.86,6.9,9,0,,OK
TH-02047,2026-07-27,A,16.9,31.8,24.3,47.7,1.4,5.6,7,0,,OK
TH-02048,2026-07-27,A,16.9,33.2,25.7,51.9,1.27,4.8,9,0,,OK
TH-02049,2026-07-27,A,16.9,33.3,26.4,50.0,1.15,4.0,8,0,,OK
TH-02050,2026-07-27,A,16.9,33.5,27.5,50.4,0.85,3.6,7,0,,ok
TH-02052,2026-07-27,A,16.9,31.4,25.2,47.8,2.15,7.6,8,0,,OK
TH-02053,2026-07-27,A,16.9,33.2,25.7,49.3,1.83,5.7,7,0,,OK
TH-02054,2026-07-27,A,16.9,33.4,26.9,49.2,1.64,7.2,13,0,E-211,ok
TH-02055,2026-07-27,A,16.9,30.6,26.0,47.1,1.71,6.6,10,0,,ok
TH-02056,2026-07-27,A,16.9,33.1,28.0,46.6,1.51,6.0,10,0,,OK
TH-02061,2026-07-27,A,16.9,32.0,26.6,48.1,1.31,5.5,11,0,,ok
TH-02062,2026-07-27,A,16.9,31.8,26.1,51.8,1.71,6.3,3,0,,ok
TH-02063,2026-07-27,A,16.9,31.0,23.8,48.1,1.76,6.1,9,0,,ok
TH-02065,2026-07-27,A,16.9,31.8,26.5,46.3,0.99,3.9,10,0,E-505,ok
TH-02071,2026-07-27,A,16.9,31.9,25.6,47.3,1.6,6.0,10,0,,OK
TH-02072,2026-07-27,A,16.9,33.1,28.1,49.2,1.66,6.8,10,0,,OK
TH-02075,2026-07-27,A,16.9,33.4,28.1,52.3,1.67,6.0,14,0,E-211,ok
TH-02076,2026-07-27,A,16.9,33.0,28.0,50.3,1.28,4.4,16,0,,ok
TH-02080,2026-07-27,A,16.9,33.3,27.1,52.7,1.63,6.6,12,0,,OK
TH-02081,2026-07-27,A,16.9,32.9,26.1,47.0,1.3,5.5,9,0,,ok
TH-02083,2026-07-27,A,16.9,33.0,28.1,48.6,1.9,7.2,6,0,,ok
TH-02084,2026-07-27,A,16.9,32.8,28.1,48.1,1.16,5.0,9,0,,OK
TH-02085,2026-07-27,A,16.9,32.1,27.0,52.9,1.31,4.2,12,0,,ok
TH-02086,2026-07-27,A,16.9,32.3,27.7,52.4,1.55,5.5,11,0,,ok
TH-02091,2026-07-27,A,16.9,32.8,31.2,52.4,1.98,4.7,6,0,,OK
TH-02093,2026-07-27,A,16.9,31.7,26.3,46.9,1.45,5.9,8,0,,OK
TH-02094,2026-07-27,A,16.9,31.6,25.5,51.2,1.17,5.1,6,0,,OK
TH-02095,2026-07-27,A,16.9,31.1,25.4,47.2,1.2,5.2,6,0,,OK
TH-02097,2026-07-27,A,16.9,32.8,27.1,52.6,1.64,7.0,11,0,,ok
TH-02098,2026-07-27,A,16.9,32.7,26.6,49.5,1.16,4.3,4,0,,ok
TH-02099,2026-07-27,A,16.9,31.8,25.1,46.5,1.6,6.9,11,0,,OK
TH-02101,2026-07-27,A,16.9,31.4,25.8,53.0,0.92,4.0,4,0,,ok
TH-02109,2026-07-27,A,16.9,32.8,26.9,48.8,1.19,4.5,9,0,,ok
TH-02111,2026-07-27,A,16.9,33.3,26.4,52.2,2.07,7.5,11,0,,ok
TH-02112,2026-07-27,A,16.9,32.5,27.4,48.7,1.02,4.4,5,0,,ok
TH-02113,2026-07-27,A,16.9,32.2,26.1,47.7,1.48,6.3,9,0,E-104,warn
TH-02114,2026-07-27,A,16.9,32.5,27.7,46.0,1.96,7.2,10,0,,ok
TH-02118,2026-07-27,A,16.9,32.3,26.9,51.1,1.54,6.2,9,0,,ok
TH-02120,2026-07-27,A,16.9,31.5,25.3,47.9,1.0,4.3,11,0,,ok
TH-02121,2026-07-27,A,16.9,32.3,25.9,51.1,1.22,4.7,8,0,,OK
TH-02122,2026-07-27,A,16.9,32.9,27.3,47.3,1.07,3.4,10,0,,OK
TH-02124,2026-07-27,A,16.9,32.6,26.3,50.0,1.68,5.5,12,0,,ok
TH-02125,2026-07-27,A,16.9,32.7,25.6,49.7,1.43,5.1,10,0,,ok
TH-02126,2026-07-27,A,16.9,32.3,26.4,52.5,1.73,7.6,12,0,,ok
TH-02127,2026-07-27,A,16.9,33.5,27.9,49.2,1.19,5.0,12,0,,OK
TH-02129,2026-07-27,A,16.9,31.2,25.9,48.1,1.23,4.4,3,0,,ok
TH-02130,2026-07-27,A,16.9,30.8,23.5,48.3,1.27,4.7,16,0,,OK
TH-02132,2026-07-27,A,16.9,33.1,32.0,52.2,2.85,6.7,10,0,E-211,warn
TH-02133,2026-07-27,A,16.9,32.6,27.8,46.4,1.33,4.5,8,0,,ok
TH-02134,2026-07-27,A,16.9,33.3,27.0,46.4,0.79,3.4,2,0,,ok
TH-02135,2026-07-27,A,16.9,30.9,24.5,48.4,1.48,5.9,7,0,,ok
TH-02136,2026-07-27,A,16.9,32.7,25.8,49.2,1.1,3.9,6,0,,OK
TH-02137,2026-07-27,A,16.9,30.7,26.1,49.5,1.65,6.3,6,0,,ok
TH-02138,2026-07-27,A,16.9,31.8,25.8,50.6,1.83,7.5,8,0,,OK
TH-02139,2026-07-27,A,16.9,30.7,24.8,50.2,2.07,7.0,9,0,,ok
TH-02140,2026-07-27,A,16.9,32.4,25.3,50.7,1.26,4.4,13,0,,ok
TH-02141,2026-07-27,B,16.9,,,,17224.1,,12,0,6021,0
TH-02144,2026-07-27,B,16.9,,,,12994.9,,11,0,6021,0
TH-02145,2026-07-27,B,16.9,,,,4863.1,,8,0,6021,0
TH-02146,2026-07-27,B,16.9,,,,24555.5,,10,0,,0
TH-02148,2026-07-27,B,16.9,,,,12953.5,,5,0,6021,0
TH-02152,2026-07-27,B,16.9,,,,22571.8,,4,0,,0
TH-02155,2026-07-27,B,16.9,,,,4538.0,,9,0,6021,0
TH-02160,2026-07-27,B,16.9,,,,14993.0,,9,0,6021,0
TH-02161,2026-07-27,B,16.9,,,,8333.0,,9,0,,0
TH-02162,2026-07-27,B,16.9,,,,14702.7,,5,0,,0
TH-02165,2026-07-27,B,16.9,,,,15157.7,,5,0,,0
TH-02166,2026-07-27,B,16.9,,,,17583.5,,8,0,,0
TH-02169,2026-07-27,B,16.9,,,,18516.2,,8,0,,0
TH-02170,2026-07-27,B,16.9,,,,11500.9,,6,0,,0
TH-02173,2026-07-27,B,16.9,,,,7006.5,,9,0,,0
TH-02175,2026-07-27,B,16.9,,,,12104.7,,11,0,6021,0
TH-02176,2026-07-27,B,16.9,,,,5467.6,,13,0,3104,2
TH-02177,2026-07-27,B,16.9,,,,12996.5,,11,0,,0
TH-02178,2026-07-27,B,16.9,,,,19555.7,,12,0,6021,0
TH-02180,2026-07-27,B,16.9,,,,11663.9,,12,0,6021,0
TH-02181,2026-07-27,B,16.9,,,,18796.1,,5,0,,0
TH-02182,2026-07-27,B,16.9,,,,21011.6,,38,0,,0
TH-02184,2026-07-27,B,16.9,,,,20341.4,,9,0,6021,0
TH-02185,2026-07-27,B,16.9,,,,25277.2,,10,0,,0
TH-02187,2026-07-27,B,16.9,,,,13671.6,,9,0,,0
TH-02188,2026-07-27,B,16.9,,,,24543.3,,7,0,6021,0
TH-02189,2026-07-27,B,16.9,,,,19410.2,,6,0,6021,0
TH-02190,2026-07-27,B,16.9,,,,24725.3,,8,0,,0
TH-02194,2026-07-27,B,16.9,,,,19056.7,,8,0,6021,0
TH-02195,2026-07-27,B,16.9,,,,14885.5,,41,0,,0
TH-02202,2026-07-27,B,16.9,,,,13871.5,,11,0,,0
TH-02204,2026-07-27,B,16.9,,,,5233.1,,3,0,6021,0
TH-02206,2026-07-27,B,16.9,,,,17449.9,,7,0,,0
TH-02207,2026-07-27,B,16.9,,,,13727.1,,9,0,,0
TH-02213,2026-07-27,B,16.9,,,,9374.2,,11,0,,0
TH-02214,2026-07-27,B,16.9,32.4,25.8,,9178.2,,6,0,,0
TH-02216,2026-07-27,B,16.9,,,,17216.4,,12,0,6021,0
TH-02221,2026-07-27,B,16.9,,,,16249.4,,46,0,,0
TH-02223,2026-07-27,B,16.9,,,,22289.6,,12,0,6021,0
TH-02224,2026-07-27,B,16.9,,,,8801.1,,12,0,6021,0
TH-02226,2026-07-27,B,16.9,,,,9790.2,,11,0,6021,0
TH-02228,2026-07-27,B,16.9,,,,23980.0,,13,0,6021,0
TH-02230,2026-07-27,B,16.9,,,,25675.7,,6,0,,0
TH-02231,2026-07-27,B,16.9,,,,7626.8,,9,0,6021,0
TH-02234,2026-07-27,B,16.9,32.6,26.4,,13340.6,,10,0,6021,0
TH-02235,2026-07-27,B,16.9,,,,22729.6,,16,0,,0
TH-02236,2026-07-27,B,16.9,,,,4283.5,,7,0,,0
TH-02238,2026-07-27,B,16.9,,,,7824.0,,10,0,6021,0
TH-02242,2026-07-27,B,16.9,,,,14390.8,,9,0,,0
TH-02243,2026-07-27,B,16.9,,,,11727.6,,7,0,,0
TH-02244,2026-07-27,B,16.9,,,,16923.2,,9,0,6021,0
TH-02246,2026-07-27,B,16.9,,,,15995.4,,6,0,,0
TH-02247,2026-07-27,B,16.9,,,,5529.7,,5,0,,0
TH-02248,2026-07-27,B,16.9,,,,23333.4,,11,0,6021,0
TH-02249,2026-07-27,B,16.9,,,,6943.7,,3,0,,0
TH-02255,2026-07-27,B,16.9,,,,12975.0,,9,0,,0
TH-02256,2026-07-27,B,16.9,,,,7899.5,,9,0,,0
TH-02257,2026-07-27,B,16.9,,,,21327.8,,10,0,,0
TH-02260,2026-07-27,B,16.9,,,,7386.0,,8,0,6021,0
TH-02262,2026-07-27,B,16.9,,,,9226.3,,6,0,6021,0
TH-02265,2026-07-27,B,16.9,,,,22645.0,,36,0,3104,2
TH-02266,2026-07-27,B,16.9,,,,16163.1,,12,0,,0
TH-02267,2026-07-27,B,16.9,,,,11585.8,,8,0,,0
TH-02268,2026-07-27,B,16.9,,,,23874.3,,10,0,,0
TH-02272,2026-07-27,B,16.9,,,,24899.5,,8,0,6021,0
TH-02273,2026-07-27,B,16.9,,,,19854.9,,6,0,6021,0
TH-02275,2026-07-27,B,16.9,,,,12389.1,,3,0,6021,0
TH-02277,2026-07-27,B,16.9,,,,17929.4,,8,0,6021,0
TH-02278,2026-07-27,B,16.9,,,,14869.7,,8,0,,0
TH-02279,2026-07-27,B,16.9,,,,21139.7,,12,0,6021,0
TH-02281,2026-07-27,B,16.9,,,,4302.3,,12,0,6021,0
TH-02283,2026-07-27,B,16.9,,,,21396.1,,5,0,7702,2
TH-02286,2026-07-27,B,16.9,,,,7631.9,,10,0,3104,2
TH-02287,2026-07-27,B,16.9,,,,18069.9,,11,0,,0
TH-02288,2026-07-27,B,16.9,,,,5475.3,,8,0,6021,0
TH-02296,2026-07-27,C,16.9,,,,1.46,,,0,,warn
TH-02297,2026-07-27,C,16.9,32.6,,,1.9,,,0,,
TH-02298,2026-07-27,C,16.9,,,,1.5,,,0,ALM_HP_LOWFLOW,
TH-02299,2026-07-27,C,16.9,,,,0.98,,,0,,warn
TH-02300,2026-07-27,C,16.9,,,,1.91,,,0,,warn
TH-02302,2026-07-27,C,16.9,,,,1.44,,,0,,warn
TH-02307,2026-07-27,C,16.9,,,,1.46,,,0,ALM_SM_LINK,warn
TH-02308,2026-07-27,C,16.9,,,,1.72,,,0,,OK
TH-02309,2026-07-27,C,16.9,,,,1.83,,,0,,warn
TH-02311,2026-07-27,C,16.9,,,,1.86,,,0,,warn
TH-02313,2026-07-27,C,16.9,,,,2.02,,,0,,warn
TH-02314,2026-07-27,C,16.9,,,,2.11,,,0,,
TH-02319,2026-07-27,C,16.9,,,,0.97,,,0,,
TH-02322,2026-07-27,C,16.9,31.8,,,1.35,,,0,,
TH-02323,2026-07-27,C,16.9,,,,1.37,,,0,,warn
TH-02331,2026-07-27,C,16.9,,,,1.76,,,0,ALM_SM_LINK,warn
TH-02333,2026-07-27,C,16.9,,,,1.18,,,0,,OK
TH-02334,2026-07-27,C,16.9,,,,1.35,,,0,,
TH-02335,2026-07-27,C,16.9,,,,1.02,,,0,,warn
TH-02336,2026-07-27,C,16.9,,,,1.88,,,0,,OK
TH-02337,2026-07-27,C,16.9,,,,1.71,,,0,,OK
TH-02338,2026-07-27,C,16.9,,,,2.08,,,0,,OK
TH-02339,2026-07-27,C,16.9,,,,2.17,,,0,,warn
TH-02340,2026-07-27,C,16.9,,,,1.88,,,0,,
TH-02342,2026-07-27,C,16.9,,,47.0,2.16,,,0,,OK
TH-02343,2026-07-27,C,16.9,,,,1.03,,,0,,warn
TH-02346,2026-07-27,C,16.9,,,,1.66,,,0,,warn
TH-02347,2026-07-27,C,16.9,,,,1.1,,,0,,warn
TH-02348,2026-07-27,C,16.9,,,,1.42,,,0,,
TH-02351,2026-07-27,C,16.9,,,,2.26,,,0,,OK
TH-02352,2026-07-27,C,16.9,,,,1.14,,,0,,warn
TH-02354,2026-07-27,C,16.9,,,,1.23,,,0,,OK
TH-02355,2026-07-27,C,16.9,,,,1.79,,,0,,
TH-02357,2026-07-27,C,16.9,33.4,,,1.38,,,0,ALM_HP_HP_SWITCH,OK
TH-02358,2026-07-27,C,16.9,,,,1.1,,,0,,
TH-02359,2026-07-27,C,16.9,,,,1.43,,,0,,warn
TH-02360,2026-07-27,C,16.9,,,,0.84,,,0,,OK
TH-02365,2026-07-27,C,16.9,,,,1.58,,,0,,OK
TH-02366,2026-07-27,C,16.9,,,,1.57,,,0,,OK
TH-02367,2026-07-27,C,16.9,,,,1.28,,,0,,warn
TH-02374,2026-07-27,C,16.9,,,,1.2,,,0,,warn
TH-02375,2026-07-27,C,16.9,,,,0.84,,,0,,warn
TH-02379,2026-07-27,C,16.9,,,,1.9,,,0,,
TH-02380,2026-07-27,C,16.9,,,,1.85,,,0,,OK
TH-02381,2026-07-27,C,16.9,,,,1.12,,,0,,warn
TH-02383,2026-07-27,C,16.9,,,,1.71,,,0,,OK
TH-02384,2026-07-27,C,16.9,,,,1.31,,,0,,OK
TH-02385,2026-07-27,C,16.9,,,,1.07,,,0,,
TH-02387,2026-07-27,C,16.9,,,,1.39,,,0,,
TH-02388,2026-07-27,C,16.9,,,51.4,1.22,,,0,,OK
TH-02389,2026-07-27,C,16.9,,,47.2,1.66,,,0,,
TH-02393,2026-07-27,C,16.9,,,,1.41,,,0,,warn
TH-02395,2026-07-27,C,16.9,,,,0.98,,,0,ALM_HP_LOWFLOW,
TH-02396,2026-07-27,C,16.9,,,,2.03,,,0,,
TH-02397,2026-07-27,C,16.9,,,,1.44,,,0,,warn
TH-02399,2026-07-27,C,16.9,,,,1.77,,,0,,
TH-02400,2026-07-27,C,16.9,,,,1.24,,,0,,
TH-90000,2026-07-27,C,16.9,,,,12.15,,,0,,OK
TH-90001,2026-07-27,C,16.9,,,,8.24,,,0,,OK
TH-90002,2026-07-27,C,16.9,,,,3.58,,,0,,OK
TH-90003,2026-07-27,C,16.9,,,,3.56,,,0,,OK
TH-90004,2026-07-27,C,16.9,,,,10.82,,,0,,OK
th-02007,2026-07-27,A,16.9,31.4,30.1,48.4,2.09,5.7,6,0,,OK
th-02020,2026-07-27,A,16.9,31.8,27.1,46.6,1.26,4.6,11,0,,OK
th-02034,2026-07-27,A,16.9,33.0,26.9,48.6,1.13,4.1,10,0,,OK
th-02036,2026-07-27,A,16.9,32.1,27.5,50.9,1.12,3.9,3,0,,OK
th-02037,2026-07-27,A,16.9,31.1,26.1,48.0,2.09,6.8,8,0,,OK
th-02051,2026-07-27,A,16.9,32.4,26.0,52.0,1.74,6.9,10,0,,OK
th-02073,2026-07-27,A,16.9,32.1,30.5,52.8,1.94,6.1,11,0,,ok
th-02074,2026-07-27,A,16.9,33.1,26.1,52.4,1.41,6.0,5,0,,ok
th-02077,2026-07-27,A,16.9,32.9,26.6,46.0,0.84,3.5,11,0,,ok
th-02078,2026-07-27,A,16.9,32.9,27.0,52.5,1.83,6.7,9,0,,ok
th-02087,2026-07-27,A,16.9,32.8,26.6,52.1,0.99,3.6,8,0,,OK
th-02100,2026-07-27,A,16.9,30.9,25.4,49.6,2.15,7.1,17,0,,ok
th-02103,2026-07-27,A,16.9,33.3,26.9,48.9,1.69,7.2,6,0,,OK
th-02153,2026-07-27,B,16.9,,,,19078.8,,7,0,,0
th-02158,2026-07-27,B,16.9,,,,7125.8,,10,0,,0
th-02239,2026-07-27,B,16.9,,,,17261.2,,8,0,,0
th-02245,2026-07-27,B,16.9,,,,14983.4,,7,0,6021,0
th-02250,2026-07-27,B,16.9,,,,11229.4,,6,0,,0
th-02259,2026-07-27,B,16.9,,,,12330.9,,12,0,7702,2
th-02270,2026-07-27,B,16.9,,,,21984.2,,6,0,,0
th-02271,2026-07-27,B,16.9,,,,4992.9,,9,0,,0
th-02292,2026-07-27,C,16.9,,,,1.92,,,0,ALM_HP_HP_SWITCH,OK
th-02312,2026-07-27,C,16.9,,,,1.84,,,0,ALM_HP_LOWFLOW,OK
th-02316,2026-07-27,C,16.9,,,,2.24,,,0,,warn
th-02324,2026-07-27,C,16.9,,,,2.05,,,0,,warn
th-02345,2026-07-27,C,16.9,,,,1.01,,,0,,OK
th-02363,2026-07-27,C,16.9,,,,1.08,,,0,,warn
th-02398,2026-07-27,C,16.9,,,,2.09,,,0,ALM_HP_LOWFLOW,OK
 TH-02009,2026-07-28,A,20.5,31.3,26.4,47.7,1.21,4.3,6,0,,OK
 TH-02020,2026-07-28,A,20.5,31.7,26.6,50.7,1.43,4.9,10,0,,ok
 TH-02051,2026-07-28,A,20.5,32.2,26.6,48.4,1.37,5.7,8,0,,ok
 TH-02074,2026-07-28,A,20.5,31.2,25.6,52.2,1.24,4.5,3,0,,ok
 TH-02076,2026-07-28,A,20.5,31.6,24.4,50.3,1.42,5.6,11,0,,OK
 TH-02086,2026-07-28,A,20.5,30.5,23.3,48.4,0.89,3.3,9,0,,OK
 TH-02135,2026-07-28,A,20.5,32.5,27.5,47.9,2.05,7.0,11,0,,ok
 TH-02173,2026-07-28,B,20.5,,,,7008.0,,5,0,6021,0
 TH-02184,2026-07-28,B,20.5,,,,20342.6,,14,0,,0
 TH-02231,2026-07-28,B,20.5,,,,7627.8,,11,0,6021,0
 TH-02245,2026-07-28,B,20.5,,,,14984.4,,11,0,,0
 TH-02257,2026-07-28,B,20.5,,,,21329.3,,8,0,,0
 TH-02258,2026-07-28,B,20.5,,,,10402.0,,6,0,,0
 TH-02272,2026-07-28,B,20.5,,,,24901.0,,9,0,6021,0
 TH-02273,2026-07-28,B,20.5,,,,19855.8,,10,0,,0
 TH-02279,2026-07-28,B,20.5,32.3,25.8,,21140.9,,9,0,6021,0
 TH-02286,2026-07-28,B,20.5,,,,7633.4,,16,0,6021,0
 TH-02303,2026-07-28,C,20.5,,,,1.59,,,0,,OK
 TH-02311,2026-07-28,C,20.5,,,,1.44,,,0,,warn
 TH-02334,2026-07-28,C,20.5,,,,1.72,,,0,,
 TH-02346,2026-07-28,C,20.5,,,,1.17,,,0,,OK
 TH-02352,2026-07-28,C,20.5,,,,1.56,,,0,,OK
 TH-02399,2026-07-28,C,20.5,,,49.0,1.51,,,0,,warn
TH-02001,2026-07-28,A,20.5,31.3,23.9,50.3,1.89,6.3,4,0,,ok
TH-02002,2026-07-28,A,20.5,33.1,27.0,52.2,1.14,4.6,11,0,,OK
TH-02004,2026-07-28,A,20.5,32.1,25.3,51.2,1.5,6.6,11,0,,ok
TH-02005,2026-07-28,A,20.5,33.1,28.1,49.7,2.26,7.5,10,0,,OK
TH-02006,2026-07-28,A,20.5,31.7,30.7,50.4,2.5,6.5,11,0,,OK
TH-02007,2026-07-28,A,20.5,30.6,29.6,49.4,2.35,5.5,9,0,,ok
TH-02011,2026-07-28,A,20.5,30.6,23.7,52.6,2.07,6.8,7,0,,ok
TH-02012,2026-07-28,A,20.5,33.0,28.2,52.3,2.2,6.9,10,0,,OK
TH-02015,2026-07-28,A,20.5,31.7,26.5,51.9,1.55,6.0,16,0,,ok
TH-02016,2026-07-28,A,20.5,31.3,25.8,46.5,0.93,4.0,11,0,,OK
TH-02017,2026-07-28,A,20.5,33.3,27.4,46.9,1.31,4.1,11,0,,OK
TH-02019,2026-07-28,A,20.5,31.1,24.9,46.0,1.56,6.0,9,0,,OK
TH-02021,2026-07-28,A,20.5,32.1,26.5,51.3,1.66,6.2,12,0,,ok
TH-02025,2026-07-28,A,20.5,31.0,26.2,48.2,1.72,7.3,7,0,,ok
TH-02028,2026-07-28,A,20.5,32.1,25.6,51.7,1.29,4.5,9,0,,ok
TH-02030,2026-07-28,A,20.5,31.8,25.4,47.6,1.14,4.4,7,0,,ok
TH-02031,2026-07-28,A,20.5,32.7,26.1,50.3,1.73,7.2,5,0,,ok
TH-02032,2026-07-28,A,20.5,31.0,24.6,52.1,1.07,4.7,12,0,,OK
TH-02033,2026-07-28,A,20.5,31.4,24.9,47.5,1.71,5.9,14,0,,ok
TH-02035,2026-07-28,A,20.5,32.2,25.9,51.4,1.57,6.4,9,0,,ok
TH-02036,2026-07-28,A,20.5,31.5,24.7,51.3,1.77,7.3,7,0,,ok
TH-02037,2026-07-28,A,20.5,31.0,25.5,48.0,1.98,6.4,12,0,,OK
TH-02038,2026-07-28,A,20.5,30.9,29.7,46.2,1.51,4.4,12,0,E-211,OK
TH-02044,2026-07-28,A,20.5,32.7,26.9,46.6,0.81,3.1,11,0,,ok
TH-02045,2026-07-28,A,20.5,30.6,23.8,46.6,0.81,3.5,9,0,,OK
TH-02046,2026-07-28,A,20.5,32.5,26.2,46.2,2.0,6.9,10,0,,OK
TH-02048,2026-07-28,A,20.5,31.3,23.8,50.5,1.95,6.4,4,0,,OK
TH-02049,2026-07-28,A,20.5,31.4,26.5,48.8,1.45,4.8,8,0,,ok
TH-02050,2026-07-28,A,20.5,30.6,23.1,51.1,1.24,4.6,8,0,,OK
TH-02054,2026-07-28,A,20.5,33.1,25.8,48.1,1.05,4.5,11,0,,ok
TH-02055,2026-07-28,A,20.5,33.1,25.9,46.1,1.54,6.0,6,0,,ok
TH-02061,2026-07-28,A,20.5,32.9,26.5,49.8,1.16,4.9,10,0,,ok
TH-02063,2026-07-28,A,20.5,33.4,28.6,47.1,1.63,5.7,8,0,,ok
TH-02068,2026-07-28,A,20.5,31.0,25.2,49.3,1.77,5.8,10,0,,OK
TH-02071,2026-07-28,A,20.5,30.9,24.2,50.4,1.64,5.1,11,0,,OK
TH-02072,2026-07-28,A,20.5,31.6,24.6,52.1,1.47,6.0,6,0,,OK
TH-02073,2026-07-28,A,20.5,31.6,30.5,49.3,1.2,3.3,13,0,,OK
TH-02075,2026-07-28,A,20.5,32.6,25.6,51.0,1.37,4.9,10,0,,ok
TH-02077,2026-07-28,A,20.5,32.1,24.9,52.8,1.15,3.9,8,0,,OK
TH-02078,2026-07-28,A,20.5,33.1,26.0,52.6,1.71,5.9,7,0,,ok
TH-02081,2026-07-28,A,20.5,30.8,25.8,52.4,1.35,4.6,7,0,,ok
TH-02083,2026-07-28,A,20.5,33.1,26.2,51.9,0.75,3.1,8,0,,OK
TH-02084,2026-07-28,A,20.5,32.8,25.5,51.2,1.84,7.0,9,0,,ok
TH-02087,2026-07-28,A,20.5,32.0,24.7,49.6,1.7,6.7,7,0,,ok
TH-02090,2026-07-28,A,20.5,32.3,25.5,50.4,1.73,5.5,8,0,,ok
TH-02091,2026-07-28,A,20.5,30.8,29.4,48.5,2.97,7.0,15,0,E-211,warn
TH-02093,2026-07-28,A,20.5,32.9,27.4,48.7,0.83,3.5,5,0,,OK
TH-02094,2026-07-28,A,20.5,32.4,26.1,51.0,0.88,3.2,8,0,,ok
TH-02095,2026-07-28,A,20.5,31.8,26.2,51.5,1.0,3.7,5,0,,ok
TH-02097,2026-07-28,A,20.5,32.6,28.0,52.9,1.2,4.0,5,0,,ok
TH-02098,2026-07-28,A,20.5,33.0,28.1,50.7,1.19,4.9,5,0,,OK
TH-02099,2026-07-28,A,20.5,33.2,27.0,46.6,0.89,3.4,6,0,,OK
TH-02100,2026-07-28,A,20.5,30.8,24.7,51.9,1.71,7.4,5,0,,ok
TH-02101,2026-07-28,A,20.5,32.9,27.5,52.4,1.63,5.4,4,0,,OK
TH-02103,2026-07-28,A,20.5,33.2,27.2,52.4,1.24,4.5,14,0,,ok
TH-02109,2026-07-28,A,20.5,33.1,28.3,52.6,0.94,3.4,10,0,,ok
TH-02111,2026-07-28,A,20.5,32.4,26.0,49.4,1.14,4.9,3,0,,ok
TH-02112,2026-07-28,A,20.5,33.2,27.3,51.2,1.59,6.0,7,0,,OK
TH-02114,2026-07-28,A,20.5,30.5,25.0,52.9,1.04,3.4,12,0,,ok
TH-02118,2026-07-28,A,20.5,32.3,27.3,46.7,1.41,5.3,2,0,,OK
TH-02120,2026-07-28,A,20.5,31.0,25.4,51.5,0.87,3.4,11,0,,ok
TH-02121,2026-07-28,A,20.5,33.1,28.0,47.6,1.46,6.0,7,0,,OK
TH-02122,2026-07-28,A,20.5,31.0,23.7,46.8,1.36,5.0,5,0,,OK
TH-02124,2026-07-28,A,20.5,30.9,24.7,46.2,1.72,5.7,7,0,,ok
TH-02125,2026-07-28,A,20.5,33.0,28.4,52.0,1.69,6.6,11,0,,ok
TH-02126,2026-07-28,A,20.5,32.3,26.3,52.8,1.88,7.3,7,0,,OK
TH-02127,2026-07-28,A,20.5,32.6,27.5,50.0,1.87,6.2,9,0,,OK
TH-02130,2026-07-28,A,20.5,30.9,25.2,46.7,1.58,5.3,8,0,,OK
TH-02132,2026-07-28,A,20.5,31.5,30.4,51.0,1.48,4.1,5,0,,ok
TH-02133,2026-07-28,A,20.5,30.9,26.2,51.2,1.74,7.5,15,0,,OK
TH-02134,2026-07-28,A,20.5,31.8,26.9,48.7,1.62,6.7,13,0,,ok
TH-02136,2026-07-28,A,20.5,-999,27.5,48.4,1.66,5.2,11,0,,OK
TH-02137,2026-07-28,A,20.5,32.1,27.0,52.7,1.22,5.3,11,0,,OK
TH-02138,2026-07-28,A,20.5,31.3,26.1,46.7,1.09,4.0,8,0,,ok
TH-02140,2026-07-28,A,20.5,32.4,27.4,49.0,1.48,6.2,7,0,,ok
TH-02141,2026-07-28,B,20.5,,,,17225.9,,7,0,6021,0
TH-02144,2026-07-28,B,20.5,,,,12996.0,,5,0,,0
TH-02145,2026-07-28,B,20.5,,,,4864.7,,12,0,,0
TH-02146,2026-07-28,B,20.5,,,,24557.7,,11,0,6021,0
TH-02148,2026-07-28,B,20.5,,,,12954.5,,8,0,6021,0
TH-02149,2026-07-28,B,20.5,,,,8127.5,,8,0,6021,0
TH-02152,2026-07-28,B,20.5,,,,22573.4,,7,0,,0
TH-02155,2026-07-28,B,20.5,,,,4539.0,,12,0,6021,0
TH-02158,2026-07-28,B,20.5,,,,7127.2,,5,0,,0
TH-02159,2026-07-28,B,20.5,,,,12125.3,,12,0,6021,0
TH-02160,2026-07-28,B,20.5,,,,14993.9,,5,0,,0
TH-02161,2026-07-28,B,20.5,,,,8335.0,,12,0,,0
TH-02162,2026-07-28,B,20.5,,,,14704.9,,7,0,6021,0
TH-02165,2026-07-28,B,20.5,,,,15158.8,,13,0,6021,0
TH-02166,2026-07-28,B,20.5,33.5,26.0,,17585.1,,7,0,6021,0
TH-02168,2026-07-28,B,20.5,,,,13700.5,,12,0,,0
TH-02169,2026-07-28,B,20.5,,,,18517.0,,16,0,,0
TH-02170,2026-07-28,B,20.5,,,,11502.5,,10,0,,0
TH-02171,2026-07-28,B,20.5,,,,14121.7,,10,0,,0
TH-02175,2026-07-28,B,20.5,,,,12105.7,,5,0,,0
TH-02176,2026-07-28,B,20.5,,,,5469.9,,11,0,6021,0
TH-02177,2026-07-28,B,20.5,,,,12998.4,,4,0,6021,0
TH-02178,2026-07-28,B,20.5,,,,19557.8,,10,0,6021,0
TH-02180,2026-07-28,B,20.5,,,,11665.4,,6,0,,0
TH-02181,2026-07-28,B,20.5,32.7,25.5,,18797.4,,3,0,,0
TH-02182,2026-07-28,B,20.5,,,,21014.2,,40,0,,0
TH-02185,2026-07-28,B,20.5,,,,25279.3,,7,0,,0
TH-02187,2026-07-28,B,20.5,,,,13672.8,,2,0,,0
TH-02188,2026-07-28,B,20.5,,,,24545.4,,7,0,,0
TH-02190,2026-07-28,B,20.5,,,,24726.5,,13,0,,0
TH-02192,2026-07-28,B,20.5,,,,23437.7,,11,0,1188,2
TH-02194,2026-07-28,B,20.5,,,,19058.6,,6,0,6021,0
TH-02195,2026-07-28,B,20.5,,,,14887.4,,44,0,6021,0
TH-02196,2026-07-28,B,20.5,,,,25273.1,,10,0,,0
TH-02202,2026-07-28,B,20.5,,,,13873.2,,8,0,6021,0
TH-02204,2026-07-28,B,20.5,,,,5233.9,,10,0,6021,0
TH-02207,2026-07-28,B,20.5,,,,13728.8,,4,0,,0
TH-02213,2026-07-28,B,20.5,,,,9375.2,,9,0,6021,0
TH-02214,2026-07-28,B,20.5,,,,9179.0,,12,0,6021,0
TH-02215,2026-07-28,B,20.5,,,,18299.1,,11,0,,0
TH-02216,2026-07-28,B,20.5,,,,17217.7,,4,0,6021,0
TH-02221,2026-07-28,B,20.5,,,,16251.5,,39,0,3104,2
TH-02223,2026-07-28,B,20.5,,,,22290.7,,13,0,,0
TH-02224,2026-07-28,B,20.5,,,,8802.5,,10,0,3104,2
TH-02226,2026-07-28,B,20.5,,,,9791.8,,6,0,1188,2
TH-02228,2026-07-28,B,20.5,,,,23982.0,,10,0,,0
TH-02230,2026-07-28,B,20.5,32.5,26.5,,25676.6,,13,0,6021,0
TH-02234,2026-07-28,B,20.5,,,,13341.4,,11,0,,0
TH-02235,2026-07-28,B,20.5,,,,22730.8,,8,0,,0
TH-02236,2026-07-28,B,20.5,,,,4284.9,,7,0,,0
TH-02238,2026-07-28,B,20.5,,,,7824.8,,8,0,,0
TH-02239,2026-07-28,B,20.5,,,,17262.6,,8,0,,0
TH-02240,2026-07-28,B,20.5,,,,8102.4,,5,0,,0
TH-02243,2026-07-28,B,20.5,,,,11728.7,,10,0,,0
TH-02244,2026-07-28,B,20.5,,,,16924.5,,10,0,6021,0
TH-02246,2026-07-28,B,20.5,,,,15997.2,,7,0,,0
TH-02247,2026-07-28,B,20.5,,,,5531.0,,9,0,,0
TH-02248,2026-07-28,B,20.5,,,,23334.3,,9,0,,0
TH-02249,2026-07-28,B,20.5,,,,6944.9,,8,0,,0
TH-02250,2026-07-28,B,20.5,,,,11230.7,,4,0,7702,2
TH-02251,2026-07-28,B,20.5,,,,24506.9,,14,0,,0
TH-02255,2026-07-28,B,20.5,,,,12977.1,,2,0,,0
TH-02256,2026-07-28,B,20.5,,,,7900.8,,8,0,6021,0
TH-02259,2026-07-28,B,20.5,,,,12333.1,,16,0,6021,0
TH-02262,2026-07-28,B,20.5,,,,9228.3,,7,0,6021,0
TH-02265,2026-07-28,B,20.5,,,,22646.6,,35,0,6021,0
TH-02266,2026-07-28,B,20.5,,,,16164.8,,7,0,,0
TH-02267,2026-07-28,B,20.5,,,,11587.1,,9,0,,0
TH-02268,2026-07-28,B,20.5,,,,23875.8,,4,0,7702,2
TH-02269,2026-07-28,B,20.5,,,,12443.7,,12,0,6021,0
TH-02275,2026-07-28,B,20.5,,,,12390.8,,11,0,,0
TH-02277,2026-07-28,B,20.5,,,,17930.7,,12,0,,0
TH-02281,2026-07-28,B,20.5,,,,4303.5,,13,0,6021,0
TH-02285,2026-07-28,B,20.5,,,,12877.3,,6,0,6021,0
TH-02287,2026-07-28,B,20.5,,,,18070.8,,7,0,,0
TH-02290,2026-07-28,B,20.5,,,,7374.7,,38,0,3104,2
TH-02292,2026-07-28,C,20.5,,,,0.81,,,0,,
TH-02294,2026-07-28,C,20.5,,,,1.5,,,0,,OK
TH-02296,2026-07-28,C,20.5,,,,1.39,,,0,,OK
TH-02298,2026-07-28,C,20.5,,,,0.92,,,0,ALM_HP_LOWFLOW,OK
TH-02299,2026-07-28,C,20.5,,,,0.95,,,0,,warn
TH-02300,2026-07-28,C,20.5,,,47.0,0.86,,,0,,
TH-02302,2026-07-28,C,20.5,,,,1.08,,,0,,warn
TH-02309,2026-07-28,C,20.5,,,,1.08,,,0,,
TH-02312,2026-07-28,C,20.5,,,,0.84,,,0,ALM_HP_LOWFLOW,
TH-02313,2026-07-28,C,20.5,,,,1.37,,,0,,
TH-02314,2026-07-28,C,20.5,,,,0.92,,,0,,OK
TH-02316,2026-07-28,C,20.5,,,,1.11,,,0,,
TH-02317,2026-07-28,C,20.5,,,,2.19,,,0,,OK
TH-02319,2026-07-28,C,20.5,,,,1.19,,,0,,
TH-02322,2026-07-28,C,20.5,,,,1.55,,,0,,OK
TH-02323,2026-07-28,C,20.5,,,,1.91,,,0,,warn
TH-02324,2026-07-28,C,20.5,33.5,,,1.25,,,0,,OK
TH-02331,2026-07-28,C,20.5,,,,1.65,,,0,,warn
TH-02333,2026-07-28,C,20.5,,,,1.49,,,0,,OK
TH-02335,2026-07-28,C,20.5,,,,0.8,,,0,,warn
TH-02336,2026-07-28,C,20.5,,,,1.93,,,0,,warn
TH-02337,2026-07-28,C,20.5,,,,0.72,,,0,,
TH-02338,2026-07-28,C,20.5,,,,1.78,,,0,,OK
TH-02339,2026-07-28,C,20.5,,,,1.83,,,0,,
TH-02341,2026-07-28,C,20.5,,,,0.92,,,0,,OK
TH-02342,2026-07-28,C,20.5,,,,1.68,,,0,,OK
TH-02343,2026-07-28,C,20.5,,,52.3,1.4,,,0,,
TH-02344,2026-07-28,C,20.5,,,,1.13,,,0,,OK
TH-02345,2026-07-28,C,20.5,,,,1.31,,,0,,OK
TH-02347,2026-07-28,C,20.5,,,,0.99,,,0,,
TH-02348,2026-07-28,C,20.5,,,,1.83,,,0,,warn
TH-02354,2026-07-28,C,20.5,,,,1.17,,,0,ALM_HP_HP_SWITCH,OK
TH-02355,2026-07-28,C,20.5,,,,1.02,,,0,,OK
TH-02357,2026-07-28,C,20.5,,,,1.17,,,0,,warn
TH-02358,2026-07-28,C,20.5,,,,1.27,,,0,,
TH-02359,2026-07-28,C,20.5,,,,1.21,,,0,,
TH-02360,2026-07-28,C,20.5,,,,1.17,,,0,,
TH-02361,2026-07-28,C,20.5,,,,1.54,,,0,,
TH-02363,2026-07-28,C,20.5,,,,1.76,,,0,,OK
TH-02365,2026-07-28,C,20.5,,,,1.11,,,0,,
TH-02366,2026-07-28,C,20.5,,,,1.64,,,0,,OK
TH-02367,2026-07-28,C,20.5,,,,1.28,,,0,,warn
TH-02371,2026-07-28,C,20.5,,,,0.85,,,0,,OK
TH-02374,2026-07-28,C,20.5,,,,1.25,,,0,,warn
TH-02377,2026-07-28,C,20.5,,,,1.18,,,0,,warn
TH-02380,2026-07-28,C,20.5,,,,0.97,,,0,,
TH-02381,2026-07-28,C,20.5,,,,1.4,,,0,,warn
TH-02383,2026-07-28,C,20.5,,,,1.19,,,0,,
TH-02384,2026-07-28,C,20.5,,,,1.82,,,0,,OK
TH-02385,2026-07-28,C,20.5,,,,1.13,,,0,,
TH-02387,2026-07-28,C,20.5,,,,1.52,,,0,,OK
TH-02388,2026-07-28,C,20.5,,,,1.03,,,0,,warn
TH-02389,2026-07-28,C,20.5,,,,1.71,,,0,,
TH-02393,2026-07-28,C,20.5,,,,1.14,,,0,,warn
TH-02395,2026-07-28,C,20.5,,,,0.83,,,0,ALM_HP_LOWFLOW,
TH-02396,2026-07-28,C,20.5,,,,1.54,,,0,,warn
TH-02397,2026-07-28,C,20.5,,,50.6,1.29,,,0,,
TH-02398,2026-07-28,C,20.5,,,,1.79,,,0,ALM_HP_LOWFLOW,
TH-02400,2026-07-28,C,20.5,,,,1.1,,,0,,OK
th-02034,2026-07-28,A,20.5,33.0,26.5,49.7,1.41,5.0,10,0,,OK
th-02040,2026-07-28,A,20.5,32.4,25.5,51.7,1.4,5.6,7,0,,ok
th-02047,2026-07-28,A,20.5,31.6,24.4,50.6,1.59,5.7,5,0,,OK
th-02052,2026-07-28,A,20.5,32.3,24.8,47.8,1.06,3.7,10,0,,ok
th-02053,2026-07-28,A,20.5,31.8,26.0,47.2,0.73,3.2,8,0,,OK
th-02056,2026-07-28,A,20.5,31.0,24.1,46.8,1.34,4.3,4,0,,OK
th-02062,2026-07-28,A,20.5,31.5,25.8,47.1,1.33,5.3,4,0,,OK
th-02065,2026-07-28,A,20.5,32.6,27.1,51.9,1.47,6.0,15,0,,OK
th-02080,2026-07-28,A,20.5,30.9,26.3,49.6,0.75,3.0,4,0,,OK
th-02085,2026-07-28,A,20.5,32.0,27.3,49.1,1.09,4.3,9,0,,ok
th-02113,2026-07-28,A,20.5,33.2,27.2,52.1,1.23,4.9,9,0,,ok
th-02129,2026-07-28,A,20.5,31.6,25.5,50.2,1.63,6.9,4,0,,OK
th-02139,2026-07-28,A,20.5,32.2,27.2,49.0,1.25,5.2,3,0,,ok
th-02143,2026-07-28,B,20.5,,,,17968.8,,6,0,6021,0
th-02206,2026-07-28,B,20.5,,,,17451.6,,8,0,,0
th-02242,2026-07-28,B,20.5,,,,14392.0,,10,0,,0
th-02270,2026-07-28,B,20.5,,,,21985.1,,5,0,6021,0
th-02271,2026-07-28,B,20.5,,,,4994.7,,8,0,,0
th-02278,2026-07-28,B,20.5,,,,14870.5,,10,0,6021,0
th-02283,2026-07-28,B,20.5,,,,21397.8,,15,0,,0
th-02288,2026-07-28,B,20.5,,,,5476.1,,8,0,,0
th-02297,2026-07-28,C,20.5,,,,0.72,,,0,,warn
th-02307,2026-07-28,C,20.5,,,,0.99,,,0,,warn
th-02308,2026-07-28,C,20.5,,,,1.26,,,0,,OK
th-02340,2026-07-28,C,20.5,,,,1.07,,,0,,OK
th-02351,2026-07-28,C,20.5,,,,1.47,,,0,,warn
th-02375,2026-07-28,C,20.5,,,,1.57,,,0,,OK
th-02379,2026-07-28,C,20.5,,,,1.1,,,0,,warn
 TH-02002,2026-07-29,A,22.2,31.5,25.0,50.3,1.97,6.5,2,0,,OK
 TH-02006,2026-07-29,A,22.2,31.5,30.4,52.3,2.35,6.7,8,0,E-211,OK
 TH-02040,2026-07-29,A,22.2,32.3,26.4,46.4,1.68,6.4,7,0,,OK
 TH-02053,2026-07-29,A,22.2,32.6,25.8,47.8,1.62,5.7,13,0,,OK
 TH-02100,2026-07-29,A,22.2,30.8,24.2,46.9,0.92,4.0,5,0,,OK
 TH-02139,2026-07-29,A,22.2,33.2,26.3,51.6,1.67,6.7,11,0,,ok
 TH-02141,2026-07-29,B,22.2,,,,17227.4,,12,0,6021,0
 TH-02165,2026-07-29,B,22.2,,,,15159.6,,10,0,,0
 TH-02181,2026-07-29,B,22.2,,,,18798.5,,8,0,,0
 TH-02184,2026-07-29,B,22.2,,,,20343.7,,6,0,6021,0
 TH-02216,2026-07-29,B,22.2,,,,17219.3,,5,0,,0
 TH-02269,2026-07-29,B,22.2,,,,12444.9,,9,0,,0
 TH-02281,2026-07-29,B,22.2,,,,4304.4,,11,0,,0
 TH-02296,2026-07-29,C,22.2,,,,1.46,,,0,,
 TH-02299,2026-07-29,C,22.2,,,,1.63,,,0,,
 TH-02389,2026-07-29,C,22.2,,,,1.49,,,0,,warn
TH-02001,2026-07-29,A,22.2,30.8,25.3,48.1,1.71,7.5,10,0,,ok
TH-02005,2026-07-29,A,22.2,30.7,23.4,47.7,1.2,4.0,11,0,,OK
TH-02007,2026-07-29,A,22.2,30.9,30.0,52.9,2.33,6.7,7,0,,ok
TH-02008,2026-07-29,A,22.2,32.1,26.1,46.5,1.71,6.5,11,0,,ok
TH-02011,2026-07-29,A,22.2,30.7,24.2,47.8,1.8,7.3,12,0,,OK
TH-02012,2026-07-29,A,22.2,31.1,26.5,52.4,1.3,4.6,10,0,,OK
TH-02015,2026-07-29,A,22.2,32.1,27.5,52.8,1.19,4.2,7,0,,ok
TH-02016,2026-07-29,A,22.2,30.6,26.1,52.7,0.85,3.6,8,0,,OK
TH-02017,2026-07-29,A,22.2,30.7,25.5,46.6,1.73,6.9,11,0,,OK
TH-02019,2026-07-29,A,22.2,30.6,23.3,50.4,1.3,4.2,4,0,,ok
TH-02025,2026-07-29,A,22.2,31.1,24.7,50.9,2.02,6.5,14,0,,ok
TH-02028,2026-07-29,A,22.2,31.9,24.4,47.0,0.87,3.2,8,0,,ok
TH-02031,2026-07-29,A,22.2,33.1,27.3,51.0,1.35,4.5,6,0,,OK
TH-02032,2026-07-29,A,22.2,32.6,27.2,47.1,1.03,4.5,16,0,,OK
TH-02034,2026-07-29,A,22.2,32.1,26.0,48.2,1.08,4.7,7,0,,ok
TH-02035,2026-07-29,A,22.2,33.3,28.3,47.9,1.3,4.7,8,0,,ok
TH-02036,2026-07-29,A,22.2,32.0,25.9,49.5,1.6,7.0,9,0,,ok
TH-02037,2026-07-29,A,22.2,32.5,25.3,52.5,1.26,5.3,7,0,,OK
TH-02038,2026-07-29,A,22.2,31.8,30.7,49.6,2.02,4.5,16,0,E-211,OK
TH-02044,2026-07-29,A,22.2,32.4,25.7,46.0,1.09,3.6,3,0,,ok
TH-02045,2026-07-29,A,22.2,32.1,26.6,51.6,1.19,4.8,6,0,,ok
TH-02046,2026-07-29,A,22.2,32.8,26.7,52.5,1.16,4.9,6,0,,OK
TH-02047,2026-07-29,A,22.2,30.5,24.3,51.2,1.81,6.7,3,0,,OK
TH-02048,2026-07-29,A,22.2,33.4,26.4,49.2,0.87,3.3,12,0,,OK
TH-02049,2026-07-29,A,22.2,30.6,23.9,46.3,1.38,5.2,7,0,,OK
TH-02051,2026-07-29,A,22.2,33.0,26.3,47.5,0.75,3.2,8,0,,OK
TH-02052,2026-07-29,A,22.2,33.4,27.9,46.2,1.91,6.3,13,0,,OK
TH-02054,2026-07-29,A,22.2,30.9,25.7,51.0,0.88,3.3,8,0,,ok
TH-02055,2026-07-29,A,22.2,31.7,25.6,46.3,2.2,6.9,10,0,,ok
TH-02056,2026-07-29,A,22.2,33.1,26.3,48.5,1.88,7.3,9,0,,OK
TH-02061,2026-07-29,A,22.2,33.4,28.0,48.5,1.24,4.1,14,0,,ok
TH-02063,2026-07-29,A,22.2,33.2,28.3,48.2,2.22,7.3,11,0,,ok
TH-02065,2026-07-29,A,22.2,32.6,27.4,48.6,2.05,6.6,10,0,,OK
TH-02068,2026-07-29,A,22.2,31.1,24.3,48.6,1.78,6.6,10,0,,OK
TH-02072,2026-07-29,A,22.2,31.3,25.2,47.3,1.71,6.4,8,0,,ok
TH-02073,2026-07-29,A,22.2,32.3,31.5,51.3,1.21,3.6,12,0,E-211,OK
TH-02074,2026-07-29,A,22.2,33.3,27.9,46.9,1.84,7.5,5,0,,ok
TH-02076,2026-07-29,A,22.2,31.1,25.5,47.0,1.44,5.5,15,0,,ok
TH-02077,2026-07-29,A,22.2,32.0,27.3,48.3,1.95,7.1,7,0,,ok
TH-02078,2026-07-29,A,22.2,31.0,25.9,53.0,1.15,3.9,10,0,,OK
TH-02080,2026-07-29,A,22.2,30.6,25.3,49.6,1.87,6.2,7,0,,ok
TH-02081,2026-07-29,A,22.2,30.8,26.2,50.7,1.66,6.2,12,0,,OK
TH-02083,2026-07-29,A,22.2,31.4,25.2,51.1,1.44,5.2,11,0,E-317,OK
TH-02084,2026-07-29,A,22.2,30.9,25.5,51.6,1.66,6.9,5,0,,OK
TH-02085,2026-07-29,A,22.2,30.7,24.1,47.2,1.21,4.7,11,0,,ok
TH-02087,2026-07-29,A,22.2,31.0,24.7,50.1,1.25,5.0,10,0,,OK
TH-02090,2026-07-29,A,22.2,30.5,23.6,51.5,1.36,4.3,11,0,,ok
TH-02091,2026-07-29,A,22.2,31.0,29.9,46.4,1.32,3.7,6,0,,OK
TH-02093,2026-07-29,A,22.2,32.5,25.6,47.5,1.53,5.6,6,0,,ok
TH-02094,2026-07-29,A,22.2,31.1,26.6,47.1,1.02,3.7,7,0,,OK
TH-02095,2026-07-29,A,22.2,33.3,28.0,47.0,0.86,3.0,10,0,,OK
TH-02097,2026-07-29,A,22.2,33.4,27.9,51.6,1.72,7.2,3,0,,ok
TH-02099,2026-07-29,A,22.2,31.1,25.1,46.7,1.37,4.8,5,0,,OK
TH-02101,2026-07-29,A,22.2,30.6,24.1,52.7,1.84,5.8,9,0,,OK
TH-02103,2026-07-29,A,22.2,31.4,26.5,47.8,0.95,3.2,9,0,,OK
TH-02109,2026-07-29,A,22.2,32.3,26.7,49.3,1.52,4.8,11,0,,OK
TH-02111,2026-07-29,A,22.2,33.2,28.0,50.7,1.31,4.9,13,0,,ok
TH-02113,2026-07-29,A,22.2,32.3,25.9,50.0,0.97,4.1,5,0,,ok
TH-02114,2026-07-29,A,22.2,31.9,25.7,47.4,1.74,6.1,9,0,,OK
TH-02118,2026-07-29,A,22.2,31.8,25.3,49.8,0.92,3.9,6,0,,ok
TH-02120,2026-07-29,A,22.2,31.3,24.4,52.6,2.17,7.5,6,0,,OK
TH-02121,2026-07-29,A,22.2,31.6,26.2,51.9,1.74,5.9,11,0,,OK
TH-02122,2026-07-29,A,22.2,32.2,25.7,51.3,1.54,4.9,11,0,,ok
TH-02124,2026-07-29,A,22.2,32.2,25.6,49.7,1.5,5.4,9,0,,ok
TH-02125,2026-07-29,A,22.2,30.8,23.6,51.4,1.38,5.4,12,0,,ok
TH-02126,2026-07-29,A,22.2,32.7,25.3,52.3,1.33,4.9,5,0,,OK
TH-02127,2026-07-29,A,22.2,32.7,27.0,49.8,1.86,7.3,6,0,,OK
TH-02129,2026-07-29,A,22.2,31.2,26.4,46.5,0.99,3.5,10,0,,ok
TH-02130,2026-07-29,A,22.2,31.3,24.3,51.5,1.76,5.8,9,0,,ok
TH-02132,2026-07-29,A,22.2,30.8,30.0,50.8,2.27,5.9,4,0,,ok
TH-02133,2026-07-29,A,22.2,32.5,26.9,51.3,1.3,4.5,7,0,,OK
TH-02134,2026-07-29,A,22.2,32.8,27.7,49.5,1.9,6.7,4,0,E-211,ok
TH-02135,2026-07-29,A,22.2,32.8,27.8,50.8,1.85,7.1,6,0,,OK
TH-02137,2026-07-29,A,22.2,32.9,26.9,52.7,0.96,4.2,3,0,,OK
TH-02138,2026-07-29,A,22.2,31.7,25.2,53.0,1.32,4.9,10,0,,ok
TH-02140,2026-07-29,A,22.2,30.6,23.2,52.1,1.26,5.5,9,0,,OK
TH-02143,2026-07-29,B,22.2,,,,17970.9,,8,0,6021,0
TH-02144,2026-07-29,B,22.2,,,,12997.0,,12,0,,0
TH-02145,2026-07-29,B,22.2,,,,4865.6,,13,0,6021,0
TH-02146,2026-07-29,B,22.2,,,,24558.9,,3,0,,0
TH-02148,2026-07-29,B,22.2,,,,12956.3,,7,0,6021,0
TH-02149,2026-07-29,B,22.2,,,,8128.4,,11,0,,0
TH-02153,2026-07-29,B,22.2,,,,19080.5,,11,0,,0
TH-02155,2026-07-29,B,22.2,,,,4540.7,,5,0,6021,0
TH-02158,2026-07-29,B,22.2,31.4,25.6,,7128.3,,8,0,6021,0
TH-02159,2026-07-29,B,22.2,,,,12126.3,,6,0,6021,0
TH-02161,2026-07-29,B,22.2,,,,8336.6,,9,0,,0
TH-02162,2026-07-29,B,22.2,,,,14706.6,,11,0,,0
TH-02166,2026-07-29,B,22.2,,,,17586.6,,6,0,6021,0
TH-02168,2026-07-29,B,22.2,,,,13701.9,,4,0,,0
TH-02169,2026-07-29,B,22.2,,,,18518.2,,5,0,6021,0
TH-02170,2026-07-29,B,22.2,,,,11503.3,,6,0,,0
TH-02175,2026-07-29,B,22.2,,,,12107.6,,10,0,,0
TH-02176,2026-07-29,B,22.2,,,,5470.8,,8,0,,0
TH-02177,2026-07-29,B,22.2,32.0,26.7,,12999.5,,2,0,,0
TH-02178,2026-07-29,B,22.2,,,,19559.8,,11,0,6021,0
TH-02180,2026-07-29,B,22.2,,,,11667.2,,3,0,6021,0
TH-02182,2026-07-29,B,22.2,,,,21017.3,,44,0,,0
TH-02187,2026-07-29,B,22.2,,,,13674.2,,7,0,,0
TH-02188,2026-07-29,B,22.2,33.4,28.3,,24547.0,,8,0,,0
TH-02189,2026-07-29,B,22.2,,,,19411.7,,6,0,6021,0
TH-02190,2026-07-29,B,22.2,,,,24727.8,,6,0,,0
TH-02192,2026-07-29,B,22.2,,,,23438.8,,9,0,,0
TH-02194,2026-07-29,B,22.2,,,,19060.6,,10,0,6021,0
TH-02195,2026-07-29,B,22.2,,,,14890.1,,37,0,3104,2
TH-02196,2026-07-29,B,22.2,,,,25274.1,,12,0,,0
TH-02202,2026-07-29,B,22.2,,,,13874.0,,11,0,,0
TH-02204,2026-07-29,B,22.2,,,,5234.8,,5,0,,0
TH-02207,2026-07-29,B,22.2,,,,13730.3,,12,0,6021,0
TH-02213,2026-07-29,B,22.2,,,,9376.1,,12,0,7702,2
TH-02214,2026-07-29,B,22.2,,,,9180.7,,10,0,6021,0
TH-02221,2026-07-29,B,22.2,,,,16253.5,,39,0,6021,0
TH-02223,2026-07-29,B,22.2,,,,22291.9,,13,0,6021,0
TH-02224,2026-07-29,B,22.2,,,,8803.5,,14,0,6021,0
TH-02226,2026-07-29,B,22.2,,,,9792.8,,8,0,6021,0
TH-02228,2026-07-29,B,22.2,,,,23983.7,,10,0,6021,0
TH-02230,2026-07-29,B,22.2,,,,25677.5,,5,0,3104,2
TH-02231,2026-07-29,B,22.2,,,,7629.3,,6,0,,0
TH-02235,2026-07-29,B,22.2,,,,22731.7,,7,0,6021,0
TH-02238,2026-07-29,B,22.2,,,,7826.1,,13,0,,0
TH-02239,2026-07-29,B,22.2,,,,17264.6,,12,0,6021,0
TH-02240,2026-07-29,B,22.2,,,,8103.5,,6,0,6021,0
TH-02242,2026-07-29,B,22.2,,,,14394.0,,14,0,,0
TH-02243,2026-07-29,B,22.2,,,,11729.6,,7,0,7702,2
TH-02244,2026-07-29,B,22.2,,,,16925.9,,11,0,,0
TH-02246,2026-07-29,B,22.2,,,,15998.6,,10,0,6021,0
TH-02247,2026-07-29,B,22.2,,,,5532.1,,5,0,6021,0
TH-02249,2026-07-29,B,22.2,,,,6947.0,,11,0,,0
TH-02250,2026-07-29,B,22.2,,,,11232.4,,7,0,6021,0
TH-02251,2026-07-29,B,22.2,33.5,26.2,,24508.0,,8,0,6021,0
TH-02255,2026-07-29,B,22.2,,,,12978.0,,8,0,6021,0
TH-02256,2026-07-29,B,22.2,,,,7902.1,,10,0,6021,0
TH-02257,2026-07-29,B,22.2,,,,21330.6,,8,0,6021,0
TH-02258,2026-07-29,B,22.2,,,,10403.0,,8,0,6021,0
TH-02259,2026-07-29,B,22.2,,,,12334.5,,3,0,6021,0
TH-02260,2026-07-29,B,22.2,,,,7387.0,,5,0,6021,0
TH-02262,2026-07-29,B,22.2,,,,9229.8,,8,0,,0
TH-02265,2026-07-29,B,22.2,,,,22648.0,,42,0,3104,2
TH-02267,2026-07-29,B,22.2,,,,11588.8,,7,0,6021,0
TH-02268,2026-07-29,B,22.2,,,,23877.0,,4,0,6021,0
TH-02270,2026-07-29,B,22.2,,,,21987.0,,5,0,6021,0
TH-02271,2026-07-29,B,22.2,,,,4996.5,,9,0,,0
TH-02272,2026-07-29,B,22.2,,,,24902.6,,7,0,6021,0
TH-02273,2026-07-29,B,22.2,,,,19857.6,,8,0,6021,0
TH-02275,2026-07-29,B,22.2,,,,12391.9,,11,0,,0
TH-02279,2026-07-29,B,22.2,,,,21143.0,,12,0,,0
TH-02283,2026-07-29,B,22.2,33.5,28.4,,21399.3,,8,0,6021,0
TH-02285,2026-07-29,B,22.2,,,,12879.1,,12,0,,0
TH-02286,2026-07-29,B,22.2,,,,7634.8,,9,0,6021,0
TH-02287,2026-07-29,B,22.2,,,,18071.7,,9,0,6021,0
TH-02290,2026-07-29,B,22.2,,,,7376.6,,39,0,3104,2
TH-02292,2026-07-29,C,22.2,,,,1.13,,,0,,
TH-02294,2026-07-29,C,22.2,,,,1.17,,,0,,
TH-02297,2026-07-29,C,22.2,,,,1.34,,,0,,warn
TH-02298,2026-07-29,C,22.2,,,,1.17,,,0,ALM_HP_LOWFLOW,warn
TH-02300,2026-07-29,C,22.2,,,,1.3,,,0,,OK
TH-02302,2026-07-29,C,22.2,,,,1.39,,,0,,OK
TH-02307,2026-07-29,C,22.2,,,,1.24,,,0,,OK
TH-02309,2026-07-29,C,22.2,,,,0.73,,,0,,OK
TH-02311,2026-07-29,C,22.2,,,,1.46,,,0,,
TH-02313,2026-07-29,C,22.2,,,,1.34,,,0,,OK
TH-02316,2026-07-29,C,22.2,,,,0.87,,,0,,OK
TH-02319,2026-07-29,C,22.2,,,,1.84,,,0,,OK
TH-02322,2026-07-29,C,22.2,,,,1.36,,,0,,warn
TH-02323,2026-07-29,C,22.2,,,,0.9,,,0,,OK
TH-02324,2026-07-29,C,22.2,,,52.5,1.34,,,0,,warn
TH-02331,2026-07-29,C,22.2,,,,1.17,,,0,,
TH-02333,2026-07-29,C,22.2,,,,1.38,,,0,,warn
TH-02334,2026-07-29,C,22.2,,,,2.13,,,0,,OK
TH-02335,2026-07-29,C,22.2,,,,2.17,,,0,,warn
TH-02336,2026-07-29,C,22.2,31.7,,49.4,1.89,,,0,,
TH-02337,2026-07-29,C,22.2,,,,2.31,,,0,,OK
TH-02338,2026-07-29,C,22.2,,,,2.1,,,0,,
TH-02339,2026-07-29,C,22.2,,,,1.18,,,0,,
TH-02340,2026-07-29,C,22.2,,,,1.99,,,0,,OK
TH-02341,2026-07-29,C,22.2,,,,1.59,,,0,,
TH-02342,2026-07-29,C,22.2,,,,0.89,,,0,,
TH-02343,2026-07-29,C,22.2,,,,1.49,,,0,ALM_SM_LINK,warn
TH-02344,2026-07-29,C,22.2,,,52.2,0.97,,,0,,warn
TH-02345,2026-07-29,C,22.2,,,,1.66,,,0,,
TH-02346,2026-07-29,C,22.2,,,,1.25,,,0,,warn
TH-02347,2026-07-29,C,22.2,,,,1.36,,,0,,OK
TH-02348,2026-07-29,C,22.2,,,,1.48,,,0,,warn
TH-02351,2026-07-29,C,22.2,,,,1.14,,,0,,
TH-02352,2026-07-29,C,22.2,,,,0.96,,,0,,
TH-02354,2026-07-29,C,22.2,,,,1.0,,,0,,
TH-02355,2026-07-29,C,22.2,,,,1.77,,,0,,
TH-02357,2026-07-29,C,22.2,,,,0.91,,,0,,OK
TH-02358,2026-07-29,C,22.2,,,,2.04,,,0,,OK
TH-02359,2026-07-29,C,22.2,,,,0.84,,,0,,warn
TH-02360,2026-07-29,C,22.2,,,,1.48,,,0,,warn
TH-02363,2026-07-29,C,22.2,,,,2.32,,,0,,warn
TH-02365,2026-07-29,C,22.2,,,,1.48,,,0,,
TH-02366,2026-07-29,C,22.2,,,,1.68,,,0,,OK
TH-02367,2026-07-29,C,22.2,,,,1.16,,,0,,warn
TH-02371,2026-07-29,C,22.2,,,,1.74,,,0,,OK
TH-02374,2026-07-29,C,22.2,31.8,,,1.01,,,0,,warn
TH-02375,2026-07-29,C,22.2,,,,1.5,,,0,,
TH-02377,2026-07-29,C,22.2,,,,1.3,,,0,,OK
TH-02379,2026-07-29,C,22.2,,,,0.96,,,0,,
TH-02380,2026-07-29,C,22.2,,,,1.28,,,0,,OK
TH-02381,2026-07-29,C,22.2,,,,1.76,,,0,,
TH-02384,2026-07-29,C,22.2,,,,1.52,,,0,,warn
TH-02385,2026-07-29,C,22.2,,,,1.87,,,0,,OK
TH-02388,2026-07-29,C,22.2,,,,1.69,,,0,,
TH-02395,2026-07-29,C,22.2,,,,0.97,,,0,ALM_HP_LOWFLOW,warn
TH-02396,2026-07-29,C,22.2,,,,1.33,,,0,,
TH-02397,2026-07-29,C,22.2,,,,1.17,,,0,,warn
TH-90000,2026-07-29,C,22.2,,,,10.05,,,0,,OK
TH-90001,2026-07-29,C,22.2,,,,12.55,,,0,,OK
TH-90002,2026-07-29,C,22.2,,,,9.26,,,0,,OK
TH-90003,2026-07-29,C,22.2,,,,4.61,,,0,,OK
TH-90004,2026-07-29,C,22.2,,,,4.3,,,0,,OK
th-02004,2026-07-29,A,22.2,32.3,25.6,51.8,1.42,5.4,9,0,,OK
th-02009,2026-07-29,A,22.2,33.1,26.0,48.1,1.53,5.8,5,0,,OK
th-02020,2026-07-29,A,22.2,31.0,25.8,48.6,1.82,6.9,2,0,,OK
th-02021,2026-07-29,A,22.2,30.7,26.1,49.6,1.92,6.9,3,0,,ok
th-02030,2026-07-29,A,22.2,32.1,25.9,50.3,1.52,6.4,8,0,,OK
th-02071,2026-07-29,A,22.2,32.8,26.9,50.4,1.89,6.4,6,0,,ok
th-02075,2026-07-29,A,22.2,33.1,26.6,51.3,1.12,4.3,10,0,,ok
th-02086,2026-07-29,A,22.2,30.7,24.1,47.7,0.96,3.8,14,0,E-317,OK
th-02098,2026-07-29,A,22.2,31.8,25.3,47.2,1.4,4.7,7,0,,OK
th-02112,2026-07-29,A,22.2,31.1,25.6,48.2,1.86,7.4,7,0,,OK
th-02136,2026-07-29,A,22.2,33.3,27.9,52.4,0.88,3.3,6,0,,ok
th-02152,2026-07-29,B,22.2,,,,22574.3,,2,0,6021,0
th-02160,2026-07-29,B,22.2,,,,14996.0,,7,0,,0
th-02171,2026-07-29,B,22.2,,,,14122.7,,4,0,3104,2
th-02173,2026-07-29,B,22.2,,,,7009.2,,9,0,6021,0
th-02185,2026-07-29,B,22.2,,,,25280.2,,12,0,,0
th-02206,2026-07-29,B,22.2,,,,17453.8,,3,0,6021,0
th-02215,2026-07-29,B,22.2,,,,18301.4,,10,0,3104,2
th-02234,2026-07-29,B,22.2,,,,13342.4,,3,0,,0
th-02236,2026-07-29,B,22.2,,,,4285.9,,8,0,,0
th-02245,2026-07-29,B,22.2,,,,14985.8,,7,0,6021,0
th-02248,2026-07-29,B,22.2,,,,23335.2,,11,0,,0
th-02266,2026-07-29,B,22.2,,,,16166.4,,10,0,3104,2
th-02277,2026-07-29,B,22.2,,,,17931.7,,14,0,6021,0
th-02278,2026-07-29,B,22.2,,,,14871.6,,10,0,6021,0
th-02288,2026-07-29,B,22.2,,,,5477.2,,7,0,3104,2
th-02303,2026-07-29,C,22.2,,,,1.32,,,0,,warn
th-02308,2026-07-29,C,22.2,,,,0.73,,,0,,OK
th-02312,2026-07-29,C,22.2,,,33.2,1.61,,,0,ALM_HP_LOWFLOW,OK
th-02314,2026-07-29,C,22.2,,,,1.47,,,0,,
th-02361,2026-07-29,C,22.2,,,,1.98,,,0,,OK
th-02383,2026-07-29,C,22.2,,,,1.94,,,0,,OK
th-02387,2026-07-29,C,22.2,,,,1.44,,,0,,
th-02393,2026-07-29,C,22.2,,,,0.97,,,0,,
th-02398,2026-07-29,C,22.2,,,,1.32,,,0,ALM_HP_LOWFLOW,warn
th-02399,2026-07-29,C,22.2,,,,1.13,,,0,,warn
th-02400,2026-07-29,C,22.2,,,,1.04,,,0,,
 TH-02031,2026-07-30,A,21.8,30.7,26.0,48.6,1.78,6.6,4,0,,ok
 TH-02052,2026-07-30,A,21.8,32.9,26.9,49.8,1.7,5.8,5,0,,ok
 TH-02081,2026-07-30,A,21.8,30.9,25.3,52.1,1.97,6.6,7,0,E-505,OK
 TH-02111,2026-07-30,A,21.8,30.5,25.1,51.2,1.49,4.9,7,0,,OK
 TH-02113,2026-07-30,A,21.8,30.6,24.9,52.8,0.86,3.6,11,0,,ok
 TH-02124,2026-07-30,A,21.8,30.6,24.6,51.3,1.33,4.8,5,0,,ok
 TH-02155,2026-07-30,B,21.8,,,,4542.1,,13,0,,0
 TH-02171,2026-07-30,B,21.8,,,,14123.8,,9,0,,0
 TH-02178,2026-07-30,B,21.8,,,,19560.7,,2,0,,0
 TH-02185,2026-07-30,B,21.8,31.7,26.9,,25281.0,,12,0,,0
 TH-02206,2026-07-30,B,21.8,,,,17455.2,,12,0,6021,0
 TH-02214,2026-07-30,B,21.8,,,,9181.7,,13,0,6021,0
 TH-02224,2026-07-30,B,21.8,,,,8805.1,,13,0,6021,0
 TH-02244,2026-07-30,B,21.8,,,,16927.4,,10,0,6021,0
 TH-02256,2026-07-30,B,21.8,,,,7903.0,,7,0,,0
 TH-02260,2026-07-30,B,21.8,,,,7388.2,,12,0,,0
 TH-02290,2026-07-30,B,21.8,,,,7378.4,,43,0,3104,2
 TH-02297,2026-07-30,C,21.8,,,,1.24,,,0,,
 TH-02314,2026-07-30,C,21.8,,,,1.71,,,0,,warn
 TH-02359,2026-07-30,C,21.8,,,,0.91,,,0,,
 TH-02360,2026-07-30,C,21.8,,,,1.43,,,0,,OK
TH-02001,2026-07-30,A,21.8,33.5,26.6,46.2,0.85,3.4,6,0,,OK
TH-02002,2026-07-30,A,21.8,30.9,24.9,51.8,1.94,6.3,7,0,,OK
TH-02004,2026-07-30,A,21.8,32.9,26.3,51.8,1.13,3.7,14,0,,OK
TH-02005,2026-07-30,A,21.8,33.3,26.2,52.2,1.77,7.0,11,0,,ok
TH-02006,2026-07-30,A,21.8,33.3,32.7,48.6,1.15,3.4,13,0,,ok
TH-02007,2026-07-30,A,21.8,31.5,30.8,47.2,1.73,5.0,6,0,,OK
TH-02009,2026-07-30,A,21.8,-999,26.8,50.0,1.41,5.1,11,0,,OK
TH-02011,2026-07-30,A,21.8,32.8,27.3,49.7,1.16,4.4,8,0,,ok
TH-02012,2026-07-30,A,21.8,32.9,26.2,51.4,1.55,6.3,11,0,,OK
TH-02015,2026-07-30,A,21.8,31.9,25.0,49.5,1.73,6.1,5,0,,ok
TH-02016,2026-07-30,A,21.8,31.8,24.4,52.4,0.82,3.2,4,0,,OK
TH-02017,2026-07-30,A,21.8,30.9,25.5,51.5,1.11,4.0,9,0,,OK
TH-02020,2026-07-30,A,21.8,32.7,25.6,52.4,0.88,3.5,11,0,,OK
TH-02025,2026-07-30,A,21.8,33.4,27.6,49.7,1.85,6.6,7,0,,ok
TH-02028,2026-07-30,A,21.8,32.8,27.9,48.0,0.96,3.7,9,0,,OK
TH-02030,2026-07-30,A,21.8,32.1,27.6,46.7,1.06,3.9,13,0,,OK
TH-02032,2026-07-30,A,21.8,31.3,23.9,50.5,1.31,4.1,2,0,,ok
TH-02033,2026-07-30,A,21.8,31.2,25.7,46.4,1.77,6.4,7,0,,ok
TH-02034,2026-07-30,A,21.8,30.5,23.8,50.2,1.11,4.4,8,0,,ok
TH-02035,2026-07-30,A,21.8,31.9,27.2,46.8,1.23,4.2,9,0,,OK
TH-02036,2026-07-30,A,21.8,32.1,24.6,52.4,1.01,3.3,15,0,,OK
TH-02037,2026-07-30,A,21.8,30.9,26.4,49.4,1.75,5.6,13,0,,OK
TH-02038,2026-07-30,A,21.8,32.4,31.5,48.6,1.94,4.7,8,0,E-211,OK
TH-02044,2026-07-30,A,21.8,31.0,24.6,47.4,0.94,3.4,10,0,,OK
TH-02045,2026-07-30,A,21.8,31.8,25.2,51.4,1.22,4.6,9,0,,ok
TH-02046,2026-07-30,A,21.8,31.5,26.6,51.8,0.99,3.8,9,0,,OK
TH-02047,2026-07-30,A,21.8,30.7,23.9,49.0,1.57,6.3,12,0,,OK
TH-02048,2026-07-30,A,21.8,32.8,26.8,46.0,2.16,7.0,7,0,,OK
TH-02049,2026-07-30,A,21.8,32.6,27.7,47.4,1.27,4.8,10,0,,OK
TH-02053,2026-07-30,A,21.8,31.8,26.9,48.9,1.17,4.5,11,0,,ok
TH-02054,2026-07-30,A,21.8,31.4,26.2,50.6,0.96,3.9,10,0,,OK
TH-02056,2026-07-30,A,21.8,32.4,26.0,46.1,0.78,3.1,6,0,,OK
TH-02061,2026-07-30,A,21.8,31.9,26.5,50.5,1.47,5.4,7,0,,OK
TH-02062,2026-07-30,A,21.8,31.6,26.1,49.5,1.76,6.5,12,0,,OK
TH-02063,2026-07-30,A,21.8,30.9,26.2,51.9,-3.18,5.9,9,0,,ok
TH-02065,2026-07-30,A,21.8,32.1,25.0,52.7,0.87,3.2,9,0,,ok
TH-02068,2026-07-30,A,21.8,32.1,24.7,51.6,2.1,6.7,9,0,,OK
TH-02072,2026-07-30,A,21.8,31.0,24.5,48.2,1.4,5.2,12,0,,ok
TH-02073,2026-07-30,A,21.8,31.8,31.2,47.8,1.36,3.7,9,0,,ok
TH-02074,2026-07-30,A,21.8,31.9,26.2,52.3,1.13,4.0,10,0,,OK
TH-02075,2026-07-30,A,21.8,31.7,26.1,47.1,1.64,6.9,9,0,E-505,OK
TH-02076,2026-07-30,A,21.8,33.0,28.4,48.9,0.96,3.1,15,0,,OK
TH-02077,2026-07-30,A,21.8,31.4,24.3,0,1.6,5.6,11,0,,ok
TH-02078,2026-07-30,A,21.8,32.7,27.3,46.9,1.98,7.0,7,0,,ok
TH-02080,2026-07-30,A,21.8,33.2,27.0,46.2,1.67,5.2,9,0,,ok
TH-02083,2026-07-30,A,21.8,33.0,27.3,52.2,1.88,6.9,9,0,E-505,ok
TH-02084,2026-07-30,A,21.8,31.6,25.2,51.5,0.96,4.2,11,0,,OK
TH-02085,2026-07-30,A,21.8,31.1,24.2,49.9,1.29,4.3,9,0,,ok
TH-02086,2026-07-30,A,21.8,30.7,25.3,48.4,1.19,3.8,12,0,,OK
TH-02087,2026-07-30,A,21.8,33.1,27.0,46.4,1.89,6.2,12,0,,ok
TH-02090,2026-07-30,A,21.8,33.3,28.3,46.9,1.53,5.5,11,0,,OK
TH-02091,2026-07-30,A,21.8,-999,31.4,52.3,1.57,4.6,9,0,E-211,ok
TH-02093,2026-07-30,A,21.8,31.8,26.4,49.7,1.52,4.9,10,0,,ok
TH-02094,2026-07-30,A,21.8,32.2,25.0,51.9,1.35,5.0,5,0,,OK
TH-02095,2026-07-30,A,21.8,32.9,27.5,47.9,1.65,5.9,8,0,,OK
TH-02098,2026-07-30,A,21.8,30.5,23.0,50.5,1.78,5.7,13,0,,OK
TH-02099,2026-07-30,A,21.8,33.2,26.0,51.5,1.51,6.3,8,0,,ok
TH-02100,2026-07-30,A,21.8,31.5,24.4,46.1,1.27,4.1,7,0,,ok
TH-02101,2026-07-30,A,21.8,31.6,25.9,51.9,2.27,7.1,5,0,,OK
TH-02109,2026-07-30,A,21.8,31.4,26.5,51.3,1.47,5.3,13,0,,ok
TH-02112,2026-07-30,A,21.8,-999,26.5,48.5,1.0,4.2,8,0,,OK
TH-02114,2026-07-30,A,21.8,31.5,26.1,49.7,1.75,6.4,9,0,,ok
TH-02118,2026-07-30,A,21.8,31.2,26.3,50.1,1.36,5.3,5,0,,OK
TH-02120,2026-07-30,A,21.8,32.2,27.3,49.1,1.12,3.8,7,0,,ok
TH-02121,2026-07-30,A,21.8,-999,26.5,49.5,1.14,5.0,9,0,,ok
TH-02122,2026-07-30,A,21.8,31.8,26.6,52.5,1.08,3.4,6,0,,OK
TH-02125,2026-07-30,A,21.8,31.6,26.4,48.3,1.41,6.0,11,0,,OK
TH-02127,2026-07-30,A,21.8,32.8,28.3,52.6,1.97,6.8,3,0,,ok
TH-02130,2026-07-30,A,21.8,30.8,26.1,51.6,1.44,5.7,8,0,,OK
TH-02132,2026-07-30,A,21.8,32.1,31.2,47.0,1.21,3.7,11,0,E-211,ok
TH-02133,2026-07-30,A,21.8,33.0,27.5,51.5,1.31,4.6,9,0,,ok
TH-02134,2026-07-30,A,21.8,33.4,28.3,52.6,1.05,4.2,3,0,,ok
TH-02135,2026-07-30,A,21.8,31.8,25.1,48.6,1.29,4.6,5,0,,OK
TH-02136,2026-07-30,A,21.8,31.6,26.2,47.1,1.84,6.1,3,0,,OK
TH-02137,2026-07-30,A,21.8,32.4,25.2,51.6,1.01,3.7,12,0,,OK
TH-02139,2026-07-30,A,21.8,33.5,28.7,52.7,1.74,5.7,11,0,,ok
TH-02140,2026-07-30,A,21.8,30.8,25.9,0,0.95,4.0,9,0,,OK
TH-02141,2026-07-30,B,21.8,,,,17228.4,,7,0,6021,0
TH-02144,2026-07-30,B,21.8,,,,12998.0,,12,0,,0
TH-02145,2026-07-30,B,21.8,,,,4866.6,,7,0,,0
TH-02146,2026-07-30,B,21.8,,,,24559.9,,9,0,,0
TH-02148,2026-07-30,B,21.8,,,,12957.2,,10,0,,0
TH-02149,2026-07-30,B,21.8,,,,8130.1,,13,0,3104,2
TH-02152,2026-07-30,B,21.8,,,,22576.5,,10,0,,0
TH-02153,2026-07-30,B,21.8,,,,19081.9,,9,0,6021,0
TH-02158,2026-07-30,B,21.8,,,,7129.7,,10,0,6021,0
TH-02159,2026-07-30,B,21.8,,,,12127.2,,12,0,,0
TH-02161,2026-07-30,B,21.8,,,,8338.4,,9,0,,0
TH-02162,2026-07-30,B,21.8,,,,14708.2,,7,0,,0
TH-02165,2026-07-30,B,21.8,31.8,25.3,,15161.3,,8,0,,0
TH-02166,2026-07-30,B,21.8,,,,17588.8,,2,0,6021,0
TH-02168,2026-07-30,B,21.8,,,,13703.4,,5,0,,0
TH-02169,2026-07-30,B,21.8,,,,18520.1,,10,0,,0
TH-02170,2026-07-30,B,21.8,,,,11505.0,,6,0,,0
TH-02173,2026-07-30,B,21.8,,,,7010.6,,17,0,6021,0
TH-02175,2026-07-30,B,21.8,,,,12108.5,,7,0,6021,0
TH-02176,2026-07-30,B,21.8,,,,5472.6,,10,0,,0
TH-02177,2026-07-30,B,21.8,,,,13001.1,,5,0,6021,0
TH-02180,2026-07-30,B,21.8,,,,11668.7,,10,0,6021,0
TH-02181,2026-07-30,B,21.8,,,,18799.4,,7,0,6021,0
TH-02182,2026-07-30,B,21.8,,,,21020.0,,42,0,,0
TH-02184,2026-07-30,B,21.8,,,,20345.4,,6,0,,0
TH-02188,2026-07-30,B,21.8,,,,24548.1,,11,0,6021,0
TH-02189,2026-07-30,B,21.8,,,,19413.4,,10,0,,0
TH-02190,2026-07-30,B,21.8,,,,24728.7,,7,0,6021,0
TH-02192,2026-07-30,B,21.8,,,,23440.8,,11,0,6021,0
TH-02194,2026-07-30,B,21.8,,,,19062.1,,8,0,,0
TH-02195,2026-07-30,B,21.8,,,,14892.8,,42,0,6021,0
TH-02196,2026-07-30,B,21.8,,,,25275.9,,11,0,,0
TH-02204,2026-07-30,B,21.8,,,,5236.7,,6,0,,0
TH-02207,2026-07-30,B,21.8,,,,13732.3,,14,0,,0
TH-02213,2026-07-30,B,21.8,,,,9377.0,,12,0,,0
TH-02216,2026-07-30,B,21.8,,,,17220.9,,10,0,,0
TH-02221,2026-07-30,B,21.8,,,,16254.6,,43,0,3104,2
TH-02223,2026-07-30,B,21.8,,,,22292.8,,5,0,6021,0
TH-02226,2026-07-30,B,21.8,,,,9793.8,,14,0,,0
TH-02228,2026-07-30,B,21.8,,,,23985.8,,13,0,,0
TH-02230,2026-07-30,B,21.8,,,,25678.5,,11,0,6021,0
TH-02231,2026-07-30,B,21.8,,,,7630.1,,7,0,6021,0
TH-02236,2026-07-30,B,21.8,,,,4287.1,,7,0,,0
TH-02238,2026-07-30,B,21.8,,,,7827.3,,6,0,6021,0
TH-02239,2026-07-30,B,21.8,,,,17266.8,,12,0,6021,0
TH-02240,2026-07-30,B,21.8,,,,8104.8,,9,0,6021,0
TH-02242,2026-07-30,B,21.8,,,,14395.9,,7,0,6021,0
TH-02243,2026-07-30,B,21.8,,,,11730.5,,6,0,6021,0
TH-02245,2026-07-30,B,21.8,,,,14987.0,,2,0,6021,0
TH-02246,2026-07-30,B,21.8,,,,16000.7,,4,0,,0
TH-02247,2026-07-30,B,21.8,,,,5534.4,,8,0,,0
TH-02248,2026-07-30,B,21.8,,,,23336.9,,9,0,6021,0
TH-02249,2026-07-30,B,21.8,,,,6949.1,,4,0,6021,0
TH-02250,2026-07-30,B,21.8,33.3,28.3,,11233.9,,9,0,6021,0
TH-02251,2026-07-30,B,21.8,,,,24509.5,,14,0,6021,0
TH-02255,2026-07-30,B,21.8,,,,12979.3,,8,0,6021,0
TH-02257,2026-07-30,B,21.8,,,,21332.4,,9,0,7702,2
TH-02258,2026-07-30,B,21.8,,,,10404.4,,7,0,6021,0
TH-02259,2026-07-30,B,21.8,33.0,28.2,,12336.0,,10,0,,0
TH-02262,2026-07-30,B,21.8,,,,9231.2,,11,0,6021,0
TH-02266,2026-07-30,B,21.8,,,,16168.2,,8,0,,0
TH-02267,2026-07-30,B,21.8,,,,11589.7,,6,0,,0
TH-02268,2026-07-30,B,21.8,,,,23878.2,,8,0,6021,0
TH-02269,2026-07-30,B,21.8,30.9,26.2,,12445.7,,6,0,7702,2
TH-02270,2026-07-30,B,21.8,,,,21988.0,,7,0,6021,0
TH-02271,2026-07-30,B,21.8,,,,4998.1,,6,0,6021,0
TH-02272,2026-07-30,B,21.8,,,,24904.4,,13,0,,0
TH-02273,2026-07-30,B,21.8,,,,19859.8,,6,0,,0
TH-02275,2026-07-30,B,21.8,,,,12393.1,,7,0,,0
TH-02278,2026-07-30,B,21.8,,,,14873.6,,9,0,3104,2
TH-02279,2026-07-30,B,21.8,,,,21144.8,,6,0,,0
TH-02281,2026-07-30,B,21.8,,,,4305.7,,6,0,,0
TH-02283,2026-07-30,B,21.8,,,,21401.2,,9,0,7702,2
TH-02285,2026-07-30,B,21.8,,,,12880.8,,5,0,6021,0
TH-02286,2026-07-30,B,21.8,33.1,28.3,,7636.1,,10,0,6021,0
TH-02287,2026-07-30,B,21.8,,,,18073.1,,12,0,,0
TH-02292,2026-07-30,C,21.8,,,,1.17,,,0,,OK
TH-02294,2026-07-30,C,21.8,,,,1.17,,,0,,warn
TH-02296,2026-07-30,C,21.8,,,,0.94,,,0,,OK
TH-02298,2026-07-30,C,21.8,,,,0.96,,,0,ALM_HP_LOWFLOW,warn
TH-02300,2026-07-30,C,21.8,,,,1.52,,,0,,OK
TH-02303,2026-07-30,C,21.8,,,,1.8,,,0,,
TH-02308,2026-07-30,C,21.8,,,,1.46,,,0,,OK
TH-02309,2026-07-30,C,21.8,,,,1.16,,,0,,OK
TH-02312,2026-07-30,C,21.8,,,,1.23,,,0,ALM_HP_LOWFLOW,OK
TH-02317,2026-07-30,C,21.8,,,,0.74,,,0,,
TH-02319,2026-07-30,C,21.8,,,,0.83,,,0,,
TH-02322,2026-07-30,C,21.8,,,,0.76,,,0,,warn
TH-02323,2026-07-30,C,21.8,,,,1.16,,,0,,OK
TH-02324,2026-07-30,C,21.8,,,,0.96,,,0,,
TH-02331,2026-07-30,C,21.8,,,,0.83,,,0,,
TH-02333,2026-07-30,C,21.8,,,,1.44,,,0,,
TH-02334,2026-07-30,C,21.8,,,,1.22,,,0,,warn
TH-02335,2026-07-30,C,21.8,,,,1.86,,,0,,OK
TH-02336,2026-07-30,C,21.8,,,,2.14,,,0,,
TH-02337,2026-07-30,C,21.8,,,,1.64,,,0,,OK
TH-02338,2026-07-30,C,21.8,,,,1.32,,,0,,OK
TH-02339,2026-07-30,C,21.8,,,,1.54,,,0,,warn
TH-02341,2026-07-30,C,21.8,,,,1.51,,,0,,warn
TH-02342,2026-07-30,C,21.8,,,,1.45,,,0,,
TH-02343,2026-07-30,C,21.8,,,,1.27,,,0,,OK
TH-02344,2026-07-30,C,21.8,,,,1.82,,,0,,
TH-02345,2026-07-30,C,21.8,,,,0.88,,,0,,OK
TH-02346,2026-07-30,C,21.8,,,48.1,0.97,,,0,,OK
TH-02347,2026-07-30,C,21.8,,,,1.86,,,0,,warn
TH-02348,2026-07-30,C,21.8,,,,1.07,,,0,,warn
TH-02351,2026-07-30,C,21.8,,,,1.56,,,0,,
TH-02352,2026-07-30,C,21.8,,,,2.04,,,0,,warn
TH-02354,2026-07-30,C,21.8,,,,1.61,,,0,,warn
TH-02363,2026-07-30,C,21.8,,,,1.28,,,0,,
TH-02365,2026-07-30,C,21.8,,,,1.54,,,0,,warn
TH-02367,2026-07-30,C,21.8,,,,0.93,,,0,,
TH-02371,2026-07-30,C,21.8,,,,0.86,,,0,,
TH-02374,2026-07-30,C,21.8,,,,1.78,,,0,,OK
TH-02377,2026-07-30,C,21.8,,,,1.24,,,0,,OK
TH-02379,2026-07-30,C,21.8,,,,1.13,,,0,,OK
TH-02383,2026-07-30,C,21.8,,,,1.36,,,0,,warn
TH-02384,2026-07-30,C,21.8,,,,2.09,,,0,,OK
TH-02385,2026-07-30,C,21.8,,,,1.5,,,0,,warn
TH-02387,2026-07-30,C,21.8,,,,1.8,,,0,,OK
TH-02388,2026-07-30,C,21.8,,,,1.83,,,0,,
TH-02389,2026-07-30,C,21.8,,,50.2,1.88,,,0,,
TH-02395,2026-07-30,C,21.8,,,,1.59,,,0,ALM_HP_LOWFLOW,
TH-02396,2026-07-30,C,21.8,,,,1.12,,,0,,OK
TH-02397,2026-07-30,C,21.8,,,,1.14,,,0,,OK
TH-02398,2026-07-30,C,21.8,,,,1.22,,,0,ALM_HP_LOWFLOW,
TH-02399,2026-07-30,C,21.8,,,50.2,1.0,,,0,,OK
TH-02400,2026-07-30,C,21.8,,,,1.71,,,0,ALM_SM_LINK,warn
th-02008,2026-07-30,A,21.8,32.2,26.8,51.8,1.83,6.2,6,0,,ok
th-02019,2026-07-30,A,21.8,31.5,25.9,46.5,0.94,4.1,10,0,,ok
th-02021,2026-07-30,A,21.8,31.5,26.9,52.0,1.33,5.5,4,0,,ok
th-02040,2026-07-30,A,21.8,31.1,26.5,49.8,1.36,5.9,4,0,,OK
th-02050,2026-07-30,A,21.8,32.3,25.1,47.4,1.49,5.9,7,0,,ok
th-02051,2026-07-30,A,21.8,31.0,24.9,47.3,1.66,6.1,9,0,,OK
th-02055,2026-07-30,A,21.8,32.7,26.7,46.7,1.26,5.2,10,0,,OK
th-02103,2026-07-30,A,21.8,32.2,26.6,50.6,1.23,4.1,4,0,,OK
th-02126,2026-07-30,A,21.8,31.9,27.1,52.4,1.56,5.1,2,0,,ok
th-02129,2026-07-30,A,21.8,33.3,28.2,47.1,1.71,6.2,14,0,,ok
th-02138,2026-07-30,A,21.8,31.5,24.4,49.0,1.71,5.9,7,0,,OK
th-02187,2026-07-30,B,21.8,,,,13676.3,,9,0,6021,0
th-02202,2026-07-30,B,21.8,,,,13875.0,,10,0,,0
th-02234,2026-07-30,B,21.8,,,,13343.5,,11,0,6021,0
th-02235,2026-07-30,B,21.8,,,,22733.7,,16,0,6021,0
th-02265,2026-07-30,B,21.8,,,,22649.8,,39,0,6021,0
th-02277,2026-07-30,B,21.8,,,,17933.4,,5,0,6021,0
th-02288,2026-07-30,B,21.8,,,,5479.0,,10,0,,0
th-02299,2026-07-30,C,21.8,,,,0.87,,,0,,warn
th-02302,2026-07-30,C,21.8,,,,1.47,,,0,,
th-02307,2026-07-30,C,21.8,,,,0.85,,,0,,OK
th-02311,2026-07-30,C,21.8,,,,0.98,,,0,,
th-02313,2026-07-30,C,21.8,,,,0.8,,,0,,OK
th-02316,2026-07-30,C,21.8,,,,1.52,,,0,,OK
th-02340,2026-07-30,C,21.8,,,,1.96,,,0,,OK
th-02355,2026-07-30,C,21.8,,,,1.03,,,0,,OK
th-02358,2026-07-30,C,21.8,,,,1.64,,,0,,
th-02361,2026-07-30,C,21.8,,,,0.96,,,0,,warn
th-02366,2026-07-30,C,21.8,,,,0.79,,,0,,warn
th-02375,2026-07-30,C,21.8,,,,1.48,,,0,,
th-02380,2026-07-30,C,21.8,,,,1.75,,,0,,
th-02381,2026-07-30,C,21.8,,,,0.97,,,0,,warn
th-02393,2026-07-30,C,21.8,,,,1.26,,,0,,
